sentence_id,sentence,code_switch,aspect,opinion,valence,arousal
32,aap log bhi apne desh ko support karo aur india ke offline business ko support karo aur ek achcha insan bano justicefortraders,aap:HI log:HI bhi:HI apne:HI desh:HI ko:HI support:EN karo:HI aur:HI india:EN ke:HI offline:EN business:EN ko:HI support:EN karo:HI aur:HI ek:HI achcha:HI insan:HI bano:HI justicefortraders:HI,desh,support karo,0.816,0.561
206,uparseh kuch parents toh parrahi ko sab samjh keh itna paise bhar dete aur woh angrez log phirbih fee mangthe hai 4 some ppl its really hard toppers ko ehmiyat nai milti degrees wagera lene keh baad bih end meh bande ko apne appko sambalne keh liye yeh sab kuch nai kaam ata,uparseh:HI kuch:HI parents:EN toh:HI parrahi:HI ko:HI sab:HI samjh:HI keh:HI itna:HI paise:HI bhar:HI dete:HI aur:HI woh:HI angrez:HI log:HI phirbih:HI fee:EN mangthe:HI hai:HI 4:EN some:EN ppl:EN its:EN really:EN hard:EN toppers:EN ko:HI ehmiyat:HI nai:HI milti:HI degrees:EN wagera:HI lene:HI keh:HI baad:HI bih:EN end:EN meh:HI bande:HI ko:HI apne:HI appko:HI sambalne:HI keh:HI liye:HI yeh:HI sab:HI kuch:HI nai:HI kaam:HI ata:HI,parrahi,sab samjh keh itna paise bhar dete,0.35,0.45
401,nature ke liye toh jitna bhi likhiye utna hi kam hain kyunki uparwale ne nature ko itna pyaara banaya hain aur nature apne pyaarepan se hamesha khushi hi deta hain sabhi dekhiye ki tree ped ki ek tehni par pattiyaan bhi lagti hain phuul bhi khilte hain,nature:EN ke:HI liye:HI toh:HI jitna:HI bhi:HI likhiye:HI utna:HI hi:HI kam:HI hain:HI kyunki:HI uparwale:HI ne:HI nature:EN ko:HI itna:HI pyaara:HI banaya:HI hain:HI aur:HI nature:EN apne:HI pyaarepan:HI se:HI hamesha:HI khushi:HI hi:HI deta:HI hain:HI sabhi:HI dekhiye:HI ki:HI tree:EN ped:HI ki:HI ek:HI tehni:HI par:HI pattiyaan:HI bhi:HI lagti:HI hain:HI phuul:HI bhi:HI khilte:EN hain:HI,ped,ek tehni par pattiyaan bhi lagti hain phuul bhi khilte hain,0.732,0.386
49,har ek hindustani apne hindustani kam ko support karta hai isliye ham traders ko support kar rahe hain justicefortraders,har:HI ek:HI hindustani:HI apne:HI hindustani:HI kam:HI ko:HI support:EN karta:HI hai:HI isliye:HI ham:HI traders:EN ko:HI support:EN kar:HI rahe:HI hain:HI justicefortraders:HI,hindustani kam,support karta hai,0.796,0.536
456,sir mai private job krta hu bt income itna hi ho pata hai jis se ghar chal sake bt mai or jyada paisa kamana chahta hu taki apne sapno ko hakikat me badal saku apne desh ke liye olympic me gold medal jit saku pr koi rasta nhi mil rha,sir:HI mai:HI private:EN job:EN krta:HI hu:HI bt:HI income:EN itna:HI hi:HI ho:HI pata:HI hai:HI jis:HI se:HI ghar:HI chal:HI sake:HI bt:HI mai:HI or:EN jyada:HI paisa:HI kamana:HI chahta:HI hu:HI taki:HI apne:HI sapno:HI ko:HI hakikat:HI me:HI badal:HI saku:HI apne:HI desh:HI ke:HI liye:HI olympic:EN me:HI gold:EN medal:EN jit:HI saku:HI pr:EN koi:HI rasta:HI nhi:HI mil:HI rha:HI,job,private job krta hu bt income itna hi ho pata hai jis se ghar chal sake,0.518,0.484
158,bhai gunde hote to waha bhete bhete 500log apna jaan nhi gawate agar apne aap ko katat hindu bolte ho to hai himat apne govt ko bole ki goa me beef ban kyu nhi hai kaha gai hinduvad ki sarkar goa me beef ban kyu nhi karwa pa rhi hai bcoz inko sirf vote chaiye hinduo se matlb nhi,bhai:HI gunde:HI hote:HI to:HI waha:HI bhete:HI bhete:HI 500log:HI apna:HI jaan:HI nhi:HI gawate:HI agar:HI apne:HI aap:HI ko:HI katat:HI hindu:EN bolte:HI ho:HI to:HI hai:HI himat:HI apne:HI govt:EN ko:HI bole:HI ki:HI goa:EN me:HI beef:EN ban:EN kyu:HI nhi:HI hai:HI kaha:HI gai:HI hinduvad:HI ki:HI sarkar:HI goa:EN me:HI beef:EN ban:EN kyu:HI nhi:HI karwa:HI pa:HI rhi:HI hai:HI bcoz:EN inko:HI sirf:HI vote:EN chaiye:HI hinduo:HI se:HI matlb:HI nhi:HI,sarkar,hinduvad ki sarkar goa me beef ban kyu nhi karwa pa rhi hai,0.232,0.65
332,isliye yehi badi hai are to riste me koi hogi bihata ki nahi ab chhodo ye sab dhode din ke liye ladki ko apne ghar le jaiye aaega baad me lene ladka aur ladki ko samjhaiye meri bahan video dekh rahi thi main chali gai room me mai dekhi bhag ke bahar aagai chhi didi kya dekh rahi,isliye:HI yehi:HI badi:HI hai:HI are:EN to:EN riste:HI me:HI koi:HI hogi:HI bihata:HI ki:HI nahi:HI ab:HI chhodo:HI ye:HI sab:HI dhode:HI din:HI ke:HI liye:HI ladki:HI ko:HI apne:HI ghar:HI le:HI jaiye:HI aaega:HI baad:HI me:HI lene:HI ladka:HI aur:HI ladki:HI ko:HI samjhaiye:HI meri:HI bahan:HI video:EN dekh:HI rahi:HI thi:HI main:HI chali:HI gai:HI room:EN me:HI mai:HI dekhi:HI bhag:HI ke:HI bahar:HI aagai:HI chhi:HI didi:HI kya:HI dekh:HI rahi:HI,video,chhi didi kya dekh rahi,0.15,0.7
190,aman history ki kise padi h inhone apne fayde ke hisaab se pic share krdi sir ji buzurg h pension ka sahara b to chahiye islye lge rehte h dalali krne kya pta koi pad mil jaye,aman:HI history:EN ki:HI kise:HI padi:HI h:EN inhone:HI apne:HI fayde:HI ke:HI hisaab:HI se:HI pic:EN share:EN krdi:HI sir:HI ji:HI buzurg:HI h:EN pension:EN ka:HI sahara:EN b:EN to:EN chahiye:HI islye:HI lge:HI rehte:HI h:EN dalali:HI krne:HI kya:HI pta:HI koi:HI pad:HI mil:HI jaye:HI,history,kise padi h,0.35,0.4
457,mukesh sit mein aapse 101 sahmat hun aur agar mughalon ko etana achha kuchh aata to apne desh mein banakar khada karte ye sab hamaare saath etihasik dhokha hai desh ke adbhut mandir jinka koi kisi ko pata nahi hone diya saare jahan se achha hindostan hamara,mukesh:HI sit:EN mein:HI aapse:HI 101:EN sahmat:EN hun:HI aur:HI agar:HI mughalon:HI ko:HI etana:EN achha:HI kuchh:HI aata:HI to:HI apne:HI desh:HI mein:HI banakar:HI khada:HI karte:HI ye:HI sab:HI hamaare:HI saath:HI etihasik:HI dhokha:HI hai:HI desh:HI ke:HI adbhut:HI mandir:HI jinka:HI koi:HI kisi:HI ko:HI pata:HI nahi:HI hone:HI diya:HI saare:HI jahan:HI se:HI achha:HI hindostan:EN hamara:HI,mandir,desh ke adbhut mandir jinka koi kisi ko pata nahi hone diya,0.494,0.521
402,ab general kishan in 2000 se apne bachche ache school me padha sakta he jahan general hone ke naam par ushke bache sabshe jayada merit laaye aur sabshe jyada fee 2 se 3 lakh de kyoki usko jaatiwaad ke naam par aap log jitna daba rahe ho ab wo sochta hoga kyo india me paida hua,ab:HI general:EN kishan:HI in:EN 2000:EN se:HI apne:HI bachche:HI ache:HI school:EN me:HI padha:HI sakta:HI he:HI jahan:HI general:EN hone:HI ke:HI naam:HI par:HI ushke:HI bache:HI sabshe:HI jayada:HI merit:EN laaye:HI aur:HI sabshe:HI jyada:HI fee:EN 2:EN se:HI 3:EN lakh:HI de:HI kyoki:HI usko:HI jaatiwaad:HI ke:HI naam:HI par:HI aap:HI log:HI jitna:HI daba:HI rahe:HI ho:HI ab:HI wo:HI sochta:HI hoga:HI kyo:HI india:EN me:HI paida:HI hua:HI,india,kyo india me paida hua,0.05,0.8
187,ye kaam to manmohan singh ji hi kar skte hai kyonki vo future ke bare me sochte hai aap ke paas nafrat kaise falai jaye iske siva koi soch hai hi nhi ydi hoti na to aaj kisan bhai apne ghar pr hote na ki border pr baithe hote,ye:HI kaam:HI to:EN manmohan:HI singh:HI ji:HI hi:HI kar:HI skte:HI hai:HI kyonki:HI vo:HI future:EN ke:HI bare:HI me:HI sochte:HI hai:HI aap:HI ke:HI paas:HI nafrat:HI kaise:HI falai:HI jaye:HI iske:HI siva:HI koi:HI soch:HI hai:HI hi:HI nhi:HI ydi:HI hoti:HI na:HI to:HI aaj:HI kisan:HI bhai:HI apne:HI ghar:HI pr:EN hote:HI na:HI ki:HI border:EN pr:EN baithe:HI hote:HI,kaam,manmohan singh ji hi kar skte hai kyonki vo future ke bare me sochte hai,0.768,0.559
344,ye kesa pm h jo apne desh k logo k liye healthy anaj bhi nhi available kra pa rha h or apne advt m desh k logo ka paisa waist kiye ja rha h nhi sambhal rha h desh to kursi s utar kyu nhi jate ho 1947 m le jakr hi manoge kya utaro kursi s,ye:HI kesa:HI pm:EN h:EN jo:HI apne:HI desh:HI k:HI logo:EN k:HI liye:HI healthy:EN anaj:HI bhi:HI nhi:HI available:EN kra:HI pa:HI rha:HI h:EN or:EN apne:HI advt:HI m:EN desh:HI k:HI logo:EN ka:HI paisa:HI waist:EN kiye:HI ja:HI rha:HI h:EN nhi:HI sambhal:HI rha:HI h:EN desh:HI to:EN kursi:HI s:EN utar:HI kyu:HI nhi:HI jate:HI ho:HI 1947:EN m:EN le:HI jakr:HI hi:HI manoge:HI kya:HI utaro:HI kursi:HI s:EN,advt,desh k logo ka paisa waist kiye ja rha h,0.278,0.586
567,to tu hi to apne dharam se hata hai sikhs were the rulers of undivided punjab and j amp k mere laal history padh kaun bhikhari aur kaun raja,to:HI tu:HI hi:HI to:HI apne:HI dharam:HI se:HI hata:HI hai:HI sikhs:EN were:EN the:EN rulers:EN of:EN undivided:EN punjab:HI and:EN j:EN amp:EN k:HI mere:HI laal:HI history:EN padh:HI kaun:HI bhikhari:EN aur:HI kaun:HI raja:HI,dharam,apne dharam se hata hai,0.25,0.65
19,malik bhut riyaat ki hai apne wo pmln ko itna gira dainge k vote mangna be mushkil ho jayga ink ly pmln aik trf deal ar dosri trf inkalab dno lollipop aik sth khana chati hai jo mumkin ni,malik:HI bhut:HI riyaat:HI ki:HI hai:HI apne:HI wo:HI pmln:EN ko:HI itna:HI gira:HI dainge:HI k:HI vote:EN mangna:HI be:EN mushkil:HI ho:HI jayga:HI ink:EN ly:HI pmln:EN aik:HI trf:EN deal:EN ar:EN dosri:HI trf:EN inkalab:HI dno:EN lollipop:EN aik:HI sth:EN khana:HI chati:HI hai:HI jo:HI mumkin:HI ni:HI,pmln,dno lollipop aik sth khana chati hai jo mumkin ni,0.18,0.75
38,kashmir yhi socha or kha hoga mere pitaji rashtrwadi hai apne hindusthan or sanatan sanskriti ko bachane k liye yudh kr rhe hai,kashmir:HI yhi:HI socha:HI or:EN kha:HI hoga:HI mere:HI pitaji:HI rashtrwadi:HI hai:HI apne:HI hindusthan:EN or:EN sanatan:HI sanskriti:HI ko:HI bachane:HI k:HI liye:HI yudh:HI kr:EN rhe:HI hai:HI,hindusthan,bachane k liye yudh kr rhe hai,0.75,0.75
585,aap apni nazron ki fikr karo uss k parday ki fikr uss pe chorro sb apne apne amaal k zimedar hain hisaab kitab allah ka kaam hai aap ka ya mera nahi aur dilon ka haal b sirf allah janta hai apko munkir nakeer kisi ne nahi rakha hua k dusron ka swab o jaza ginte raho beth k,aap:HI apni:HI nazron:HI ki:HI fikr:HI karo:HI uss:HI k:HI parday:HI ki:HI fikr:HI uss:HI pe:HI chorro:HI sb:EN apne:HI apne:HI amaal:HI k:HI zimedar:HI hain:HI hisaab:HI kitab:HI allah:HI ka:HI kaam:HI hai:HI aap:HI ka:HI ya:HI mera:HI nahi:HI aur:HI dilon:HI ka:HI haal:HI b:EN sirf:HI allah:HI janta:HI hai:HI apko:HI munkir:HI nakeer:HI kisi:HI ne:HI nahi:HI rakha:HI hua:HI k:HI dusron:HI ka:HI swab:EN o:EN jaza:HI ginte:HI raho:HI beth:HI k:HI,nazron,apni nazron ki fikr karo,0.45,0.55
28,sid sidhearts ke pass itna time nhi h hm apne ideal me busy h but hote to itna sa markar insta pr rone ke layk nhi chodhte,sid:EN sidhearts:HI ke:HI pass:EN itna:HI time:EN nhi:HI h:EN hm:HI apne:HI ideal:EN me:HI busy:EN h:EN but:EN hote:HI to:HI itna:HI sa:HI markar:HI insta:EN pr:EN rone:HI ke:HI layk:HI nhi:HI chodhte:HI,ideal,busy h,0.526,0.475
506,hafeez ye jo mulk loot k bahir bhaag jatay hain or waha lavish life live ker ruhay hotay hain in ki sub se buri give away jo in ko expose ker daiti adut pata ha kia hoti self righteousness or ye us main itna indulged hotay hain k phir in ko hur bunda hi ghulat lugta apne siwa,hafeez:EN ye:HI jo:HI mulk:HI loot:EN k:HI bahir:HI bhaag:HI jatay:HI hain:HI or:EN waha:HI lavish:EN life:EN live:EN ker:HI ruhay:HI hotay:HI hain:HI in:EN ki:HI sub:EN se:HI buri:HI give:EN away:EN jo:HI in:EN ko:HI expose:EN ker:HI daiti:HI adut:HI pata:HI ha:HI kia:HI hoti:HI self:EN righteousness:EN or:EN ye:HI us:HI main:HI itna:HI indulged:EN hotay:HI hain:HI k:HI phir:HI in:EN ko:HI hur:HI bunda:EN hi:HI ghulat:HI lugta:HI apne:HI siwa:HI,self righteousness,itna indulged hotay hain k phir in ko hur bunda hi ghulat lugta apne siwa,0.442,0.773
576,esa karne walo ka kuch nhi ho skta upper caste dusro se jalne me he barbaad ho seats hoti h unke liye ye pdh nhi pate jo reserved h uspe tym waste krte h bahana mil gya apne inability chupane ka,esa:HI karne:HI walo:HI ka:HI kuch:HI nhi:HI ho:HI skta:HI upper:EN caste:EN dusro:HI se:HI jalne:HI me:HI he:HI barbaad:HI ho:HI seats:EN hoti:HI h:EN unke:HI liye:HI ye:HI pdh:EN nhi:HI pate:HI jo:HI reserved:EN h:EN uspe:HI tym:HI waste:EN krte:HI h:EN bahana:HI mil:HI gya:HI apne:HI inability:EN chupane:HI ka:HI,upper caste,dusro se jalne me he barbaad,0.478,0.625
19,malik bhut riyaat ki hai apne wo pmln ko itna gira dainge k vote mangna be mushkil ho jayga ink ly pmln aik trf deal ar dosri trf inkalab dno lollipop aik sth khana chati hai jo mumkin ni,malik:HI bhut:HI riyaat:HI ki:HI hai:HI apne:HI wo:HI pmln:EN ko:HI itna:HI gira:HI dainge:HI k:HI vote:EN mangna:HI be:EN mushkil:HI ho:HI jayga:HI ink:EN ly:HI pmln:EN aik:HI trf:EN deal:EN ar:EN dosri:HI trf:EN inkalab:HI dno:EN lollipop:EN aik:HI sth:EN khana:HI chati:HI hai:HI jo:HI mumkin:HI ni:HI,vote mangna,mushkil ho jayga,0.2,0.65
587,major dhyanchand ko bharat ratna award na milna bharat ratna ka hi apmaan h ab koi farq nhi padta dhyanchand apne usoolon k liye bhi jaane jaate rahenge,major:EN dhyanchand:EN ko:HI bharat:HI ratna:HI award:EN na:HI milna:HI bharat:HI ratna:HI ka:HI hi:HI apmaan:HI h:EN ab:HI koi:HI farq:HI nhi:HI padta:HI dhyanchand:EN apne:HI usoolon:HI k:HI liye:HI bhi:HI jaane:HI jaate:HI rahenge:HI,Dhyanchand,apne usoolon k liye bhi jaane jaate rahenge,0.85,0.4
511,cricket bhai ek baat clear kar dun tum rohit ke fan hoge isliye negtv baat kar rhe ho main team india ka fan hoon mere liye virat rohit sekhar kl bhubi jasprit sab ek saman hai tum apna logic apne pass rkhna,cricket:EN bhai:HI ek:HI baat:HI clear:EN kar:HI dun:HI tum:HI rohit:HI ke:HI fan:EN hoge:HI isliye:HI negtv:HI baat:HI kar:HI rhe:HI ho:HI main:EN team:EN india:EN ka:HI fan:EN hoon:HI mere:HI liye:HI virat:HI rohit:HI sekhar:HI kl:EN bhubi:HI jasprit:HI sab:HI ek:HI saman:HI hai:HI tum:HI apna:HI logic:EN apne:HI pass:EN rkhna:HI,rohit,rohit ke fan hoge isliye negtv baat kar rhe ho,0.616,0.49
73,ind ye mandir masjid mein reh gaya bharat ka naam tabhi badhega jb development hoga satta nai desh sambhalna seekhao apne guruji ko,ind:EN ye:HI mandir:HI masjid:HI mein:HI reh:HI gaya:HI bharat:HI ka:HI naam:HI tabhi:HI badhega:HI jb:EN development:EN hoga:HI satta:HI nai:HI desh:HI sambhalna:HI seekhao:HI apne:HI guruji:HI ko:HI,guruji,satta nai desh sambhalna seekhao,0.15,0.75
111,poison girl tweets okh bye boy adorable sun baig11 mtlb me annay purii han kia pichli dfa shikayat ki bhai apne,poison:EN girl:EN tweets:EN okh:EN bye:EN boy:EN adorable:EN sun:HI baig11:HI mtlb:HI me:HI annay:HI purii:HI han:HI kia:HI pichli:HI dfa:EN shikayat:HI ki:HI bhai:HI apne:HI,tweets,poison girl tweets,0.291,0.58
18,jamaat walon par to kejriwal ko fir ki badi jaldi thi ab kal jo hua uska kya apne logon se laraya h jo koi dar h,jamaat:EN walon:HI par:HI to:EN kejriwal:EN ko:HI fir:HI ki:HI badi:HI jaldi:HI thi:HI ab:HI kal:HI jo:HI hua:HI uska:HI kya:HI apne:HI logon:HI se:HI laraya:HI h:EN jo:HI koi:HI dar:HI h:EN,kejriwal,apne logon se laraya h,0.2,0.75
59,teekhan pm iske leader ne abhi bhi apne handle mein cm rakha hua hai ye to phir pm tha,teekhan:HI pm:EN iske:HI leader:EN ne:HI abhi:HI bhi:HI apne:HI handle:EN mein:HI cm:EN rakha:HI hua:HI hai:HI ye:HI to:HI phir:HI pm:EN tha:HI,pm,ye to phir pm tha,0.25,0.62
343,sony walo humne tracker lga liya h apne andar app pr nazar h humari plz show dedo we want ipzn2,sony:EN walo:HI humne:HI tracker:EN lga:HI liya:HI h:EN apne:HI andar:HI app:EN pr:EN nazar:HI h:EN humari:HI plz:EN show:EN dedo:HI we:EN want:EN ipzn2:HI,show,plz show dedo,0.514,0.629
221,who has seen god food parmatma apne atmaon ko kabhi kasht nahin hone dete jo unki sharan mein hain call braham jo 84 lakh yoni mein dal ke rakhta hai hai vah unhen 84 lakh yoni se nikalne nahin deta purn parmatma unhen apni bhakti dekar nikale jaate hain gyan ganga padhen,who:EN has:EN seen:EN god:EN food:EN parmatma:EN apne:HI atmaon:HI ko:HI kabhi:HI kasht:HI nahin:HI hone:HI dete:HI jo:HI unki:HI sharan:HI mein:HI hain:HI call:EN braham:EN jo:HI 84:EN lakh:HI yoni:HI mein:HI dal:HI ke:HI rakhta:HI hai:HI hai:HI vah:HI unhen:HI 84:EN lakh:HI yoni:HI se:HI nikalne:HI nahin:HI deta:HI purn:HI parmatma:EN unhen:HI apni:HI bhakti:HI dekar:HI nikale:HI jaate:HI hain:HI gyan:HI ganga:HI padhen:HI,parmatma,apne atmaon ko kabhi kasht nahin hone dete,0.769,0.396
205,main apne boss or unke uncut dosto k sath hmesha krti hu,main:HI apne:HI boss:EN or:EN unke:HI uncut:EN dosto:HI k:HI sath:HI hmesha:HI krti:HI hu:HI,dosto,hmesha krti hu,0.45,0.3
466,india beta meri english thik h jake google translate kr le or rhi baat modi v un politician k naam htakar apne naam kr leta hai to fark kya rah gya dono me chokidar hi chor h na pta h na or ha english ka paisa tum duba diya yaar modi dudh ka dhula nhi h double stranded person h,india:EN beta:HI meri:HI english:EN thik:HI h:EN jake:HI google:EN translate:EN kr:EN le:HI or:EN rhi:HI baat:HI modi:HI v:EN un:HI politician:EN k:HI naam:HI htakar:HI apne:HI naam:HI kr:EN leta:HI hai:HI to:HI fark:HI kya:HI rah:HI gya:HI dono:HI me:HI chokidar:HI hi:HI chor:HI h:EN na:HI pta:HI h:EN na:HI or:EN ha:HI english:EN ka:HI paisa:HI tum:HI duba:HI diya:HI yaar:HI modi:HI dudh:HI ka:HI dhula:HI nhi:HI h:EN double:EN stranded:EN person:EN h:EN,modi,dudh ka dhula nhi h double stranded person h,0.319,0.575
573,tere jaise mandbudhi logo ko ab koi puchta nhi tumhara propaganda ye ghisa pita dialogue ab nhi chalega mere pyare ghonchumal isliye ab apne gyan ko dalo apni gand me shanti tum logo se nhi aa sakti tum logo se sirf gulami aa sakti ha jo pahle bhi aa chuki ha,tere:HI jaise:HI mandbudhi:HI logo:EN ko:HI ab:HI koi:HI puchta:HI nhi:HI tumhara:HI propaganda:EN ye:HI ghisa:EN pita:HI dialogue:EN ab:HI nhi:HI chalega:HI mere:HI pyare:HI ghonchumal:HI isliye:HI ab:HI apne:HI gyan:HI ko:HI dalo:HI apni:HI gand:HI me:HI shanti:HI tum:HI logo:EN se:HI nhi:HI aa:HI sakti:HI tum:HI logo:EN se:HI sirf:HI gulami:HI aa:HI sakti:HI ha:HI jo:HI pahle:HI bhi:HI aa:HI chuki:HI ha:HI,gyan,dalo apni gand me,0.02,0.85
272,nasir bhai unsai puchna keh pichle saal wali 12th class ko apne boht relief dia tha tamam subjects mai students ko pass kardya jaega koi fail nahi hua last year 12th ma aur 20 grace marks bhi diye tha yeh hamare sath nainsafi hai,nasir:HI bhai:HI unsai:HI puchna:HI keh:HI pichle:HI saal:HI wali:HI 12th:EN class:EN ko:HI apne:HI boht:HI relief:EN dia:EN tha:HI tamam:HI subjects:EN mai:HI students:EN ko:HI pass:EN kardya:HI jaega:HI koi:HI fail:EN nahi:HI hua:HI last:EN year:EN 12th:EN ma:HI aur:HI 20:EN grace:EN marks:EN bhi:HI diye:HI tha:HI yeh:HI hamare:HI sath:HI nainsafi:HI hai:HI,subjects,tamam subjects mai students ko pass kardya jaega,0.355,0.512
110,mko kya problem hogi apne squad ko boldo sid ko troll karna band kardo hum asim ko troll karna band kar denge,mko:EN kya:HI problem:EN hogi:HI apne:HI squad:EN ko:HI boldo:HI sid:EN ko:HI troll:EN karna:HI band:HI kardo:HI hum:HI asim:HI ko:HI troll:EN karna:HI band:HI kar:HI denge:HI,sid,troll karna band kardo,0.457,0.595
7,sanvee arre haan yaar agar ek baar hindu saare marne pe utre na to saale jo ye uchalte h na chup chap apne gharo me baithenge,sanvee:HI arre:HI haan:HI yaar:HI agar:HI ek:HI baar:HI hindu:EN saare:HI marne:HI pe:HI utre:HI na:HI to:HI saale:HI jo:HI ye:HI uchalte:HI h:EN na:HI chup:HI chap:EN apne:HI gharo:HI me:HI baithenge:HI,hindu,saare marne pe utre,0.25,0.85
44,haye haye vishal ji ko arshad ki bhot yad aari h request to neerajchopra ki apne javelin pe vishal ji ko bithake arshad k pas forever k liye bhejdo lt 3 bhot ehsan rahega deshwasio par aapka,haye:HI haye:HI vishal:HI ji:HI ko:HI arshad:HI ki:HI bhot:HI yad:HI aari:HI h:EN request:EN to:EN neerajchopra:HI ki:HI apne:HI javelin:EN pe:HI vishal:HI ji:HI ko:HI bithake:HI arshad:HI k:HI pas:HI forever:EN k:HI liye:HI bhejdo:HI lt:EN 3:EN bhot:HI ehsan:HI rahega:HI deshwasio:HI par:HI aapka:HI,vishal ji,javelin pe vishal ji ko bithake arshad k pas forever k liye bhejdo,0.15,0.75
6,when i send this i mean this haan maalum hai chal apne baap ko mat sikha,when:EN i:EN send:EN this:EN i:EN mean:EN this:EN haan:HI maalum:HI hai:HI chal:HI apne:HI baap:HI ko:HI mat:HI sikha:HI,sikha,haan maalum hai chal apne baap ko mat sikha,0.33,0.485
598,sir ap buhat sincere hai apne kaam ko leke no doubt but sir ek request hai jo b directives ap issue kre covid kelye uspr implementation b karwaye na tu pvt offices taiyar hai staff minimum bulane ko na apke govt office wale please apne govt office mai tu sops implement karwaale,sir:HI ap:HI buhat:HI sincere:EN hai:HI apne:HI kaam:HI ko:HI leke:HI no:EN doubt:EN but:EN sir:EN ek:HI request:EN hai:HI jo:HI b:EN directives:EN ap:HI issue:EN kre:HI covid:HI kelye:HI uspr:HI implementation:EN b:EN karwaye:HI na:HI tu:HI pvt:EN offices:EN taiyar:HI hai:HI staff:EN minimum:EN bulane:HI ko:HI na:HI apke:HI govt:EN office:EN wale:HI please:EN apne:HI govt:EN office:EN mai:HI tu:HI sops:EN implement:EN karwaale:HI,directives,implementation b karwaye,0.508,0.57
431,haa ache se acting mat karvaana ache kapde nahi dena ache makeup nahi dena ache dialogues nahi dena ache story bhi nahi dena lekin promo zaroor dena oh bhai promo apne paas hi rakhiye aapke aur bhi shows hai jinhe promos chahiye ghumhaikisikeypyaarmeiin,haa:HI ache:HI se:HI acting:EN mat:HI karvaana:HI ache:HI kapde:HI nahi:HI dena:HI ache:HI makeup:EN nahi:HI dena:HI ache:HI dialogues:EN nahi:HI dena:HI ache:HI story:EN bhi:HI nahi:HI dena:HI lekin:HI promo:EN zaroor:HI dena:HI oh:EN bhai:HI promo:EN apne:HI paas:HI hi:HI rakhiye:HI aapke:HI aur:HI bhi:HI shows:EN hai:HI jinhe:HI promos:EN chahiye:HI ghumhaikisikeypyaarmeiin:HI,promo,promo apne paas hi rakhiye,0.1,0.75
538,kal phone poora time haath mein rhega apne koi risk nahin lene ka apne ko jimin ka live miss nahin krna hai ekdm bhi,kal:HI phone:EN poora:HI time:EN haath:HI mein:HI rhega:HI apne:HI koi:HI risk:EN nahin:HI lene:HI ka:HI apne:HI ko:HI jimin:EN ka:HI live:EN miss:EN nahin:HI krna:HI hai:HI ekdm:HI bhi:HI,phone,poora time haath mein rhega apne koi risk nahin lene ka,0.574,0.582
270,ajittyagi yha sasta mahnga ki baat nhi baat ye h ki govt govt compies ko berbaad kr rhi hai aur apne frnds ko aage badha rhi hai,ajittyagi:HI yha:HI sasta:HI mahnga:HI ki:HI baat:HI nhi:HI baat:HI ye:HI h:EN ki:HI govt:EN govt:EN compies:HI ko:HI berbaad:HI kr:EN rhi:HI hai:HI aur:HI apne:HI frnds:EN ko:HI aage:HI badha:HI rhi:HI hai:HI,govt,compies ko berbaad kr rhi hai aur apne frnds ko aage badha rhi hai,0.05,0.75
242,7 wo kehte h na aap apne pyar ko 100 mile dur se bhi dkh skte,7:EN wo:HI kehte:HI h:EN na:HI aap:HI apne:HI pyar:HI ko:HI 100:EN mile:EN dur:HI se:HI bhi:HI dkh:HI skte:HI,pyar,apne pyar ko 100 mile dur se bhi dkh skte,0.586,0.433
472,07 dunder le le apne where the sun doesn t shine,07:EN dunder:EN le:HI le:HI apne:HI where:EN the:EN sun:HI doesn:EN t:EN shine:EN,07,dunder le le apne where the sun doesn t shine,0.365,0.667
565,ajeeb dunia ha dousru ki maa behun bv baiti ki tazleel ker k khush hotay hain or jub apne sath ho tu humderdi dhoond ruhay hotay hain ki ger ki orut k sath aisi giri hoi hurkat hoi tu phir rona cheehana ethics moral seekhana daikhnay like ho ga pura likha jahil,ajeeb:HI dunia:HI ha:HI dousru:HI ki:HI maa:HI behun:HI bv:EN baiti:HI ki:HI tazleel:HI ker:HI k:HI khush:HI hotay:HI hain:HI or:EN jub:HI apne:HI sath:HI ho:HI tu:HI humderdi:HI dhoond:HI ruhay:HI hotay:HI hain:HI ki:HI ger:HI ki:HI orut:HI k:HI sath:HI aisi:HI giri:HI hoi:HI hurkat:HI hoi:HI tu:HI phir:HI rona:HI cheehana:HI ethics:EN moral:EN seekhana:HI daikhnay:HI like:EN ho:HI ga:HI pura:HI likha:HI jahil:HI,jahil,pura likha,0.08,0.75
221,who has seen god food parmatma apne atmaon ko kabhi kasht nahin hone dete jo unki sharan mein hain call braham jo 84 lakh yoni mein dal ke rakhta hai hai vah unhen 84 lakh yoni se nikalne nahin deta purn parmatma unhen apni bhakti dekar nikale jaate hain gyan ganga padhen,who:EN has:EN seen:EN god:EN food:EN parmatma:EN apne:HI atmaon:HI ko:HI kabhi:HI kasht:HI nahin:HI hone:HI dete:HI jo:HI unki:HI sharan:HI mein:HI hain:HI call:EN braham:EN jo:HI 84:EN lakh:HI yoni:HI mein:HI dal:HI ke:HI rakhta:HI hai:HI hai:HI vah:HI unhen:HI 84:EN lakh:HI yoni:HI se:HI nikalne:HI nahin:HI deta:HI purn:HI parmatma:EN unhen:HI apni:HI bhakti:HI dekar:HI nikale:HI jaate:HI hain:HI gyan:HI ganga:HI padhen:HI,purn parmatma,apni bhakti dekar nikale jaate hain,0.9,0.45
91,shameful me jeete aise to 25 off 20 bhi shameful ye shameful hai asif ki mom nhi asif ki aik 40 btayi apne wo nhi dikhta,shameful:EN me:HI jeete:HI aise:HI to:EN 25:EN off:EN 20:EN bhi:HI shameful:EN ye:HI shameful:EN hai:HI asif:HI ki:HI mom:EN nhi:HI asif:HI ki:HI aik:HI 40:EN btayi:HI apne:HI wo:HI nhi:HI dikhta:HI,batting,shameful me jeete aise to 25 off 20 bhi shameful ye shameful hai,0.132,0.679
166,in khiladiyon ne hamen kya diya hai main yah bhi janna chahta hun hamari desh musibat mein the tabiyat khiladi laga apne ghar mein chupchap baithe the ine khiladiyon ke liye ham tali bajate hain lekin khiladiyon ne hamare liye kya rupaye the desh ka ek hero hai sonu bhaiya,in:EN khiladiyon:HI ne:HI hamen:HI kya:HI diya:HI hai:HI main:HI yah:HI bhi:HI janna:HI chahta:HI hun:HI hamari:HI desh:HI musibat:HI mein:HI the:EN tabiyat:HI khiladi:HI laga:HI apne:HI ghar:HI mein:HI chupchap:HI baithe:HI the:HI ine:EN khiladiyon:HI ke:HI liye:HI ham:HI tali:HI bajate:HI hain:HI lekin:HI khiladiyon:HI ne:HI hamare:HI liye:HI kya:HI rupaye:HI the:EN desh:HI ka:HI ek:HI hero:EN hai:HI sonu:HI bhaiya:HI,khiladiyon,apne ghar mein chupchap baithe the,0.12,0.75
453,please ab aajtaksports pr koi or acha chehra laiye bor hogye hain vikrant gupta se bahut bor krta hai ab to indiansports bhi badlega please vikrant gupta ko off camera kr do ye ab faltu bakswas jyada krta hai apne hi kisse sunata rehta aajtak cheers4india olympics,please:EN ab:HI aajtaksports:HI pr:EN koi:HI or:EN acha:HI chehra:HI laiye:HI bor:EN hogye:HI hain:HI vikrant:HI gupta:HI se:HI bahut:HI bor:EN krta:HI hai:HI ab:HI to:HI indiansports:HI bhi:HI badlega:HI please:EN vikrant:HI gupta:HI ko:HI off:EN camera:EN kr:EN do:EN ye:HI ab:HI faltu:HI bakswas:HI jyada:HI krta:HI hai:HI apne:HI hi:HI kisse:HI sunata:HI rehta:HI aajtak:HI cheers4india:HI olympics:EN,chehra,koi or acha chehra laiye bor hogye hain,0.1,0.7
61,mai dholak sir ko mandir chhod aata waha pandit apne trike se baja dete iss dholki wale ko sir waise kanpur mai kya kr rhe ho dholakpur chle jaao chhota bheem intezar kar raha hoga aapka,mai:HI dholak:EN sir:EN ko:HI mandir:HI chhod:HI aata:HI waha:HI pandit:HI apne:HI trike:EN se:HI baja:HI dete:HI iss:HI dholki:EN wale:HI ko:HI sir:EN waise:HI kanpur:HI mai:HI kya:HI kr:EN rhe:HI ho:HI dholakpur:HI chle:HI jaao:HI chhota:HI bheem:HI intezar:HI kar:HI raha:HI hoga:HI aapka:HI,dholak sir,mandir chhod aata waha pandit apne trike se baja dete,0.15,0.7
481,suno madam aapko aitraaz hai agar jai shree ram kehne me toh aap apne muh par taala laga lo par ye tukde tukde gang wala kaam chhod do kyunki 4 din ki chaandni fir andheri raat apni aukat par aaogi vapas tum jnu ki bigdi aulad baaz aa jao,suno:HI madam:EN aapko:HI aitraaz:HI hai:HI agar:HI jai:HI shree:HI ram:EN kehne:HI me:HI toh:HI aap:HI apne:HI muh:HI par:HI taala:HI laga:HI lo:HI par:HI ye:HI tukde:HI tukde:HI gang:EN wala:HI kaam:HI chhod:HI do:HI kyunki:HI 4:EN din:HI ki:HI chaandni:HI fir:HI andheri:HI raat:HI apni:HI aukat:HI par:HI aaogi:HI vapas:HI tum:HI jnu:HI ki:HI bigdi:HI aulad:HI baaz:HI aa:HI jao:HI,kaam,tukde tukde gang wala kaam chhod do,0.247,0.774
139,apne dil ka darwaja ringtone free download,apne:HI dil:HI ka:HI darwaja:HI ringtone:EN free:EN download:EN,ringtone,free download,0.625,0.397
192,apne khobsorat mamu zad bhai zulfiqar abdull shakoor khan or khala zad bhai saqlen mir kesath unke ghar main chand aks,apne:HI khobsorat:HI mamu:HI zad:EN bhai:HI zulfiqar:EN abdull:HI shakoor:EN khan:EN or:EN khala:HI zad:EN bhai:HI saqlen:HI mir:HI kesath:HI unke:HI ghar:HI main:HI chand:HI aks:HI,mamu zad bhai,khobsorat,0.85,0.3
499,a galti karne ke baad har koi aise kehta hain s mein sab jaise nahi hoon samji a hanji fd naa ji na shaurya sabherwal kisi jesa hai na anokhi bhalla ke jesa koi hai bus lage raho apne me duniya se bekhabar shauryaauranokhikikahani fansdemandsaakks2,a:EN galti:HI karne:HI ke:HI baad:HI har:HI koi:HI aise:HI kehta:HI hain:HI s:EN mein:HI sab:HI jaise:HI nahi:HI hoon:HI samji:HI a:EN hanji:HI fd:EN naa:HI ji:HI na:HI shaurya:HI sabherwal:HI kisi:HI jesa:HI hai:HI na:HI anokhi:HI bhalla:HI ke:HI jesa:HI koi:HI hai:HI bus:EN lage:HI raho:HI apne:HI me:HI duniya:HI se:HI bekhabar:HI shauryaauranokhikikahani:HI fansdemandsaakks2:HI,kahaani,shauryaauranokhikikahani,0.5,0.4
319,bhaiya ji app rehne do politics mei apka tab pta chl gya tha jab aaap silent the gov ko question krne k bjaye chaatne ki klla full kri apne i m your viewer i usually don t care about ur political view but u r one sided,bhaiya:HI ji:HI app:EN rehne:HI do:HI politics:EN mei:HI apka:HI tab:HI pta:HI chl:HI gya:HI tha:HI jab:HI aaap:HI silent:EN the:EN gov:EN ko:HI question:EN krne:HI k:HI bjaye:HI chaatne:HI ki:HI klla:HI full:EN kri:EN apne:HI i:EN m:EN your:EN viewer:EN i:EN usually:EN don:EN t:EN care:EN about:EN ur:EN political:EN view:EN but:EN u:EN r:EN one:EN sided:EN,political view,one sided,0.31,0.548
216,pehli baar 10 min dekha bbott aur apne pe gussa aa rha kyu dekha sab ke sab drama kar rhe h abhi tak kuch buht shareef ban rhe h aur kuch chilla rhe h after 2 week in rkv style shuru ke hafte the na bhai sab sharafat se aa rhe the ab sab ki sharafat bahr aa rahi hain,pehli:HI baar:HI 10:EN min:EN dekha:HI bbott:HI aur:HI apne:HI pe:HI gussa:HI aa:HI rha:HI kyu:HI dekha:HI sab:HI ke:HI sab:HI drama:EN kar:HI rhe:HI h:EN abhi:HI tak:HI kuch:HI buht:HI shareef:HI ban:HI rhe:HI h:EN aur:HI kuch:HI chilla:HI rhe:HI h:EN after:EN 2:EN week:EN in:EN rkv:HI style:EN shuru:HI ke:HI hafte:HI the:EN na:HI bhai:HI sab:HI sharafat:HI se:HI aa:HI rhe:HI the:HI ab:HI sab:HI ki:HI sharafat:HI bahr:HI aa:HI rahi:HI hain:HI,drama,sab ke sab drama kar rhe h,0.315,0.703
246,hn hum tum home pyari bhen saneha softheart ap space bnate hi rozzzz iti late ho tb tk me so gai hoti hn sobha jldi othna hota he is liye ap plz apne bache jldi solaa lia kre na kr jldi bna lia kre space fir ao gi me,hn:HI hum:HI tum:HI home:EN pyari:HI bhen:HI saneha:HI softheart:HI ap:HI space:EN bnate:HI hi:HI rozzzz:HI iti:HI late:EN ho:HI tb:EN tk:HI me:HI so:EN gai:HI hoti:HI hn:HI sobha:HI jldi:HI othna:HI hota:HI he:HI is:EN liye:HI ap:HI plz:EN apne:HI bache:HI jldi:HI solaa:HI lia:HI kre:HI na:HI kr:EN jldi:HI bna:HI lia:HI kre:HI space:EN fir:HI ao:HI gi:HI me:HI,bache,jldi solaa lia kre,0.5,0.4
190,aman history ki kise padi h inhone apne fayde ke hisaab se pic share krdi sir ji buzurg h pension ka sahara b to chahiye islye lge rehte h dalali krne kya pta koi pad mil jaye,aman:HI history:EN ki:HI kise:HI padi:HI h:EN inhone:HI apne:HI fayde:HI ke:HI hisaab:HI se:HI pic:EN share:EN krdi:HI sir:HI ji:HI buzurg:HI h:EN pension:EN ka:HI sahara:EN b:EN to:EN chahiye:HI islye:HI lge:HI rehte:HI h:EN dalali:HI krne:HI kya:HI pta:HI koi:HI pad:HI mil:HI jaye:HI,pad,kya pta koi mil jaye,0.2,0.65
385,abe apne age k saare lrke juniors ko date krege tw hmlg single hi rhege na,abe:HI apne:HI age:EN k:HI saare:HI lrke:HI juniors:EN ko:HI date:EN krege:HI tw:HI hmlg:HI single:EN hi:HI rhege:HI na:HI,hmlg,single hi rhege,0.406,0.537
497,ye sb log apne ghr pr ye kaam krte h,ye:HI sb:EN log:HI apne:HI ghr:HI pr:EN ye:HI kaam:HI krte:HI h:EN,ye sb log,apne ghr pr ye kaam krte h,0.5,0.4
534,dhuup nikalti hain apne saath subah mein roshnii laati hui haryali phuul pattiyaan khilte hain phuulon pe birds butterflies baithti hain rang birangi titiliyaan fly karti rehti hain uparwale ne dharti kitni pyaari banayi hain dekhiye nature ne phuulon ko kitna pyaara,dhuup:HI nikalti:HI hain:HI apne:HI saath:HI subah:HI mein:HI roshnii:HI laati:HI hui:HI haryali:EN phuul:HI pattiyaan:HI khilte:EN hain:HI phuulon:HI pe:HI birds:EN butterflies:EN baithti:HI hain:HI rang:EN birangi:EN titiliyaan:HI fly:EN karti:HI rehti:HI hain:HI uparwale:HI ne:HI dharti:HI kitni:HI pyaari:HI banayi:HI hain:HI dekhiye:HI nature:EN ne:HI phuulon:HI ko:HI kitna:HI pyaara:HI,nature,phuulon ko kitna pyaara,0.92,0.55
52,y congres hindu berodhi h yse hi thodehi kharab pati ban gaye antonio mayno nakli gandhi parewar y kabhi apne abba jaan ke abba phiroz khan ki mazar pr gaye h nahi,y:EN congres:EN hindu:EN berodhi:HI h:EN yse:HI hi:HI thodehi:HI kharab:HI pati:HI ban:HI gaye:HI antonio:EN mayno:HI nakli:HI gandhi:HI parewar:HI y:EN kabhi:HI apne:HI abba:HI jaan:HI ke:HI abba:HI phiroz:HI khan:EN ki:HI mazar:EN pr:EN gaye:HI h:EN nahi:HI,nakli gandhi parewar,kabhi apne abba jaan ke abba phiroz khan ki mazar pr gaye h nahi,0.34,0.621
426,good evening friends mubark ho aap sab ko aap logo ki mehnat rang lai hai big boss song pe 10 m done sabse bada thanks unko jo apne aapko asim ka sabse bada fan batate hai yaha ke 5 6 log to bilkul bhi nhi aaye song pe rahul maaz ronak or me khud asimriaz asimsquad,good:EN evening:EN friends:EN mubark:HI ho:HI aap:HI sab:HI ko:HI aap:HI logo:EN ki:HI mehnat:HI rang:EN lai:HI hai:HI big:EN boss:EN song:EN pe:HI 10:EN m:EN done:EN sabse:HI bada:HI thanks:EN unko:HI jo:HI apne:HI aapko:HI asim:HI ka:HI sabse:HI bada:HI fan:EN batate:HI hai:HI yaha:HI ke:HI 5:EN 6:EN log:HI to:HI bilkul:HI bhi:HI nhi:HI aaye:HI song:EN pe:HI rahul:HI maaz:EN ronak:HI or:EN me:HI khud:HI asimriaz:HI asimsquad:HI,mehnat,rang lai hai,0.728,0.742
336,rkv things slays same even i had good vibes from eijaz but baadme chicha irritate karne lage aur apne champ ne jo dhamaka kia sab dekhte reh gaye,rkv:EN things:EN slays:HI same:EN even:EN i:EN had:EN good:EN vibes:EN from:EN eijaz:EN but:EN baadme:HI chicha:EN irritate:EN karne:HI lage:HI aur:HI apne:HI champ:EN ne:HI jo:HI dhamaka:HI kia:HI sab:HI dekhte:HI reh:HI gaye:HI,champ,jo dhamaka kia sab dekhte reh gaye,0.9,0.8
383,please ek camera laga do apne rooms mein humein rubinav wali live feed dekhni h,please:EN ek:HI camera:EN laga:HI do:EN apne:HI rooms:EN mein:HI humein:HI rubinav:HI wali:HI live:EN feed:EN dekhni:HI h:EN,camera,laga do apne rooms mein,0.583,0.405
585,aap apni nazron ki fikr karo uss k parday ki fikr uss pe chorro sb apne apne amaal k zimedar hain hisaab kitab allah ka kaam hai aap ka ya mera nahi aur dilon ka haal b sirf allah janta hai apko munkir nakeer kisi ne nahi rakha hua k dusron ka swab o jaza ginte raho beth k,aap:HI apni:HI nazron:HI ki:HI fikr:HI karo:HI uss:HI k:HI parday:HI ki:HI fikr:HI uss:HI pe:HI chorro:HI sb:EN apne:HI apne:HI amaal:HI k:HI zimedar:HI hain:HI hisaab:HI kitab:HI allah:HI ka:HI kaam:HI hai:HI aap:HI ka:HI ya:HI mera:HI nahi:HI aur:HI dilon:HI ka:HI haal:HI b:EN sirf:HI allah:HI janta:HI hai:HI apko:HI munkir:HI nakeer:HI kisi:HI ne:HI nahi:HI rakha:HI hua:HI k:HI dusron:HI ka:HI swab:EN o:EN jaza:HI ginte:HI raho:HI beth:HI k:HI,swab o jaza,dusron ka swab o jaza ginte raho,0.2,0.75
67,let s do this also thode boht apne tweets bhi daal dete dishulwithresponsivefloors,let:EN s:EN do:EN this:EN also:EN thode:HI boht:HI apne:HI tweets:EN bhi:HI daal:HI dete:HI dishulwithresponsivefloors:HI,tweets,thode boht apne ... bhi daal dete,0.55,0.45
43,ye hai bihar ke gaya me gaya bodhgaya rod pr ishthit pantnagar ke mansarovar colny ka pani se badh ka isthiti ho gaya h log apne gharo me kaid ho chuke hai bahar niklne ka koi jariya nahi or sarkar moun hai koi intjam nhi ghor laprvahi dist,ye:HI hai:HI bihar:HI ke:HI gaya:HI me:HI gaya:HI bodhgaya:HI rod:EN pr:EN ishthit:HI pantnagar:HI ke:HI mansarovar:HI colny:EN ka:HI pani:HI se:HI badh:HI ka:HI isthiti:HI ho:HI gaya:HI h:EN log:HI apne:HI gharo:HI me:HI kaid:HI ho:HI chuke:HI hai:HI bahar:HI niklne:HI ka:HI koi:HI jariya:HI nahi:HI or:EN sarkar:HI moun:HI hai:HI koi:HI intjam:HI nhi:HI ghor:HI laprvahi:HI dist:EN,sarkar,moun hai,0.2,0.65
232,bhai apne mu ka gutter band kr or jaha pe kaam ho na vahi pe hi bol,bhai:HI apne:HI mu:HI ka:HI gutter:EN band:HI kr:EN or:EN jaha:HI pe:HI kaam:HI ho:HI na:HI vahi:HI pe:HI hi:HI bol:HI,mu,gutter band kr,0.304,0.628
508,monica so kholo sab log apne kaan aur suno saara gyan wo bhi monica ki zubaan qnki confidence ho gaya sunsaan dekhke aasman bharlo udaan ab jyada ho raha,monica:EN so:EN kholo:HI sab:HI log:HI apne:HI kaan:HI aur:HI suno:HI saara:HI gyan:HI wo:HI bhi:HI monica:EN ki:HI zubaan:HI qnki:HI confidence:EN ho:HI gaya:HI sunsaan:HI dekhke:HI aasman:HI bharlo:HI udaan:HI ab:HI jyada:HI ho:HI raha:HI,zubaan,kaanan aur suno saara gyan wo bhi monica ki zubaan,0.15,0.75
45,meer shaiq pura pakistan tumhare bap ka nahi hai pehley pashtun ko unke hisseki jameen de aur fir aapne pakistan ko apne dalde,meer:HI shaiq:HI pura:HI pakistan:EN tumhare:HI bap:HI ka:HI nahi:HI hai:HI pehley:HI pashtun:EN ko:HI unke:HI hisseki:HI jameen:HI de:HI aur:HI fir:HI aapne:HI pakistan:EN ko:HI apne:HI dalde:HI,pashtun,unke hisseki jameen de,0.3,0.7
287,khan1195 pls pls jaghra karna hai to apne account mein karo hamare tagline use maat karo,khan1195:HI pls:EN pls:EN jaghra:HI karna:HI hai:HI to:HI apne:HI account:EN mein:HI karo:HI hamare:HI tagline:EN use:HI maat:HI karo:HI,tagline,hamare tagline use maat karo,0.316,0.585
510,modi ji yogi ji janata ko kya samajh rakha hai janata ko apne nahin hai 2022 5 5,modi:HI ji:HI yogi:HI ji:HI janata:HI ko:HI kya:HI samajh:HI rakha:HI hai:HI janata:HI ko:HI apne:HI nahin:HI hai:HI 2022:EN 5:EN 5:EN,modi ji,janata ko kya samajh rakha hai janata ko apne nahin hai,0.1,0.75
401,nature ke liye toh jitna bhi likhiye utna hi kam hain kyunki uparwale ne nature ko itna pyaara banaya hain aur nature apne pyaarepan se hamesha khushi hi deta hain sabhi dekhiye ki tree ped ki ek tehni par pattiyaan bhi lagti hain phuul bhi khilte hain,nature:EN ke:HI liye:HI toh:HI jitna:HI bhi:HI likhiye:HI utna:HI hi:HI kam:HI hain:HI kyunki:HI uparwale:HI ne:HI nature:EN ko:HI itna:HI pyaara:HI banaya:HI hain:HI aur:HI nature:EN apne:HI pyaarepan:HI se:HI hamesha:HI khushi:HI hi:HI deta:HI hain:HI sabhi:HI dekhiye:HI ki:HI tree:EN ped:HI ki:HI ek:HI tehni:HI par:HI pattiyaan:HI bhi:HI lagti:HI hain:HI phuul:HI bhi:HI khilte:EN hain:HI,nature,jitna bhi likhiye utna hi kam hain,0.867,0.648
378,i was singing mein tera naam bataon kisko ammi said apne baap ko bata de awkward silence its aymi,i:EN was:EN singing:EN mein:HI tera:HI naam:HI bataon:HI kisko:HI ammi:HI said:EN apne:HI baap:HI ko:HI bata:HI de:HI awkward:EN silence:EN its:EN aymi:HI,singing,mein tera naam bataon kisko,0.475,0.384
45,meer shaiq pura pakistan tumhare bap ka nahi hai pehley pashtun ko unke hisseki jameen de aur fir aapne pakistan ko apne dalde,meer:HI shaiq:HI pura:HI pakistan:EN tumhare:HI bap:HI ka:HI nahi:HI hai:HI pehley:HI pashtun:EN ko:HI unke:HI hisseki:HI jameen:HI de:HI aur:HI fir:HI aapne:HI pakistan:EN ko:HI apne:HI dalde:HI,pakistan,apne dalde,0.05,0.9
379,bhaiya mere parivaar ko baccha lijiye bhaiya main apne parivaar ko khona nahi chahta hoon bhaiya mere parivaar ko paise ki bahut jyada jarurat hai bhaiya main apna body donate kar ke aapka sara rupya wapasnkae dunga please bhaiya,bhaiya:HI mere:HI parivaar:HI ko:HI baccha:HI lijiye:HI bhaiya:HI main:HI apne:HI parivaar:HI ko:HI khona:HI nahi:HI chahta:HI hoon:HI bhaiya:HI mere:HI parivaar:HI ko:HI paise:HI ki:HI bahut:HI jyada:HI jarurat:HI hai:HI bhaiya:HI main:HI apna:HI body:EN donate:EN kar:HI ke:HI aapka:HI sara:HI rupya:HI wapasnkae:HI dunga:HI please:EN bhaiya:HI,body,donate kar ke aapka sara rupya wapasnkae dunga,0.562,0.606
88,its peter pan apko pta hai na k apne kitna tng kiya hoa hai sb toots,its:EN peter:EN pan:EN apko:HI pta:HI hai:HI na:HI k:HI apne:HI kitna:HI tng:EN kiya:HI hoa:HI hai:HI sb:EN toots:EN,peter pan,apko pta hai na k apne kitna tng kiya hoa hai sb toots,0.451,0.49
372,up 123 paisa a jaye to sukoon apne aap e a jaye ga,up:EN 123:EN paisa:HI a:EN jaye:HI to:HI sukoon:HI apne:HI aap:HI e:EN a:EN jaye:HI ga:HI,paisa,up 123 a jaye to sukoon apne aap e a jaye ga,0.754,0.574
85,tumhare paas apne claim ko prove karne ka koi authentic chiz to hai nai to ird gird ki batei karke khudka majak udwate ho,tumhare:HI paas:HI apne:HI claim:EN ko:HI prove:EN karne:HI ka:HI koi:HI authentic:EN chiz:HI to:EN hai:HI nai:HI to:EN ird:HI gird:HI ki:HI batei:HI karke:HI khudka:HI majak:HI udwate:HI ho:HI,claim,prove karne ka koi authentic chiz to hai nai,0.403,0.58
31,ye bi sahi hai wohi baat hui apne log achay lagtay hain irdgird not all,ye:HI bi:EN sahi:HI hai:HI wohi:HI baat:HI hui:HI apne:HI log:HI achay:HI lagtay:HI hain:HI irdgird:HI not:EN all:EN,apne log,achay lagtay hain,0.65,0.4
168,sarkar ye apka hi to kaam tha jo apne nhi kiya tamam idaron main retirement ke baad ghar pe aram karne ka law hona chahiye nake ke kisi dusre sarkari idaray main ja ke afsari jharne ka sick of this,sarkar:HI ye:HI apka:HI hi:HI to:EN kaam:HI tha:HI jo:HI apne:HI nhi:HI kiya:HI tamam:HI idaron:HI main:HI retirement:EN ke:HI baad:HI ghar:HI pe:HI aram:HI karne:HI ka:HI law:EN hona:HI chahiye:HI nake:HI ke:HI kisi:HI dusre:HI sarkari:HI idaray:HI main:HI ja:HI ke:HI afsari:HI jharne:HI ka:HI sick:EN of:EN this:EN,kaam,apne nhi kiya,0.15,0.65
34,mast joke mara re jaise bhagwan ne buddhi alag alag bana ke de rakhi h bhai mere privileged log rote h khilouno ke liye garib ke bache kuch bhi utha ke khilaouna bana lete h apne liye,mast:EN joke:EN mara:HI re:HI jaise:HI bhagwan:HI ne:HI buddhi:HI alag:HI alag:HI bana:HI ke:HI de:HI rakhi:HI h:EN bhai:HI mere:HI privileged:EN log:HI rote:HI h:EN khilouno:HI ke:HI liye:HI garib:HI ke:HI bache:HI kuch:HI bhi:HI utha:HI ke:HI khilaouna:HI bana:HI lete:HI h:EN apne:HI liye:HI,buddhi,alag alag bana ke de rakhi h,0.3,0.55
562,kindly unfollow me if you are supporting this filth and rascal she disrespected rubinadilaik and abhinavshukla agar isko koi apne fd se support kiya toh samajh jao woh gaddar hai rubina,kindly:EN unfollow:EN me:EN if:EN you:EN are:EN supporting:EN this:EN filth:EN and:EN rascal:EN she:EN disrespected:EN rubinadilaik:HI and:EN abhinavshukla:HI agar:HI isko:HI koi:HI apne:HI fd:EN se:HI support:EN kiya:HI toh:HI samajh:HI jao:HI woh:HI gaddar:HI hai:HI rubina:EN,gaddar,agar isko koi apne fd se support kiya toh samajh jao woh gaddar hai,0.416,0.686
370,itna bhi free nhi hona chahiye ke koyi apki kadar na kre itna v ignore nhi krna chahiye apne v ruth jaye amp apko humesha k lia bhool jaye,itna:HI bhi:HI free:EN nhi:HI hona:HI chahiye:HI ke:HI koyi:HI apki:HI kadar:HI na:HI kre:HI itna:HI v:EN ignore:EN nhi:HI krna:HI chahiye:HI apne:HI v:EN ruth:EN jaye:HI amp:EN apko:HI humesha:HI k:HI lia:HI bhool:HI jaye:HI,ignore,itna v ignore nhi krna chahiye,0.198,0.365
134,sanjay ji na to apne or na hi apke cm kejriwal ne delhi ke jantar mantar par us atanki sanghathan bke khilaf kuch bola kya aap bhi hindu voters ko khus karne me lage hai,sanjay:HI ji:HI na:HI to:HI apne:HI or:EN na:HI hi:HI apke:HI cm:EN kejriwal:EN ne:HI delhi:EN ke:HI jantar:HI mantar:HI par:HI us:HI atanki:HI sanghathan:HI bke:EN khilaf:HI kuch:HI bola:HI kya:HI aap:HI bhi:HI hindu:EN voters:EN ko:HI khus:HI karne:HI me:HI lage:HI hai:HI,cm,na hi apke cm kejriwal ne delhi ke jantar mantar par us atanki sanghathan bke khilaf kuch bola,0.427,0.628
235,kabhi muzlim christian ko dekha wo apne log ko obc sc st nahi karte aur bjp ko dekha wo khud divide karra aaj hi laya na reservation obc bill pehla vote manga hindu ke naam pe jab fail ho gaya kuch nahi kiya hindu ka to log sawal utane lage to lag gaya bjp rss dalit obc karne,kabhi:HI muzlim:HI christian:EN ko:HI dekha:HI wo:HI apne:HI log:HI ko:HI obc:EN sc:EN st:EN nahi:HI karte:HI aur:HI bjp:EN ko:HI dekha:HI wo:HI khud:HI divide:EN karra:HI aaj:HI hi:HI laya:HI na:HI reservation:EN obc:EN bill:EN pehla:HI vote:EN manga:HI hindu:EN ke:HI naam:HI pe:HI jab:HI fail:EN ho:HI gaya:HI kuch:HI nahi:HI kiya:HI hindu:EN ka:HI to:EN log:HI sawal:HI utane:HI lage:HI to:HI lag:HI gaya:HI bjp:EN rss:EN dalit:HI obc:EN karne:HI,rss,lag gaya bjp rss dalit obc karne,0.21,0.562
131,shukla hello kaise ho sana ke kullu kuch bolna hai but nahi bolungi but i think apko sab pata hi hai so bohot ghumna ho raha hai so kuch pic wagera de do apne family jaisi just friend wali biwi ke saath in the same pink t shirt btw u both were looking cute n hot,shukla:HI hello:EN kaise:HI ho:HI sana:HI ke:HI kullu:HI kuch:HI bolna:HI hai:HI but:EN nahi:HI bolungi:HI but:EN i:EN think:EN apko:HI sab:HI pata:HI hi:HI hai:HI so:EN bohot:HI ghumna:HI ho:HI raha:HI hai:HI so:EN kuch:HI pic:EN wagera:HI de:HI do:HI apne:HI family:EN jaisi:HI just:EN friend:EN wali:HI biwi:HI ke:HI saath:HI in:EN the:EN same:EN pink:EN t:EN shirt:EN btw:EN u:EN both:EN were:EN looking:EN cute:EN n:EN hot:EN,biwi,looking cute n hot,0.802,0.667
444,io 22 sgh chopra1 nahi bhai uski sandal banane ke liye mochi already hai apne paas par agar apni jeeb se chaat ke saaf karega joote mere to poore 10 rupay dunga terco main,io:EN 22:EN sgh:EN chopra1:HI nahi:HI bhai:HI uski:HI sandal:EN banane:HI ke:HI liye:HI mochi:HI already:EN hai:HI apne:HI paas:HI par:HI agar:HI apni:HI jeeb:HI se:HI chaat:HI ke:HI saaf:HI karega:HI joote:HI mere:HI to:HI poore:HI 10:EN rupay:HI dunga:HI terco:HI main:HI,joote,sandal banane ke liye mochi already hai,0.05,0.8
520,pehle research kro jaake kisi bhi topic pe conment krne se pehle news channel dekh ke apne opinions mat banao kaun kya karta hai uske baare mein pata kro and uski respect kro,pehle:HI research:EN kro:HI jaake:HI kisi:HI bhi:HI topic:EN pe:HI conment:HI krne:HI se:HI pehle:HI news:EN channel:EN dekh:HI ke:HI apne:HI opinions:EN mat:HI banao:HI kaun:HI kya:HI karta:HI hai:HI uske:HI baare:HI mein:HI pata:HI kro:HI and:EN uski:HI respect:EN kro:HI,opinions,news channel dekh ke apne opinions mat banao,0.414,0.481
582,waheed494 acha mtlb apke khene ka ya hay apke ghar me behaye wala channel arhe hay dramas me ptv etc ya adds me behaye wali chezay arhi unko bnd karne ki bajyen ap apne chotay ya barho ko ya kahengy k ap log na dekhe magar khr hay k pemra chala rahi hay waheed bhai logic se khali hay,waheed494:HI acha:HI mtlb:HI apke:HI khene:HI ka:HI ya:HI hay:EN apke:HI ghar:HI me:HI behaye:HI wala:HI channel:EN arhe:HI hay:EN dramas:EN me:HI ptv:EN etc:EN ya:HI adds:EN me:HI behaye:HI wali:HI chezay:HI arhi:HI unko:HI bnd:EN karne:HI ki:HI bajyen:HI ap:HI apne:HI chotay:HI ya:HI barho:HI ko:HI ya:HI kahengy:HI k:HI ap:HI log:HI na:HI dekhe:HI magar:HI khr:HI hay:EN k:HI pemra:EN chala:HI rahi:HI hay:EN waheed:EN bhai:HI logic:EN se:HI khali:HI hay:EN,logic,khali hay,0.15,0.7
584,apni izzat apne hath is lye kabhi khawab mn b dm ni kiya kisi ko,apni:HI izzat:HI apne:HI hath:HI is:EN lye:EN kabhi:HI khawab:HI mn:EN b:EN dm:EN ni:HI kiya:HI kisi:HI ko:HI,khawab,kabhi khawab mn b dm ni kiya,0.45,0.35
257,surbhi ka tag bola hai apne tag mein hgg jakar nalle kahinke,surbhi:HI ka:HI tag:EN bola:HI hai:HI apne:HI tag:EN mein:HI hgg:HI jakar:HI nalle:EN kahinke:HI,tag,hgg jakar nalle kahinke,0.05,0.85
359,bosdk it cell wale pure india se aa jaate hai apne shilduo ko support karne jisko jammu ka j bi nhi pata hota na dogro ki history ka abc pata hota hai unko,bosdk:HI it:EN cell:EN wale:HI pure:HI india:EN se:HI aa:HI jaate:HI hai:HI apne:HI shilduo:HI ko:HI support:EN karne:HI jisko:HI jammu:HI ka:HI j:EN bi:EN nhi:HI pata:HI hota:HI na:HI dogro:HI ki:HI history:EN ka:HI abc:EN pata:HI hota:HI hai:HI unko:HI,shilduo,jisko jammu ka j bi nhi pata hota na dogro ki history ka abc pata hota hai,0.357,0.545
423,etna paisa sirf kuch amir thakuru ke pass hai jo aaram se parv mane rahe garib rajputo ko naukri nahi khane ko or karne ko kaam nahi are sharm karo aur owasi or ambedkar se sikho jisne rajniti apne logo ko aage badhaye ke liye kiya unko aarakshan naukri di rajput neta kya kiye,etna:HI paisa:HI sirf:HI kuch:HI amir:HI thakuru:HI ke:HI pass:EN hai:HI jo:HI aaram:HI se:HI parv:HI mane:HI rahe:HI garib:HI rajputo:HI ko:HI naukri:HI nahi:HI khane:HI ko:HI or:EN karne:HI ko:HI kaam:HI nahi:HI are:EN sharm:HI karo:HI aur:HI owasi:HI or:EN ambedkar:EN se:HI sikho:HI jisne:HI rajniti:EN apne:HI logo:EN ko:HI aage:HI badhaye:HI ke:HI liye:HI kiya:HI unko:HI aarakshan:HI naukri:HI di:HI rajput:HI neta:HI kya:HI kiye:HI,neta,kya kiye,0.15,0.75
382,it s not about hypocrites lmao sab ke apne reason hote hain but seems like too much work in my opinion,it:EN s:EN not:EN about:EN hypocrites:EN lmao:HI sab:HI ke:HI apne:HI reason:EN hote:HI hain:HI but:EN seems:EN like:EN too:EN much:EN work:EN in:EN my:EN opinion:EN,reason,sab ke apne,0.5,0.2
151,sir me janana chahta hu ki agr kisi gaon me uppcl ka adhikari rahta ho to kya use ye hk h ki uska jb mn chahe transformer pr ja kar light kat de ya apne ghar me bord lagane ke liy pura gaon ka light band kar de plzz relpy,sir:HI me:HI janana:HI chahta:HI hu:HI ki:HI agr:HI kisi:HI gaon:HI me:HI uppcl:EN ka:HI adhikari:HI rahta:HI ho:HI to:HI kya:HI use:HI ye:HI hk:EN h:EN ki:HI uska:HI jb:EN mn:EN chahe:HI transformer:EN pr:EN ja:HI kar:HI light:EN kat:HI de:HI ya:HI apne:HI ghar:HI me:HI bord:HI lagane:HI ke:HI liy:HI pura:HI gaon:HI ka:HI light:EN band:HI kar:HI de:HI plzz:EN relpy:HI,light,pura gaon ka light band kar de,0.405,0.593
262,pratik ne galat nahi kiya uska todha tone bolne ka sweet nahi hai but uska intention galat nahi tha shamita madam apne jiju ka frustration nikal rahi hai and divya vaidya jaise bajj rahi hai har ladai me and gandi galiyaan de rahi hai aur log usko rubi se compare kre hai,pratik:HI ne:HI galat:HI nahi:HI kiya:HI uska:HI todha:HI tone:EN bolne:HI ka:HI sweet:EN nahi:HI hai:HI but:EN uska:HI intention:EN galat:HI nahi:HI tha:HI shamita:HI madam:EN apne:HI jiju:HI ka:HI frustration:EN nikal:HI rahi:HI hai:HI and:EN divya:HI vaidya:HI jaise:HI bajj:HI rahi:HI hai:HI har:HI ladai:HI me:HI and:EN gandi:HI galiyaan:HI de:HI rahi:HI hai:HI aur:HI log:HI usko:HI rubi:HI se:HI compare:EN kre:HI hai:HI,pratik,galat nahi kiya uska todha tone bolne ka sweet nahi hai but uska intention galat nahi tha,0.556,0.419
570,russian and american breed pakistan is your baap ok pata nahin kis soviet european ka lauda teri amma ne apne phude mein liya a namak haram suar russian amd american breed talking about pakistan,russian:EN and:EN american:EN breed:EN pakistan:EN is:EN your:EN baap:HI ok:EN pata:HI nahin:HI kis:HI soviet:EN european:EN ka:HI lauda:EN teri:HI amma:HI ne:HI apne:HI phude:HI mein:HI liya:HI a:EN namak:HI haram:HI suar:EN russian:EN amd:EN american:EN breed:EN talking:EN about:EN pakistan:EN,namak haram suar,talking about pakistan,0.26,0.71
584,apni izzat apne hath is lye kabhi khawab mn b dm ni kiya kisi ko,apni:HI izzat:HI apne:HI hath:HI is:EN lye:EN kabhi:HI khawab:HI mn:EN b:EN dm:EN ni:HI kiya:HI kisi:HI ko:HI,izzat,apni izzat apne hath,0.575,0.45
76,hosakta hai saddar sb is time apne daant khud theek ker rae hon ya neend main bol rae hon bhai aalhir insan hein kuch b ker sakte hein,hosakta:HI hai:HI saddar:EN sb:EN is:EN time:EN apne:HI daant:HI khud:HI theek:HI ker:HI rae:HI hon:HI ya:HI neend:HI main:HI bol:HI rae:HI hon:HI bhai:HI aalhir:HI insan:HI hein:HI kuch:HI b:EN ker:HI sakte:HI hein:HI,saddar sb,apne daant khud theek ker rae hon ya neend main bol rae hon,0.25,0.65
580,show ka satyanash to dekho yaar adi pehle angry young man tha phir kabir singh bana aur ab jhonny sins yuck voldemort ek concubine jaisa behave kar rahe hai when she knows she is not legally married wo jake apne he jeeja pe dore daar rahe hai,show:EN ka:HI satyanash:HI to:EN dekho:HI yaar:HI adi:HI pehle:HI angry:EN young:EN man:EN tha:HI phir:HI kabir:HI singh:HI bana:HI aur:HI ab:HI jhonny:EN sins:EN yuck:EN voldemort:EN ek:HI concubine:EN jaisa:HI behave:EN kar:HI rahe:HI hai:HI when:EN she:EN knows:EN she:EN is:EN not:EN legally:EN married:EN wo:HI jake:HI apne:HI he:HI jeeja:HI pe:HI dore:EN daar:HI rahe:HI hai:HI,show,satyanash,0.05,0.75
82,50000 vacancy ko baro sc st obc k back log post ko baro bahujano apne sarkar banaye recruit scstobc teachers,50000:EN vacancy:EN ko:HI baro:HI sc:EN st:EN obc:EN k:HI back:EN log:HI post:EN ko:HI baro:HI bahujano:HI apne:HI sarkar:HI banaye:HI recruit:EN scstobc:HI teachers:EN,back log post,sc st obc k back log post ko baro,0.458,0.542
589,ab modi ne is k khilaf campaign shuru ker deni hai apne player k khilaf campaign karenge jispe itne saal invest kiya suna hai naan se jyada ganja sasta hai pakistan mein,ab:HI modi:HI ne:HI is:HI k:HI khilaf:HI campaign:EN shuru:HI ker:HI deni:HI hai:HI apne:HI player:EN k:HI khilaf:HI campaign:EN karenge:HI jispe:HI itne:HI saal:HI invest:EN kiya:HI suna:HI hai:HI naan:HI se:HI jyada:HI ganja:EN sasta:HI hai:HI pakistan:EN mein:HI,player,apne player k khilaf campaign karenge jispe itne saal invest kiya,0.2,0.75
216,pehli baar 10 min dekha bbott aur apne pe gussa aa rha kyu dekha sab ke sab drama kar rhe h abhi tak kuch buht shareef ban rhe h aur kuch chilla rhe h after 2 week in rkv style shuru ke hafte the na bhai sab sharafat se aa rhe the ab sab ki sharafat bahr aa rahi hain,pehli:HI baar:HI 10:EN min:EN dekha:HI bbott:HI aur:HI apne:HI pe:HI gussa:HI aa:HI rha:HI kyu:HI dekha:HI sab:HI ke:HI sab:HI drama:EN kar:HI rhe:HI h:EN abhi:HI tak:HI kuch:HI buht:HI shareef:HI ban:HI rhe:HI h:EN aur:HI kuch:HI chilla:HI rhe:HI h:EN after:EN 2:EN week:EN in:EN rkv:HI style:EN shuru:HI ke:HI hafte:HI the:EN na:HI bhai:HI sab:HI sharafat:HI se:HI aa:HI rhe:HI the:HI ab:HI sab:HI ki:HI sharafat:HI bahr:HI aa:HI rahi:HI hain:HI,sharafat,ab sab ki sharafat bahr aa rahi hain,0.15,0.75
33,jaise he orange shirt wale ne mulle jab kaate jayenge kaha pointed banda apne dost ko lekar waha se nikal pada isko delhi pe bharosa nahi hai,jaise:HI he:HI orange:EN shirt:EN wale:HI ne:HI mulle:EN jab:HI kaate:HI jayenge:HI kaha:HI pointed:EN banda:HI apne:HI dost:HI ko:HI lekar:HI waha:HI se:HI nikal:HI pada:HI isko:HI delhi:EN pe:HI bharosa:HI nahi:HI hai:HI,orange shirt wale,mulle jab kaate jayenge kaha,0.242,0.659
227,kaash mein jitni parwaah kart hun logo ki aap bhi karte aapko toh sirf apne credit apne karma aur sirf aapne aap se matlab hota hai you are not able to treat right to one person who can give everything for the world overall mein permanent nahi but aap toh ho,kaash:HI mein:HI jitni:HI parwaah:HI kart:EN hun:HI logo:EN ki:HI aap:HI bhi:HI karte:HI aapko:HI toh:HI sirf:HI apne:HI credit:EN apne:HI karma:EN aur:HI sirf:HI aapne:HI aap:HI se:HI matlab:HI hota:HI hai:HI you:EN are:EN not:EN able:EN to:EN treat:EN right:EN to:EN one:EN person:EN who:EN can:EN give:EN everything:EN for:EN the:EN world:EN overall:EN mein:HI permanent:EN nahi:HI but:EN aap:HI toh:HI ho:HI,aap,sirf apne credit apne karma aur sirf aapne aap se matlab hota hai,0.368,0.59
515,fateh apne apko rokta hai tejo se pyar krne ko mtlb wo door rehna chahta hai q k usse yeh lagta hai wo jasmine se pyar krta hai aj k epsiode me ek bt achi lagi jasmine tejo ko sab such btana chahti hai per fateh ko dono k sath kehna hai bhai udaariyaan fatejo,fateh:HI apne:HI apko:HI rokta:HI hai:HI tejo:EN se:HI pyar:HI krne:HI ko:HI mtlb:HI wo:HI door:EN rehna:HI chahta:HI hai:HI q:EN k:HI usse:HI yeh:HI lagta:HI hai:HI wo:HI jasmine:EN se:HI pyar:HI krta:HI hai:HI aj:HI k:HI epsiode:HI me:HI ek:HI bt:HI achi:HI lagi:HI jasmine:EN tejo:EN ko:HI sab:HI such:EN btana:HI chahti:HI hai:HI per:HI fateh:HI ko:HI dono:HI k:HI sath:HI kehna:HI hai:HI bhai:HI udaariyaan:HI fatejo:HI,episode,aj k epsiode me ek bt achi lagi,0.7,0.4
368,i just don t want to make fun of them but they themselves are so eager to make themselves a laughing stock means a free man if marry a slave woman enters into slavery but the slave woman just cant become free by marrying a free man lage rho apne dil ko tasalian dene,i:EN just:EN don:EN t:EN want:EN to:EN make:EN fun:EN of:EN them:EN but:EN they:EN themselves:EN are:EN so:EN eager:EN to:EN make:EN themselves:EN a:EN laughing:EN stock:EN means:EN a:EN free:EN man:EN if:EN marry:EN a:EN slave:EN woman:EN enters:EN into:EN slavery:EN but:EN the:EN slave:EN woman:EN just:EN cant:EN become:EN free:EN by:EN marrying:EN a:EN free:EN man:EN lage:HI rho:HI apne:HI dil:HI ko:HI tasalian:HI dene:HI,dil,lage rho apne dil ko tasalian dene,0.15,0.75
504,sabka talent aek jaisa nahi hai but ham apne banaye raste pe chalenge to definitely aek din kamyaab banenge,sabka:HI talent:EN aek:EN jaisa:HI nahi:HI hai:HI but:EN ham:HI apne:HI banaye:HI raste:HI pe:HI chalenge:HI to:HI definitely:EN aek:EN din:HI kamyaab:HI banenge:HI,raste,apne banaye raste pe chalenge to definitely aek din kamyaab banenge,0.673,0.611
57,dishul apne name mein he ek brand hai yeh ek essa brand hai jo love purity aur emotions se bana please support this brand guys dishulwithresponsivefloors,dishul:HI apne:HI name:EN mein:HI he:HI ek:HI brand:EN hai:HI yeh:HI ek:HI essa:EN brand:EN hai:HI jo:HI love:EN purity:EN aur:HI emotions:EN se:HI bana:HI please:EN support:EN this:EN brand:EN guys:EN dishulwithresponsivefloors:HI,dishul,apne name mein he ek brand hai,0.745,0.565
191,sre apne apne kma ch busy rehnde a,sre:EN apne:HI apne:HI kma:EN ch:EN busy:EN rehnde:HI a:EN,sre,apne apne kma ch busy rehnde a,0.451,0.4
273,bhaiya agar apko amdani itni he badh gayi hai to kyu nahi ap aj se he 200 dekr petrol khareedna shuru krdete ho ise he andhbhakti kehte hai 2014 ke badse waise bohat kuch badhgya hai berojgari apne charam par hai 40saal ke record tod diya inhone,bhaiya:HI agar:HI apko:HI amdani:HI itni:HI he:HI badh:HI gayi:HI hai:HI to:HI kyu:HI nahi:HI ap:HI aj:HI se:HI he:HI 200:EN dekr:HI petrol:EN khareedna:HI shuru:HI krdete:HI ho:HI ise:HI he:HI andhbhakti:HI kehte:HI hai:HI 2014:EN ke:HI badse:HI waise:HI bohat:HI kuch:HI badhgya:HI hai:HI berojgari:HI apne:HI charam:HI par:HI hai:HI 40saal:HI ke:HI record:EN tod:EN diya:HI inhone:HI,petrol,200 dekr khareedna shuru krdete ho,0.1,0.8
209,agar apne idol ki taraf tumhare pyaar aur dedication mein jazba hai sachaai hai toh koi kuch bhi karle kuch bhi keh le tum kabhi fd chhodoge nahi aur agar kisi ko rift ke liye blame kar rahe ho toh socho uss akele insaan ka jazbaa tum sab pe kitna bhaari pad gaya,agar:HI apne:HI idol:EN ki:HI taraf:HI tumhare:HI pyaar:HI aur:HI dedication:EN mein:HI jazba:EN hai:HI sachaai:HI hai:HI toh:HI koi:HI kuch:HI bhi:HI karle:HI kuch:HI bhi:HI keh:HI le:HI tum:HI kabhi:HI fd:EN chhodoge:HI nahi:HI aur:HI agar:HI kisi:HI ko:HI rift:EN ke:HI liye:HI blame:EN kar:HI rahe:HI ho:HI toh:HI socho:HI uss:HI akele:HI insaan:HI ka:HI jazbaa:EN tum:HI sab:HI pe:HI kitna:HI bhaari:HI pad:HI gaya:HI,fd,kabhi chhodoge nahi,0.8,0.5
393,jo log goobar ka sevan karte he unhe ye dikhai nahi dega 2014 se pahle ye log anaaj khate the to inko sochne samjhne ki shati thi pr 2014 k baad inme se kuch goobar ka sevan krne lag gaye he to wo apne feku ki tarfdaari hi karenge,jo:HI log:HI goobar:HI ka:HI sevan:EN karte:HI he:HI unhe:HI ye:HI dikhai:HI nahi:HI dega:HI 2014:EN se:HI pahle:HI ye:HI log:HI anaaj:HI khate:HI the:HI to:HI inko:HI sochne:HI samjhne:HI ki:HI shati:HI thi:HI pr:EN 2014:EN k:HI baad:HI inme:HI se:HI kuch:HI goobar:HI ka:HI sevan:EN krne:HI lag:HI gaye:HI he:HI to:HI wo:HI apne:HI feku:EN ki:HI tarfdaari:HI hi:HI karenge:HI,feku,apne feku ki tarfdaari hi karenge,0.15,0.75
23,inko kyu justification dena h yeh log hai kon pata nahi apne ap ko kya smjhte hai ha hai voh galat fir bhi humko toh voh jo kare sahi lagta hai deal with it nikkitamboli,inko:HI kyu:HI justification:EN dena:HI h:EN yeh:HI log:HI hai:HI kon:HI pata:HI nahi:HI apne:HI ap:HI ko:HI kya:HI smjhte:HI hai:HI ha:HI hai:HI voh:HI galat:HI fir:HI bhi:HI humko:HI toh:HI voh:HI jo:HI kare:HI sahi:HI lagta:HI hai:HI deal:EN with:EN it:EN nikkitamboli:HI,nikkitamboli,humko toh voh jo kare sahi lagta hai,0.7,0.75
134,sanjay ji na to apne or na hi apke cm kejriwal ne delhi ke jantar mantar par us atanki sanghathan bke khilaf kuch bola kya aap bhi hindu voters ko khus karne me lage hai,sanjay:HI ji:HI na:HI to:HI apne:HI or:EN na:HI hi:HI apke:HI cm:EN kejriwal:EN ne:HI delhi:EN ke:HI jantar:HI mantar:HI par:HI us:HI atanki:HI sanghathan:HI bke:EN khilaf:HI kuch:HI bola:HI kya:HI aap:HI bhi:HI hindu:EN voters:EN ko:HI khus:HI karne:HI me:HI lage:HI hai:HI,sanjay ji,na to apne or na hi apke cm kejriwal ne delhi ke jantar mantar par us atanki sanghathan bke khilaf kuch bola,0.402,0.621
5,jatti7 ki ho gea sadi stubborn jatti sad it doesn t look nyc eh tn hasdi wadia lgdi apne gang nal,jatti7:HI ki:HI ho:HI gea:HI sadi:HI stubborn:EN jatti:HI sad:EN it:EN doesn:EN t:EN look:EN nyc:EN eh:EN tn:EN hasdi:HI wadia:HI lgdi:HI apne:HI gang:EN nal:HI,hasdi,wadia lgdi apne gang nal,0.533,0.725
551,ap kisi delhi govt ke office mai jaye bina ghus diye kuchh nahi hoga agar apne nahi diya to intna ghumayega ki ap mjburan denge or cong ke samay to 100 200 mai kam hota tha ab rs 5000 niche kuchh nahi ye hai aap ki government,ap:HI kisi:HI delhi:EN govt:EN ke:HI office:EN mai:HI jaye:HI bina:HI ghus:HI diye:HI kuchh:HI nahi:HI hoga:HI agar:HI apne:HI nahi:HI diya:HI to:HI intna:HI ghumayega:HI ki:HI ap:HI mjburan:HI denge:HI or:EN cong:HI ke:HI samay:HI to:HI 100:EN 200:EN mai:HI kam:HI hota:HI tha:HI ab:HI rs:EN 5000:EN niche:HI kuchh:HI nahi:HI ye:HI hai:HI aap:HI ki:HI government:EN,aap,ab rs 5000 niche kuchh nahi ye hai aap ki government,0.232,0.636
154,divine arrey mene to abi dekha apne muje dm m block kr rkha hai,divine:EN arrey:HI mene:HI to:HI abi:HI dekha:HI apne:HI muje:HI dm:EN m:EN block:EN kr:EN rkha:HI hai:HI,divine,dm m block kr rkha hai,0.243,0.425
397,hi ravi apne registered contact details ke saath dm par humari madad karen aur humari team aapse sampark karegi,hi:HI ravi:HI apne:HI registered:EN contact:EN details:EN ke:HI saath:HI dm:EN par:HI humari:HI madad:HI karen:HI aur:HI humari:HI team:EN aapse:HI sampark:HI karegi:HI,madad,apne registered contact details ke saath dm par humari madad karen,0.645,0.394
356,tweetx i told you na mujhey apne apko torture karney ka boht shaukh hai so it s torturing me sruthi,tweetx:HI i:EN told:EN you:EN na:HI mujhey:HI apne:HI apko:HI torture:EN karney:HI ka:HI boht:HI shaukh:HI hai:HI so:EN it:EN s:EN torturing:EN me:EN sruthi:HI,it,torturing me,0.1,0.65
582,waheed494 acha mtlb apke khene ka ya hay apke ghar me behaye wala channel arhe hay dramas me ptv etc ya adds me behaye wali chezay arhi unko bnd karne ki bajyen ap apne chotay ya barho ko ya kahengy k ap log na dekhe magar khr hay k pemra chala rahi hay waheed bhai logic se khali hay,waheed494:HI acha:HI mtlb:HI apke:HI khene:HI ka:HI ya:HI hay:EN apke:HI ghar:HI me:HI behaye:HI wala:HI channel:EN arhe:HI hay:EN dramas:EN me:HI ptv:EN etc:EN ya:HI adds:EN me:HI behaye:HI wali:HI chezay:HI arhi:HI unko:HI bnd:EN karne:HI ki:HI bajyen:HI ap:HI apne:HI chotay:HI ya:HI barho:HI ko:HI ya:HI kahengy:HI k:HI ap:HI log:HI na:HI dekhe:HI magar:HI khr:HI hay:EN k:HI pemra:EN chala:HI rahi:HI hay:EN waheed:EN bhai:HI logic:EN se:HI khali:HI hay:EN,adds,behaye wali chezay arhi,0.2,0.55
80,ejecteject defense joint failure fighter 17 pakistani yo apne ghabrana nehi,ejecteject:HI defense:EN joint:EN failure:EN fighter:EN 17:EN pakistani:EN yo:EN apne:HI ghabrana:HI nehi:HI,pakistani,ghabrana nehi,0.18,0.7
43,ye hai bihar ke gaya me gaya bodhgaya rod pr ishthit pantnagar ke mansarovar colny ka pani se badh ka isthiti ho gaya h log apne gharo me kaid ho chuke hai bahar niklne ka koi jariya nahi or sarkar moun hai koi intjam nhi ghor laprvahi dist,ye:HI hai:HI bihar:HI ke:HI gaya:HI me:HI gaya:HI bodhgaya:HI rod:EN pr:EN ishthit:HI pantnagar:HI ke:HI mansarovar:HI colny:EN ka:HI pani:HI se:HI badh:HI ka:HI isthiti:HI ho:HI gaya:HI h:EN log:HI apne:HI gharo:HI me:HI kaid:HI ho:HI chuke:HI hai:HI bahar:HI niklne:HI ka:HI koi:HI jariya:HI nahi:HI or:EN sarkar:HI moun:HI hai:HI koi:HI intjam:HI nhi:HI ghor:HI laprvahi:HI dist:EN,pani,badh ka isthiti ho gaya h,0.15,0.7
289,india sirf itne log protest krenge to ek ward member gaddi na chhode ye to fir bhi apne yogiji h,india:EN sirf:HI itne:HI log:HI protest:EN krenge:HI to:HI ek:HI ward:EN member:EN gaddi:HI na:HI chhode:EN ye:HI to:HI fir:HI bhi:HI apne:HI yogiji:EN h:EN,yogiji,sirf itne log protest krenge to ek ward member gaddi na chhode ye to fir bhi apne yogiji h,0.444,0.548
404,apne aap ko champ samajte ho to 3rd wave aane ka reason batao,apne:HI aap:HI ko:HI champ:EN samajte:HI ho:HI to:HI 3rd:EN wave:EN aane:HI ka:HI reason:EN batao:HI,champ,apne aap ko champ samajte ho,0.15,0.7
166,in khiladiyon ne hamen kya diya hai main yah bhi janna chahta hun hamari desh musibat mein the tabiyat khiladi laga apne ghar mein chupchap baithe the ine khiladiyon ke liye ham tali bajate hain lekin khiladiyon ne hamare liye kya rupaye the desh ka ek hero hai sonu bhaiya,in:EN khiladiyon:HI ne:HI hamen:HI kya:HI diya:HI hai:HI main:HI yah:HI bhi:HI janna:HI chahta:HI hun:HI hamari:HI desh:HI musibat:HI mein:HI the:EN tabiyat:HI khiladi:HI laga:HI apne:HI ghar:HI mein:HI chupchap:HI baithe:HI the:HI ine:EN khiladiyon:HI ke:HI liye:HI ham:HI tali:HI bajate:HI hain:HI lekin:HI khiladiyon:HI ne:HI hamare:HI liye:HI kya:HI rupaye:HI the:EN desh:HI ka:HI ek:HI hero:EN hai:HI sonu:HI bhaiya:HI,sonu bhaiya,desh ka ek hero hai,0.93,0.803
410,sanjay lila bhansali ne apne kaameyaab filmon ke duwara sabit kiya hai ki unke jaisa bollywood me koi nahi hai aor 25 saal ka lambe karykaal me bhi unhone kaafi achhi filmen di hqin bollywood ko 25yearsofslb,sanjay:HI lila:HI bhansali:HI ne:HI apne:HI kaameyaab:HI filmon:EN ke:HI duwara:HI sabit:HI kiya:HI hai:HI ki:HI unke:HI jaisa:HI bollywood:EN me:HI koi:HI nahi:HI hai:HI aor:HI 25:EN saal:HI ka:HI lambe:HI karykaal:HI me:HI bhi:HI unhone:HI kaafi:HI achhi:HI filmen:HI di:HI hqin:HI bollywood:EN ko:HI 25yearsofslb:HI,filmon,kaameyaab,0.85,0.6
34,mast joke mara re jaise bhagwan ne buddhi alag alag bana ke de rakhi h bhai mere privileged log rote h khilouno ke liye garib ke bache kuch bhi utha ke khilaouna bana lete h apne liye,mast:EN joke:EN mara:HI re:HI jaise:HI bhagwan:HI ne:HI buddhi:HI alag:HI alag:HI bana:HI ke:HI de:HI rakhi:HI h:EN bhai:HI mere:HI privileged:EN log:HI rote:HI h:EN khilouno:HI ke:HI liye:HI garib:HI ke:HI bache:HI kuch:HI bhi:HI utha:HI ke:HI khilaouna:HI bana:HI lete:HI h:EN apne:HI liye:HI,joke,mast joke mara re,0.18,0.75
413,sare fake site pe in chamcho ko bharosa h per apne desh ki army pe ye trust nhi kar skate,sare:HI fake:EN site:EN pe:HI in:EN chamcho:HI ko:HI bharosa:HI h:EN per:HI apne:HI desh:HI ki:HI army:EN pe:HI ye:HI trust:EN nhi:HI kar:HI skate:EN,site,fake site,0.212,0.53
541,guru present mein rehkar apne views rakh pao na toh aya karo comments karne qki ye past ka rona toh hum khub sunte hain par wo justification nhi h aj jo injustice horha h aj uska two wrongs don t make a right,guru:HI present:EN mein:HI rehkar:HI apne:HI views:EN rakh:HI pao:HI na:HI toh:HI aya:HI karo:HI comments:EN karne:HI qki:HI ye:HI past:EN ka:HI rona:HI toh:HI hum:HI khub:HI sunte:HI hain:HI par:HI wo:HI justification:EN nhi:HI h:EN aj:HI jo:HI injustice:EN horha:HI h:EN aj:HI uska:HI two:EN wrongs:EN don:EN t:EN make:EN a:EN right:EN,views,present mein rehkar apne views rakh pao na toh aya karo comments karne,0.481,0.531
223,ha apne bachon ko dikhane ke lia rakh sakte hai pr tb tk ghar walo ke hat lag gye to na shadi hogi aur na bacche,ha:HI apne:HI bachon:HI ko:HI dikhane:HI ke:HI lia:HI rakh:HI sakte:HI hai:HI pr:EN tb:EN tk:HI ghar:HI walo:HI ke:HI hat:EN lag:HI gye:HI to:HI na:HI shadi:HI hogi:HI aur:HI na:HI bacche:HI,bacche,na bacche,0.15,0.55
211,joke of the day congress chala rahi h abhiyan bjp gaddi chhodo apne neta congres chhod kr ja rahe h wo samhale nahi ja gye parmod jaise dhongi pale hue h jo party duba rahe h mp ungli pr ginne layak aur gaddi bjp chhode nighat,joke:EN of:EN the:EN day:EN congress:EN chala:HI rahi:HI h:EN abhiyan:HI bjp:EN gaddi:HI chhodo:HI apne:HI neta:HI congres:EN chhod:HI kr:EN ja:HI rahe:HI h:EN wo:HI samhale:HI nahi:HI ja:HI gye:HI parmod:HI jaise:HI dhongi:HI pale:EN hue:HI h:EN jo:HI party:EN duba:HI rahe:HI h:EN mp:EN ungli:HI pr:EN ginne:HI layak:HI aur:HI gaddi:HI bjp:EN chhode:HI nighat:EN,mp,ungli pr ginne layak,0.25,0.65
56,traders ko justice tbi mil payga jb govt inke favour me kuch faisle lega jisse ye apne business me profits kama paaayee justicefortraders,traders:EN ko:HI justice:EN tbi:EN mil:HI payga:HI jb:EN govt:EN inke:HI favour:EN me:HI kuch:HI faisle:HI lega:HI jisse:HI ye:HI apne:HI business:EN me:HI profits:EN kama:HI paaayee:HI justicefortraders:HI,justice,tbi mil payga jb govt inke favour me kuch faisle lega,0.421,0.544
398,love virat ne apni story apne friend ke naam se bataya and sai is now telling virat how his friend should propose his love,love:EN virat:HI ne:HI apni:HI story:EN apne:HI friend:EN ke:HI naam:HI se:HI bataya:HI and:EN sai:HI is:EN now:EN telling:EN virat:HI how:EN his:EN friend:EN should:EN propose:EN his:EN love:EN,story,love virat ne apni story apne friend ke naam se bataya,0.757,0.43
16,sp jo apne party ke bade neta nahi hua oh humara kya hoga,sp:EN jo:HI apne:HI party:EN ke:HI bade:HI neta:HI nahi:HI hua:HI oh:EN humara:HI kya:HI hoga:HI,neta,apne party ke bade neta nahi hua oh humara kya hoga,0.462,0.738
29,chalo 600k ho gaya ab rat tak 900k pura karna hain lag jao kam par apne saakk ke liye apne sakhi ke liye please tweet karte raho and use 2 hastagag fansdemandsaakks2,chalo:HI 600k:HI ho:HI gaya:HI ab:HI rat:EN tak:HI 900k:HI pura:HI karna:HI hain:HI lag:HI jao:HI kam:HI par:HI apne:HI saakk:HI ke:HI liye:HI apne:HI sakhi:HI ke:HI liye:HI please:EN tweet:EN karte:HI raho:HI and:EN use:EN 2:EN hastagag:HI fansdemandsaakks2:HI,tweet,please tweet karte raho,0.684,0.59
42,apne desh se pyar karte ho to offline business support karo justicefortraders,apne:HI desh:HI se:HI pyar:HI karte:HI ho:HI to:HI offline:EN business:EN support:EN karo:HI justicefortraders:HI,offline business,support karo,0.78,0.586
247,who has seen god parmatma apne bhakton ke a sabhi dukhon ka haran karte hain sant rampal ji maharaj jyothi darshi sant hain vah an parmatma ki sabhi jankari de rahe hain dekhe sadhna tv sham 70 se 80 tak,who:EN has:EN seen:EN god:EN parmatma:EN apne:HI bhakton:HI ke:HI a:EN sabhi:HI dukhon:HI ka:HI haran:HI karte:HI hain:HI sant:HI rampal:HI ji:HI maharaj:HI jyothi:HI darshi:HI sant:HI hain:HI vah:HI an:EN parmatma:EN ki:HI sabhi:HI jankari:HI de:HI rahe:HI hain:HI dekhe:HI sadhna:HI tv:EN sham:HI 70:EN se:HI 80:EN tak:HI,sant rampal ji maharaj,jyothi darshi sant hain vah an parmatma ki sabhi jankari de rahe hain,0.85,0.5
535,seriously is tarh se apne image bana and politics me ana bht bdi baat h being bahijan and a lady it s too difficult to stand in this weak mentality society everyone should respect her as an human,seriously:EN is:EN tarh:HI se:HI apne:HI image:EN bana:HI and:EN politics:EN me:HI ana:HI bht:EN bdi:HI baat:HI h:EN being:EN bahijan:HI and:EN a:EN lady:EN it:EN s:EN too:EN difficult:EN to:EN stand:EN in:EN this:EN weak:EN mentality:EN society:EN everyone:EN should:EN respect:EN her:EN as:EN an:EN human:EN,politics,politics me ana bht bdi baat h being bahijan and a lady it s too difficult,0.641,0.616
554,bjp sab jagah fail huyi he hindu muslim ke alava aur koi chara nahi he apne failure ko chupane ke liye agar musalman jawab me kuch bhi bolega to godi media gaghra utha kar dance karegi,bjp:EN sab:HI jagah:HI fail:EN huyi:HI he:HI hindu:EN muslim:EN ke:HI alava:HI aur:HI koi:HI chara:HI nahi:HI he:HI apne:HI failure:EN ko:HI chupane:HI ke:HI liye:HI agar:HI musalman:HI jawab:HI me:HI kuch:HI bhi:HI bolega:HI to:HI godi:HI media:EN gaghra:HI utha:HI kar:HI dance:EN karegi:HI,media,gaghra utha kar dance karegi,0.472,0.87
375,ye picture dene ki keya jarurst hai apne sathi amp coach amp officer ko batati,ye:HI picture:EN dene:HI ki:HI keya:HI jarurst:HI hai:HI apne:HI sathi:HI amp:EN coach:EN amp:EN officer:EN ko:HI batati:HI,picture,dene ki keya jarurst hai,0.15,0.75
320,apne jo accha lge whi krna chahie that s a good attitude,apne:HI jo:HI accha:HI lge:HI whi:EN krna:HI chahie:HI that:EN s:EN a:EN good:EN attitude:EN,attitude,that s a good attitude,0.791,0.508
274,khi jin ke plots he woh khud he kuch kar lein apne difa ke liye warna isi tarhan har chiz pe qabza ho jany ke lie ready rahe,khi:HI jin:HI ke:HI plots:EN he:HI woh:HI khud:HI he:HI kuch:HI kar:HI lein:HI apne:HI difa:HI ke:HI liye:HI warna:HI isi:HI tarhan:HI har:HI chiz:HI pe:HI qabza:HI ho:HI jany:EN ke:HI lie:EN ready:EN rahe:HI,plots,woh khud he kuch kar lein apne difa ke liye warna isi tarhan har chiz pe qabza ho jany ke lie ready rahe,0.359,0.644
142,06 apne sewa ur koi larka nai kia bat ha bro ap ki,06:EN apne:HI sewa:HI ur:EN koi:HI larka:HI nai:HI kia:HI bat:EN ha:HI bro:EN ap:HI ki:HI,larka,apne sewa ur koi larka nai kia bat ha bro ap ki,0.53,0.39
112,bat yekdam shahi h lekin ish bat ko koi accept nahi karta h apne upar bat dusro ko bolega,bat:EN yekdam:HI shahi:HI h:EN lekin:HI ish:HI bat:EN ko:HI koi:HI accept:EN nahi:HI karta:HI h:EN apne:HI upar:HI bat:EN dusro:HI ko:HI bolega:HI,bat,yekdam shahi h,0.85,0.5
28,sid sidhearts ke pass itna time nhi h hm apne ideal me busy h but hote to itna sa markar insta pr rone ke layk nhi chodhte,sid:EN sidhearts:HI ke:HI pass:EN itna:HI time:EN nhi:HI h:EN hm:HI apne:HI ideal:EN me:HI busy:EN h:EN but:EN hote:HI to:HI itna:HI sa:HI markar:HI insta:EN pr:EN rone:HI ke:HI layk:HI nhi:HI chodhte:HI,insta,rone ke layk nhi chodhte,0.1,0.85
576,esa karne walo ka kuch nhi ho skta upper caste dusro se jalne me he barbaad ho seats hoti h unke liye ye pdh nhi pate jo reserved h uspe tym waste krte h bahana mil gya apne inability chupane ka,esa:HI karne:HI walo:HI ka:HI kuch:HI nhi:HI ho:HI skta:HI upper:EN caste:EN dusro:HI se:HI jalne:HI me:HI he:HI barbaad:HI ho:HI seats:EN hoti:HI h:EN unke:HI liye:HI ye:HI pdh:EN nhi:HI pate:HI jo:HI reserved:EN h:EN uspe:HI tym:HI waste:EN krte:HI h:EN bahana:HI mil:HI gya:HI apne:HI inability:EN chupane:HI ka:HI,inability,bahana mil gya apne inability chupane ka,0.221,0.579
341,jo apne post ya bio m likhte h love me or hate btw not change me kyu ki tm beshram the beshram ho or beshram hi rhoge be b cd,jo:HI apne:HI post:EN ya:HI bio:EN m:EN likhte:HI h:EN love:EN me:EN or:EN hate:EN btw:EN not:EN change:EN me:HI kyu:HI ki:HI tm:EN beshram:HI the:EN beshram:HI ho:HI or:EN beshram:HI hi:HI rhoge:HI be:EN b:EN cd:EN,bio,jo apne post ya bio m likhte h love me or hate btw not change me,0.15,0.75
209,agar apne idol ki taraf tumhare pyaar aur dedication mein jazba hai sachaai hai toh koi kuch bhi karle kuch bhi keh le tum kabhi fd chhodoge nahi aur agar kisi ko rift ke liye blame kar rahe ho toh socho uss akele insaan ka jazbaa tum sab pe kitna bhaari pad gaya,agar:HI apne:HI idol:EN ki:HI taraf:HI tumhare:HI pyaar:HI aur:HI dedication:EN mein:HI jazba:EN hai:HI sachaai:HI hai:HI toh:HI koi:HI kuch:HI bhi:HI karle:HI kuch:HI bhi:HI keh:HI le:HI tum:HI kabhi:HI fd:EN chhodoge:HI nahi:HI aur:HI agar:HI kisi:HI ko:HI rift:EN ke:HI liye:HI blame:EN kar:HI rahe:HI ho:HI toh:HI socho:HI uss:HI akele:HI insaan:HI ka:HI jazbaa:EN tum:HI sab:HI pe:HI kitna:HI bhaari:HI pad:HI gaya:HI,idol,pyaar aur dedication mein jazba hai sachaai hai,0.767,0.577
50,banda sabanaqvi toh fir maane na ki hum indian hai lekin apne aapko turko ki aulaad bataane se fursat nahi hai muslims ko invaders or kabzedaaro ko hero banaakr baithe hai,banda:HI sabanaqvi:HI toh:HI fir:HI maane:HI na:HI ki:HI hum:HI indian:EN hai:HI lekin:HI apne:HI aapko:HI turko:HI ki:HI aulaad:HI bataane:HI se:HI fursat:HI nahi:HI hai:HI muslims:EN ko:HI invaders:EN or:EN kabzedaaro:HI ko:HI hero:EN banaakr:HI baithe:HI hai:HI,sabanaqvi,maane na ki hum indian hai,0.32,0.498
403,maturity is when you realized that yaari dosti apni jagah paise apne apne,maturity:EN is:EN when:EN you:EN realized:EN that:EN yaari:HI dosti:HI apni:HI jagah:HI paise:HI apne:HI apne:HI,yaari dosti,apni jagah paise apne apne,0.5,0.3
420,lost girl92 ye apne youth se khud hi pareshan hai other youth let s take decision on future for better living pakistan s youth hey bro which ammo is for this gun and where imraan khan wants some medals at world stages,lost:EN girl92:HI ye:HI apne:HI youth:EN se:HI khud:HI hi:HI pareshan:HI hai:HI other:EN youth:EN let:EN s:EN take:EN decision:EN on:EN future:EN for:EN better:EN living:EN pakistan:EN s:EN youth:EN hey:EN bro:EN which:EN ammo:EN is:EN for:EN this:EN gun:EN and:EN where:EN imraan:HI khan:EN wants:EN some:EN medals:EN at:EN world:EN stages:EN,ammo,which ammo is for this gun,0.456,0.557
59,teekhan pm iske leader ne abhi bhi apne handle mein cm rakha hua hai ye to phir pm tha,teekhan:HI pm:EN iske:HI leader:EN ne:HI abhi:HI bhi:HI apne:HI handle:EN mein:HI cm:EN rakha:HI hua:HI hai:HI ye:HI to:HI phir:HI pm:EN tha:HI,leader,abhi bhi apne handle mein cm rakha hua hai,0.22,0.68
341,jo apne post ya bio m likhte h love me or hate btw not change me kyu ki tm beshram the beshram ho or beshram hi rhoge be b cd,jo:HI apne:HI post:EN ya:HI bio:EN m:EN likhte:HI h:EN love:EN me:EN or:EN hate:EN btw:EN not:EN change:EN me:HI kyu:HI ki:HI tm:EN beshram:HI the:EN beshram:HI ho:HI or:EN beshram:HI hi:HI rhoge:HI be:EN b:EN cd:EN,beshram,tm beshram the beshram ho or beshram hi rhoge,0.442,0.798
75,apne baap ko sabse neeche rakha hai khiloda gt gt gt gt gt chindi star,apne:HI baap:HI ko:HI sabse:HI neeche:HI rakha:HI hai:HI khiloda:HI gt:EN gt:EN gt:EN gt:EN gt:EN chindi:EN star:EN,star,chindi,0.1,0.75
208,pehle apne jasminbhasin or jasly fans ko bolo kisne trolling start ki who is real negative otherwise m kyu jasminbhasin ko troll karu likes se hi pata chal raha h ki sara fandom kesa h koi 1 2 nahi h,pehle:HI apne:HI jasminbhasin:HI or:EN jasly:HI fans:EN ko:HI bolo:HI kisne:HI trolling:EN start:EN ki:HI who:EN is:EN real:EN negative:EN otherwise:EN m:EN kyu:HI jasminbhasin:HI ko:HI troll:EN karu:HI likes:EN se:HI hi:HI pata:HI chal:HI raha:HI h:EN ki:HI sara:HI fandom:EN kesa:HI h:EN koi:HI 1:EN 2:EN nahi:HI h:EN,fandom,sara fandom kesa h,0.483,0.767
487,yes doctor amma ko sba kuch ata hai siwaye apne pagal beta ke ilaaj ke,yes:EN doctor:EN amma:HI ko:HI sba:EN kuch:HI ata:HI hai:HI siwaye:HI apne:HI pagal:HI beta:HI ke:HI ilaaj:HI ke:HI,beta,pagal beta ke,0.405,0.51
280,ye army pakistan ki juron me baith gai hai jo department utha kr dekh lo retired army ka bnda uska sadar bna betha ho ga pakistan inhon ne apne baap ki jageer samjha hua hai,ye:HI army:EN pakistan:EN ki:HI juron:HI me:HI baith:HI gai:HI hai:HI jo:HI department:EN utha:HI kr:EN dekh:HI lo:HI retired:EN army:EN ka:HI bnda:HI uska:HI sadar:HI bna:HI betha:HI ho:HI ga:HI pakistan:EN inhon:HI ne:HI apne:HI baap:HI ki:HI jageer:HI samjha:HI hua:HI hai:HI,army,juron me baith gai hai jo department utha kr dekh lo retired army ka bnda uska sadar bna betha ho ga,0.258,0.654
269,dimpy splitsvilla dating show hai ye show mein apne stands lene ka hai kuch bhi blind followers illogical povs pratik for the win pratiksehajpal biggbossott,dimpy:EN splitsvilla:EN dating:EN show:EN hai:HI ye:HI show:EN mein:HI apne:HI stands:EN lene:HI ka:HI hai:HI kuch:HI bhi:HI blind:EN followers:EN illogical:EN povs:HI pratik:HI for:EN the:EN win:EN pratiksehajpal:HI biggbossott:HI,followers,blind followers illogical povs,0.179,0.64
221,who has seen god food parmatma apne atmaon ko kabhi kasht nahin hone dete jo unki sharan mein hain call braham jo 84 lakh yoni mein dal ke rakhta hai hai vah unhen 84 lakh yoni se nikalne nahin deta purn parmatma unhen apni bhakti dekar nikale jaate hain gyan ganga padhen,who:EN has:EN seen:EN god:EN food:EN parmatma:EN apne:HI atmaon:HI ko:HI kabhi:HI kasht:HI nahin:HI hone:HI dete:HI jo:HI unki:HI sharan:HI mein:HI hain:HI call:EN braham:EN jo:HI 84:EN lakh:HI yoni:HI mein:HI dal:HI ke:HI rakhta:HI hai:HI hai:HI vah:HI unhen:HI 84:EN lakh:HI yoni:HI se:HI nikalne:HI nahin:HI deta:HI purn:HI parmatma:EN unhen:HI apni:HI bhakti:HI dekar:HI nikale:HI jaate:HI hain:HI gyan:HI ganga:HI padhen:HI,braham,84 lakh yoni mein dal ke rakhta hai,0.35,0.469
262,pratik ne galat nahi kiya uska todha tone bolne ka sweet nahi hai but uska intention galat nahi tha shamita madam apne jiju ka frustration nikal rahi hai and divya vaidya jaise bajj rahi hai har ladai me and gandi galiyaan de rahi hai aur log usko rubi se compare kre hai,pratik:HI ne:HI galat:HI nahi:HI kiya:HI uska:HI todha:HI tone:EN bolne:HI ka:HI sweet:EN nahi:HI hai:HI but:EN uska:HI intention:EN galat:HI nahi:HI tha:HI shamita:HI madam:EN apne:HI jiju:HI ka:HI frustration:EN nikal:HI rahi:HI hai:HI and:EN divya:HI vaidya:HI jaise:HI bajj:HI rahi:HI hai:HI har:HI ladai:HI me:HI and:EN gandi:HI galiyaan:HI de:HI rahi:HI hai:HI aur:HI log:HI usko:HI rubi:HI se:HI compare:EN kre:HI hai:HI,tone,bolne ka sweet nahi hai,0.509,0.359
595,nalla squad aur naazians twitter pe fake salmanic banne ka drama band kar de to accha hoga salmanic or sidhearts dono hatred face karte hai apne idol ki age ko lekar apne idol ki success ko lekar tumhara drama smjh aata kyu ki tumhe lagta hai bhai naaz aur nalle ko cast,nalla:HI squad:EN aur:HI naazians:HI twitter:EN pe:HI fake:EN salmanic:HI banne:HI ka:HI drama:EN band:HI kar:HI de:HI to:HI accha:HI hoga:HI salmanic:HI or:EN sidhearts:HI dono:HI hatred:EN face:EN karte:HI hai:HI apne:HI idol:EN ki:HI age:EN ko:HI lekar:HI apne:HI idol:EN ki:HI success:EN ko:HI lekar:HI tumhara:HI drama:EN smjh:HI aata:HI kyu:HI ki:HI tumhe:HI lagta:HI hai:HI bhai:HI naaz:HI aur:HI nalle:EN ko:HI cast:EN,drama,smjh aata,0.25,0.8
238,sb loge apne bcheo ko banata ki indian team koi esa player tha jo stamp ke pichhe rh kr match change kr deta h guys follow this account,sb:EN loge:HI apne:HI bcheo:HI ko:HI banata:HI ki:HI indian:EN team:EN koi:HI esa:HI player:EN tha:HI jo:HI stamp:EN ke:HI pichhe:HI rh:HI kr:EN match:EN change:EN kr:EN deta:HI h:EN guys:EN follow:EN this:EN account:EN,player,stamp ke pichhe rh kr match change kr deta h,0.727,0.596
159,scindia kab kiya bhai maratha ne raaj ir maratha lootere the unhone apne sath mulle pindari ko sath rakha or jo aapne padha wo itihash nahi unka pr h maratha khood mughal ke naukar ke naukar the or itihash kholu parathao ka,scindia:HI kab:HI kiya:HI bhai:HI maratha:HI ne:HI raaj:HI ir:EN maratha:HI lootere:HI the:HI unhone:HI apne:HI sath:HI mulle:EN pindari:EN ko:HI sath:HI rakha:HI or:EN jo:HI aapne:HI padha:HI wo:HI itihash:HI nahi:HI unka:HI pr:EN h:EN maratha:HI khood:HI mughal:HI ke:HI naukar:HI ke:HI naukar:HI the:HI or:EN itihash:HI kholu:HI parathao:HI ka:HI,itihash,itihash nahi unka pr h maratha khood mughal ke naukar ke naukar the,0.1,0.75
454,abe yar kam se kam tag to sahi use karo pata nahi kaunsa apne man se spelling ghusa de rahe 8 years of blockbuster express 8yearsofatgchennaiexpress,abe:HI yar:HI kam:HI se:HI kam:HI tag:EN to:EN sahi:HI use:HI karo:HI pata:HI nahi:HI kaunsa:HI apne:HI man:HI se:HI spelling:EN ghusa:HI de:HI rahe:HI 8:EN years:EN of:EN blockbuster:EN express:EN 8yearsofatgchennaiexpress:HI,tag,sahi use karo pata nahi kaunsa apne man se spelling ghusa de rahe,0.333,0.529
15,view k chakkar or paise ki laalach me india chle gye jawaid bhai apne kafil ko dhoka dekar toh ek hi news bar bar repeat krna inke liye kon c badi baat h bhai,view:EN k:HI chakkar:HI or:EN paise:HI ki:HI laalach:HI me:HI india:EN chle:HI gye:HI jawaid:EN bhai:HI apne:HI kafil:HI ko:HI dhoka:HI dekar:HI toh:HI ek:HI hi:HI news:EN bar:EN bar:EN repeat:EN krna:HI inke:HI liye:HI kon:HI c:EN badi:HI baat:HI h:EN bhai:HI,news,ek hi news bar bar repeat krna inke liye kon c badi baat h,0.2,0.65
226,desh hit mai apne abhi tak kya kiya sirf nafrat key ilawa apka logo ka ek he agenda sirf ek jatti dhram ko gali 2 logo mai nafrat bato yeah hai apki deshbhaqti,desh:HI hit:EN mai:HI apne:HI abhi:HI tak:HI kya:HI kiya:HI sirf:HI nafrat:HI key:HI ilawa:HI apka:HI logo:EN ka:HI ek:HI he:HI agenda:EN sirf:HI ek:HI jatti:HI dhram:HI ko:HI gali:HI 2:EN logo:EN mai:HI nafrat:HI bato:HI yeah:EN hai:HI apki:HI deshbhaqti:HI,deshbhaqti,apki deshbhaqti,0.12,0.78
367,lagi padi hai bas parso se unit test shuru aur har baar ki tarah ghanta kuch nahi aata will have to put my work on a pause for 10 days aap bhi bata dijiye apne haal,lagi:HI padi:HI hai:HI bas:HI parso:HI se:HI unit:EN test:EN shuru:HI aur:HI har:HI baar:HI ki:HI tarah:HI ghanta:HI kuch:HI nahi:HI aata:HI will:EN have:EN to:EN put:EN my:EN work:EN on:EN a:EN pause:EN for:EN 10:EN days:EN aap:HI bhi:HI bata:HI dijiye:HI apne:HI haal:HI,unit test,lagi padi hai,0.15,0.75
477,apne fayde k liye khub apni behn beti ko mia bhai s biyah krwaya h tohni to sbko jija bnya h bhikari bc,apne:HI fayde:HI k:HI liye:HI khub:HI apni:HI behn:HI beti:HI ko:HI mia:HI bhai:HI s:EN biyah:HI krwaya:HI h:EN tohni:HI to:HI sbko:HI jija:HI bnya:HI h:EN bhikari:HI bc:EN,bhiyah,apne fayde k liye khub apni behn beti ko mia bhai s biyah krwaya h tohni to sbko jija bnya h bhikari bc,0.25,0.7
193,guys dont give thm footage joh abhi abhi apne matlab ke liye shehnaaz ki praise kar rahe hai ignore nd enjoy footage chaiye bas shehnaazgill,guys:EN dont:EN give:EN thm:EN footage:EN joh:HI abhi:HI abhi:HI apne:HI matlab:HI ke:HI liye:HI shehnaaz:HI ki:HI praise:EN kar:HI rahe:HI hai:HI ignore:EN nd:EN enjoy:EN footage:EN chaiye:HI bas:HI shehnaazgill:HI,shehnaazgill,footage chaiye bas,0.15,0.8
371,hm bhi dropout krne ja rhe apne university se admission lene ja rhe lpu and then 2024 paris me bronze to le hi aayenge,hm:HI bhi:HI dropout:EN krne:HI ja:HI rhe:HI apne:HI university:EN se:HI admission:EN lene:HI ja:HI rhe:HI lpu:EN and:EN then:EN 2024:EN paris:EN me:HI bronze:EN to:EN le:HI hi:HI aayenge:HI,university,dropout krne ja rhe,0.15,0.75
250,ki jai waah applause to you meri jgh apne aap ko tag kiya ree did the same ik everyone is so down rn so,ki:HI jai:HI waah:HI applause:EN to:EN you:EN meri:HI jgh:HI apne:HI aap:HI ko:HI tag:EN kiya:HI ree:HI did:EN the:EN same:EN ik:HI everyone:EN is:EN so:EN down:EN rn:EN so:EN,tag,apne aap ko tag kiya,0.15,0.7
513,khan apne mulk ko pahle dakho baki bad me sochna khane ko roti nahi nikla kasmir lane,khan:EN apne:HI mulk:HI ko:HI pahle:HI dakho:HI baki:HI bad:EN me:HI sochna:HI khane:HI ko:HI roti:HI nahi:HI nikla:HI kasmir:EN lane:EN,mulk,apne mulk ko pahle dakho baki bad me sochna,0.163,0.662
209,agar apne idol ki taraf tumhare pyaar aur dedication mein jazba hai sachaai hai toh koi kuch bhi karle kuch bhi keh le tum kabhi fd chhodoge nahi aur agar kisi ko rift ke liye blame kar rahe ho toh socho uss akele insaan ka jazbaa tum sab pe kitna bhaari pad gaya,agar:HI apne:HI idol:EN ki:HI taraf:HI tumhare:HI pyaar:HI aur:HI dedication:EN mein:HI jazba:EN hai:HI sachaai:HI hai:HI toh:HI koi:HI kuch:HI bhi:HI karle:HI kuch:HI bhi:HI keh:HI le:HI tum:HI kabhi:HI fd:EN chhodoge:HI nahi:HI aur:HI agar:HI kisi:HI ko:HI rift:EN ke:HI liye:HI blame:EN kar:HI rahe:HI ho:HI toh:HI socho:HI uss:HI akele:HI insaan:HI ka:HI jazbaa:EN tum:HI sab:HI pe:HI kitna:HI bhaari:HI pad:HI gaya:HI,insaan,jazbaa tum sab pe kitna bhaari pad gaya,0.717,0.54
20,raffle pe debets karle dango pe karle apne chamcho pe karle pm care fund pe karl mahangai pe karle ye karke dikha pahle sahi mudde pe karle pahle,raffle:EN pe:HI debets:HI karle:HI dango:EN pe:HI karle:HI apne:HI chamcho:HI pe:HI karle:HI pm:EN care:EN fund:EN pe:HI karl:HI mahangai:HI pe:HI karle:HI ye:HI karke:HI dikha:HI pahle:HI sahi:HI mudde:HI pe:HI karle:HI pahle:HI,raffle,debets karle,0.25,0.7
348,chopra1 sai jo physically fit hai jnke physical conduct krwaye jaye please jab apne fake corona report wale bacho ko vhance dia to hume bhi milna chahie hmne to genuine medical lga rakha hai delhipolicemedicalphysical,chopra1:HI sai:HI jo:HI physically:EN fit:EN hai:HI jnke:HI physical:EN conduct:EN krwaye:HI jaye:HI please:EN jab:HI apne:HI fake:EN corona:EN report:EN wale:HI bacho:HI ko:HI vhance:HI dia:EN to:HI hume:HI bhi:HI milna:HI chahie:HI hmne:HI to:HI genuine:EN medical:EN lga:HI rakha:HI hai:HI delhipolicemedicalphysical:HI,medical,genuine lga rakha hai,0.738,0.425
23,inko kyu justification dena h yeh log hai kon pata nahi apne ap ko kya smjhte hai ha hai voh galat fir bhi humko toh voh jo kare sahi lagta hai deal with it nikkitamboli,inko:HI kyu:HI justification:EN dena:HI h:EN yeh:HI log:HI hai:HI kon:HI pata:HI nahi:HI apne:HI ap:HI ko:HI kya:HI smjhte:HI hai:HI ha:HI hai:HI voh:HI galat:HI fir:HI bhi:HI humko:HI toh:HI voh:HI jo:HI kare:HI sahi:HI lagta:HI hai:HI deal:EN with:EN it:EN nikkitamboli:HI,yeh log,pata nahi apne ap ko kya smjhte hai,0.15,0.8
269,dimpy splitsvilla dating show hai ye show mein apne stands lene ka hai kuch bhi blind followers illogical povs pratik for the win pratiksehajpal biggbossott,dimpy:EN splitsvilla:EN dating:EN show:EN hai:HI ye:HI show:EN mein:HI apne:HI stands:EN lene:HI ka:HI hai:HI kuch:HI bhi:HI blind:EN followers:EN illogical:EN povs:HI pratik:HI for:EN the:EN win:EN pratiksehajpal:HI biggbossott:HI,pratik,pratik for the win pratiksehajpal biggbossott,0.782,0.673
597,ji india shahed tum logon ke maata pita ne acchi parvarish ki hogi lekin tum logon ko badla hum musalmaan ne nahi balke bjp walon ne aur yati narsing saraswati jaise logon ne badal diya hai apne hate speeches se yehi satya hai tu chahe maan ya na maan tum log phirse desh ke tukde karaoge,ji:HI india:EN shahed:EN tum:HI logon:HI ke:HI maata:HI pita:HI ne:HI acchi:HI parvarish:HI ki:HI hogi:HI lekin:HI tum:HI logon:HI ko:HI badla:HI hum:HI musalmaan:HI ne:HI nahi:HI balke:HI bjp:EN walon:HI ne:HI aur:HI yati:EN narsing:HI saraswati:HI jaise:HI logon:HI ne:HI badal:HI diya:HI hai:HI apne:HI hate:EN speeches:EN se:HI yehi:HI satya:HI hai:HI tu:HI chahe:HI maan:HI ya:HI na:HI maan:HI tum:HI log:HI phirse:HI desh:HI ke:HI tukde:HI karaoge:HI,hate speeches,badal diya hai,0.15,0.85
298,ab jab problem me samjh nhi aa rha kya bole to apne step father china ko yaad karlo yahi aukat hai porkistanis ki 4 war hindustan se hare 93000 coward soldiers ne surrender kiya kargil me marva li phir bhi kashmir chahiye beggers ko,ab:HI jab:HI problem:EN me:HI samjh:HI nhi:HI aa:HI rha:HI kya:HI bole:HI to:HI apne:HI step:EN father:EN china:EN ko:HI yaad:HI karlo:HI yahi:HI aukat:HI hai:HI porkistanis:HI ki:HI 4:EN war:EN hindustan:HI se:HI hare:HI 93000:HI coward:EN soldiers:EN ne:HI surrender:EN kiya:HI kargil:HI me:HI marva:EN li:HI phir:HI bhi:HI kashmir:HI chahiye:HI beggers:HI ko:HI,kargil,kargil me marva li,0.08,0.82
87,mr and mrs shoaib jahan kahin bhi hain baraye meherbani apne kiye ko ja kar saaf karen aur dobara wahan janey ke zehmat bhi na karen plz share,mr:EN and:EN mrs:EN shoaib:HI jahan:HI kahin:HI bhi:HI hain:HI baraye:HI meherbani:HI apne:HI kiye:HI ko:HI ja:HI kar:HI saaf:HI karen:HI aur:HI dobara:HI wahan:HI janey:HI ke:HI zehmat:HI bhi:HI na:HI karen:HI plz:EN share:EN,kiye,baraye meherbani apne kiye ko ja kar saaf karen,0.05,0.7
539,how did u decide that i haven t done khud hi apne narratives banti ho tum ring master and y shld i believe u that u hv done tumne scuba karne ka aur underwater phobia nalle ko hai ya nhi iska kya connection hai rahulvaidya,how:EN did:EN u:EN decide:EN that:EN i:EN haven:EN t:EN done:EN khud:HI hi:HI apne:HI narratives:EN banti:HI ho:HI tum:HI ring:EN master:EN and:EN y:EN shld:EN i:EN believe:EN u:EN that:EN u:EN hv:EN done:EN tumne:HI scuba:EN karne:HI ka:HI aur:HI underwater:EN phobia:EN nalle:EN ko:HI hai:HI ya:HI nhi:HI iska:HI kya:HI connection:EN hai:HI rahulvaidya:HI,narratives,khud hi apne narratives banti ho,0.542,0.698
498,jammuandkashmir k bare me badi tilmilati aavaz me bolte he zara bagal me b jank liya karo tumhare apne log kya keh rahe hme puchhna chahta hu inhi log ne pakistan zindabad k nare lagaye hote aap kya karte jitna aapka he ussr kayi zyada ye desh hamara he,jammuandkashmir:HI k:HI bare:HI me:HI badi:HI tilmilati:HI aavaz:HI me:HI bolte:HI he:HI zara:HI bagal:HI me:HI b:EN jank:EN liya:HI karo:HI tumhare:HI apne:HI log:HI kya:HI keh:HI rahe:HI hme:HI puchhna:HI chahta:HI hu:HI inhi:HI log:HI ne:HI pakistan:EN zindabad:HI k:HI nare:EN lagaye:HI hote:HI aap:HI kya:HI karte:HI jitna:HI aapka:HI he:HI ussr:EN kayi:HI zyada:HI ye:HI desh:HI hamara:HI he:HI,jammuandkashmir,badi tilmilati aavaz me bolte he zara bagal me b jank liya karo,0.528,0.625
68,suno gor se soniyo walon buri nazar na hmpe dalo chahe jitna zor laglo sabse aage honge ipznians hamne kha hai tumbhi manolo aao hum miljulke waapis laaye apne show ko we want ipzn2,suno:HI gor:HI se:HI soniyo:HI walon:HI buri:HI nazar:HI na:HI hmpe:HI dalo:HI chahe:HI jitna:HI zor:HI laglo:HI sabse:HI aage:HI honge:HI ipznians:HI hamne:HI kha:HI hai:HI tumbhi:HI manolo:EN aao:HI hum:HI miljulke:HI waapis:HI laaye:HI apne:HI show:EN ko:HI we:EN want:EN ipzn2:HI,show,waapis laaye,0.75,0.7
263,ji aap ka performance bhi olympics mai bahute gajab raha aur 23 position par rahe jo ki apne aap me hi gajab hai aap champ hai aur ham sab ko aap par garv hai equestrian,ji:HI aap:HI ka:HI performance:EN bhi:HI olympics:EN mai:HI bahute:HI gajab:HI raha:HI aur:HI 23:EN position:EN par:HI rahe:HI jo:HI ki:HI apne:HI aap:HI me:HI hi:HI gajab:HI hai:HI aap:HI champ:EN hai:HI aur:HI ham:HI sab:HI ko:HI aap:HI par:HI garv:HI hai:HI equestrian:EN,performance,bahute gajab raha aur 23 position par rahe jo ki apne aap me hi gajab hai,0.2,0.7
540,zain apne baby ka nunu ko apne ma ke andar daal wese bhi tum logo mai ye chlta h,zain:HI apne:HI baby:EN ka:HI nunu:EN ko:HI apne:HI ma:HI ke:HI andar:HI daal:HI wese:HI bhi:HI tum:HI logo:EN mai:HI ye:HI chlta:HI h:EN,nunu,apne ma ke andar daal,0.05,0.85
53,mujhe meri mehnat ki kamai wapis karo mujhe apne beti ki shadi karwani hai aur mere kareeb 3 lakh rupee sahara sebi case mein fusse hue hai please mera paisa dedo god is watching,mujhe:HI meri:HI mehnat:HI ki:HI kamai:HI wapis:HI karo:HI mujhe:HI apne:HI beti:HI ki:HI shadi:HI karwani:HI hai:HI aur:HI mere:HI kareeb:HI 3:EN lakh:HI rupee:EN sahara:EN sebi:HI case:EN mein:HI fusse:HI hue:HI hai:HI please:EN mera:HI paisa:HI dedo:HI god:EN is:EN watching:EN,paisa,please mera paisa dedo,0.334,0.584
133,tune to apne pahle tweet me hi kar di thi miyaan,tune:EN to:EN apne:HI pahle:HI tweet:EN me:HI hi:HI kar:HI di:HI thi:HI miyaan:HI,tweet,pahle tweet me hi kar di thi,0.623,0.522
11,d h nair koi apne jeb se nahin deta owaisi bhi nahin deta,d:EN h:EN nair:HI koi:HI apne:HI jeb:HI se:HI nahin:HI deta:HI owaisi:EN bhi:HI nahin:HI deta:HI,owaisi,bhi nahin deta,0.35,0.45
556,agar hindu khatre main hai bhi to forces ko lao aur agar constitution main vishwas nahi h to apne baccho ko bhej do talwaro ke sath choice is in your hands either educate your children with books or hatered,agar:HI hindu:EN khatre:HI main:HI hai:HI bhi:HI to:HI forces:EN ko:HI lao:EN aur:HI agar:HI constitution:EN main:HI vishwas:HI nahi:HI h:EN to:EN apne:HI baccho:HI ko:HI bhej:HI do:HI talwaro:HI ke:HI sath:HI choice:EN is:EN in:EN your:EN hands:EN either:EN educate:EN your:EN children:EN with:EN books:EN or:EN hatered:HI,forces,forces ko lao,0.501,0.618
595,nalla squad aur naazians twitter pe fake salmanic banne ka drama band kar de to accha hoga salmanic or sidhearts dono hatred face karte hai apne idol ki age ko lekar apne idol ki success ko lekar tumhara drama smjh aata kyu ki tumhe lagta hai bhai naaz aur nalle ko cast,nalla:HI squad:EN aur:HI naazians:HI twitter:EN pe:HI fake:EN salmanic:HI banne:HI ka:HI drama:EN band:HI kar:HI de:HI to:HI accha:HI hoga:HI salmanic:HI or:EN sidhearts:HI dono:HI hatred:EN face:EN karte:HI hai:HI apne:HI idol:EN ki:HI age:EN ko:HI lekar:HI apne:HI idol:EN ki:HI success:EN ko:HI lekar:HI tumhara:HI drama:EN smjh:HI aata:HI kyu:HI ki:HI tumhe:HI lagta:HI hai:HI bhai:HI naaz:HI aur:HI nalle:EN ko:HI cast:EN,squad,nalla,0.15,0.65
123,clarke apne fd me hi itni gaaliya khayi hai but what can you say if a person becomes used to it,clarke:EN apne:HI fd:EN me:HI hi:HI itni:HI gaaliya:HI khayi:HI hai:HI but:EN what:EN can:EN you:EN say:EN if:EN a:EN person:EN becomes:EN used:EN to:EN it:EN,clarke,apne fd me hi itni gaaliya khayi hai,0.492,0.748
259,olympics me medal har kisi ko chahie but har kisi ko apne bacho ko khelte hue bhi ni dekha jata,olympics:EN me:HI medal:EN har:HI kisi:HI ko:HI chahie:HI but:EN har:HI kisi:HI ko:HI apne:HI bacho:HI ko:HI khelte:HI hue:HI bhi:HI ni:HI dekha:HI jata:HI,khelte,apne bacho ko khelte hue bhi ni dekha jata,0.354,0.508
147,apni ehmiyat kesi k agy janni hai to suno aj apne kesi azeez ya kesi friend ko message na kro or apni oqaat dekh loo,apni:HI ehmiyat:HI kesi:HI k:HI agy:HI janni:EN hai:HI to:HI suno:HI aj:HI apne:HI kesi:HI azeez:EN ya:HI kesi:HI friend:EN ko:HI message:EN na:HI kro:HI or:EN apni:HI oqaat:HI dekh:HI loo:HI,friend,message na kro or apni oqaat dekh loo,0.15,0.7
260,aur har cheej hone k baad unko nfs means not found suitable kr diya jata hai direct interview ki jha post hai sb apne liye jaate agar koi dekhna chaahe to bharat ki jani mani university bhu ka uthakr dekh le,aur:HI har:HI cheej:HI hone:HI k:HI baad:HI unko:HI nfs:EN means:EN not:EN found:EN suitable:EN kr:EN diya:HI jata:HI hai:HI direct:EN interview:EN ki:HI jha:HI post:EN hai:HI sb:EN apne:HI liye:HI jaate:HI agar:HI koi:HI dekhna:HI chaahe:HI to:HI bharat:HI ki:HI jani:HI mani:HI university:EN bhu:HI ka:HI uthakr:HI dekh:HI le:HI,interview,nfs means not found suitable kr diya jata hai direct interview ki jha post hai sb apne liye jaate,0.369,0.551
312,tu apne friend ko bata da phir on dono ko mujce mila da we want ipzn2,tu:HI apne:HI friend:EN ko:HI bata:HI da:HI phir:HI on:EN dono:HI ko:HI mujce:HI mila:HI da:HI we:EN want:EN ipzn2:HI,friend,bata da phir on dono ko mujce mila da,0.525,0.45
143,csir net notification abh notification aayga abh examination hoga but exam ke time virus yaad aata hai but the same politicians doing rallies without mask and at that point of time there is no virus arey sir jrf age criteria apne hi set kra hai,csir:EN net:EN notification:EN abh:HI notification:EN aayga:HI abh:HI examination:EN hoga:HI but:EN exam:EN ke:HI time:EN virus:EN yaad:HI aata:HI hai:HI but:EN the:EN same:EN politicians:EN doing:EN rallies:EN without:EN mask:EN and:EN at:EN that:EN point:EN of:EN time:EN there:EN is:EN no:EN virus:EN arey:HI sir:HI jrf:HI age:EN criteria:EN apne:HI hi:HI set:EN kra:HI hai:HI,politicians,doing rallies without mask and at that point of time there is no virus,0.15,0.8
143,csir net notification abh notification aayga abh examination hoga but exam ke time virus yaad aata hai but the same politicians doing rallies without mask and at that point of time there is no virus arey sir jrf age criteria apne hi set kra hai,csir:EN net:EN notification:EN abh:HI notification:EN aayga:HI abh:HI examination:EN hoga:HI but:EN exam:EN ke:HI time:EN virus:EN yaad:HI aata:HI hai:HI but:EN the:EN same:EN politicians:EN doing:EN rallies:EN without:EN mask:EN and:EN at:EN that:EN point:EN of:EN time:EN there:EN is:EN no:EN virus:EN arey:HI sir:HI jrf:HI age:EN criteria:EN apne:HI hi:HI set:EN kra:HI hai:HI,notification,abh notification aayga,0.552,0.43
339,m 24 tum jaise mere bhai ho bhi nahi sakte raam ka name lekr lymching krte ho genocide ki planning karte ho ab lynching mat krwa dena apne bhakt sathiyo ke sath raam raam chillakr tum or tumhare jaise na izzat dena jante na izzat deserve krte,m:EN 24:EN tum:HI jaise:HI mere:HI bhai:HI ho:HI bhi:HI nahi:HI sakte:HI raam:HI ka:HI name:EN lekr:HI lymching:HI krte:HI ho:HI genocide:EN ki:HI planning:EN karte:HI ho:HI ab:HI lynching:EN mat:HI krwa:HI dena:HI apne:HI bhakt:HI sathiyo:HI ke:HI sath:HI raam:HI raam:HI chillakr:HI tum:HI or:EN tumhare:HI jaise:HI na:HI izzat:HI dena:HI jante:HI na:HI izzat:HI deserve:EN krte:HI,bhakt,lynching mat krwa dena apne bhakt sathiyo ke sath,0.174,0.71
422,sir apne bola th k sare vacancy jldi bhri jaygi police bharti k form kb s aare 7 year ho gy,sir:HI apne:HI bola:HI th:EN k:HI sare:HI vacancy:EN jldi:HI bhri:HI jaygi:HI police:EN bharti:HI k:HI form:EN kb:HI s:EN aare:HI 7:EN year:EN ho:HI gy:EN,bharti,kb s aare 7 year ho gy,0.08,0.8
456,sir mai private job krta hu bt income itna hi ho pata hai jis se ghar chal sake bt mai or jyada paisa kamana chahta hu taki apne sapno ko hakikat me badal saku apne desh ke liye olympic me gold medal jit saku pr koi rasta nhi mil rha,sir:HI mai:HI private:EN job:EN krta:HI hu:HI bt:HI income:EN itna:HI hi:HI ho:HI pata:HI hai:HI jis:HI se:HI ghar:HI chal:HI sake:HI bt:HI mai:HI or:EN jyada:HI paisa:HI kamana:HI chahta:HI hu:HI taki:HI apne:HI sapno:HI ko:HI hakikat:HI me:HI badal:HI saku:HI apne:HI desh:HI ke:HI liye:HI olympic:EN me:HI gold:EN medal:EN jit:HI saku:HI pr:EN koi:HI rasta:HI nhi:HI mil:HI rha:HI,income,itna hi ho pata hai jis se ghar chal sake,0.531,0.492
117,1 i am i ve really supporting friends and cousin bas wo bechare fikar na karein islie sad thoughts fekne yahan ati 2 tauba tauba koi dhang ka kam kar lijiye dosto ko itna affection diya hota apne to aaj mere secret msg me ake apni tanhai ka shor nahi macha rhe hote,1:EN i:EN am:EN i:EN ve:HI really:EN supporting:EN friends:EN and:EN cousin:EN bas:HI wo:HI bechare:HI fikar:HI na:HI karein:HI islie:HI sad:EN thoughts:EN fekne:HI yahan:HI ati:HI 2:EN tauba:HI tauba:HI koi:HI dhang:HI ka:HI kam:HI kar:HI lijiye:HI dosto:HI ko:HI itna:HI affection:EN diya:HI hota:HI apne:HI to:HI aaj:HI mere:HI secret:EN msg:HI me:HI ake:HI apni:HI tanhai:HI ka:HI shor:HI nahi:HI macha:HI rhe:HI hote:HI,friends,supporting friends,0.716,0.45
430,my cheeks i i haven t stopped smiling sksnjsjsmdkdndjdkkdkdkdkdk aaaaaaaaa he was going to kiss her ksskksk and the way she so comfortably leans over him wo aaram se apne bande pe gadi thi aur kaku bhi hogya ab bas agmb tpm apl ggb,my:EN cheeks:EN i:EN i:EN haven:EN t:EN stopped:EN smiling:EN sksnjsjsmdkdndjdkkdkdkdkdk:HI aaaaaaaaa:HI he:HI was:EN going:EN to:EN kiss:EN her:EN ksskksk:HI and:EN the:EN way:EN she:EN so:EN comfortably:EN leans:EN over:EN him:EN wo:HI aaram:HI se:HI apne:HI bande:HI pe:HI gadi:HI thi:HI aur:HI kaku:EN bhi:HI hogya:HI ab:HI bas:HI agmb:HI tpm:EN apl:EN ggb:HI,scene,the way she so comfortably leans over him wo aaram se apne bande pe gadi thi,0.75,0.59
424,hitler nahi hai ya adarnie tejpratap sabb galat nahi bol rahe ve dono bhai anti forward venomous thought ke poshak hai aur apne duty ka nirvahan kar rahe hai,hitler:EN nahi:HI hai:HI ya:HI adarnie:HI tejpratap:HI sabb:HI galat:HI nahi:HI bol:HI rahe:HI ve:HI dono:HI bhai:HI anti:EN forward:EN venomous:EN thought:EN ke:HI poshak:HI hai:HI aur:HI apne:HI duty:EN ka:HI nirvahan:HI kar:HI rahe:HI hai:HI,tejpratap,anti forward venomous thought ke poshak hai aur apne duty ka nirvahan kar rahe hai,0.376,0.606
361,mishra chewingum padh to le kya likha hai tum lynching genocide enjoy krte ho karlo pr ganga yamuna se apne logo ki laashe uthalo phle,mishra:HI chewingum:EN padh:HI to:EN le:HI kya:HI likha:HI hai:HI tum:HI lynching:EN genocide:EN enjoy:EN krte:HI ho:HI karlo:HI pr:EN ganga:HI yamuna:HI se:HI apne:HI logo:EN ki:HI laashe:HI uthalo:HI phle:HI,mishra,chewingum padh to le kya likha hai,0.15,0.75
220,neki insan m aib nh neki talash kro q k allah bhi apne bando n k beshumar gunnaho ko maaf kar k ek neki dekhta h,neki:HI insan:HI m:EN aib:EN nh:EN neki:HI talash:HI kro:HI q:EN k:HI allah:HI bhi:HI apne:HI bando:HI n:EN k:HI beshumar:HI gunnaho:HI ko:HI maaf:HI kar:HI k:HI ek:HI neki:HI dekhta:HI h:EN,allah,beshumar gunnaho ko maaf kar k ek neki dekhta h,0.95,0.4
197,madhypradesh gdp per capita mai 27th rank par h apne bhai or madhypradesh k tatha kathit mama dhyan de trillion dollars ka state h agar state gdp or per capita nhi sudhar sakate to 18 saal se kiya kya,madhypradesh:HI gdp:EN per:EN capita:EN mai:HI 27th:EN rank:EN par:HI h:EN apne:HI bhai:HI or:EN madhypradesh:HI k:HI tatha:HI kathit:HI mama:EN dhyan:HI de:HI trillion:EN dollars:EN ka:HI state:EN h:EN agar:HI state:EN gdp:EN or:EN per:HI capita:EN nhi:HI sudhar:HI sakate:HI to:EN 18:EN saal:HI se:HI kiya:HI kya:HI,18 saal,kiya kya,0.12,0.8
594,mla johar dada apse request hai is latter ki tarah aap bhi apne latter ped pe likh ke cm sab se avgat karane ki kirpa kare,mla:EN johar:HI dada:HI apse:HI request:EN hai:HI is:HI latter:EN ki:HI tarah:HI aap:HI bhi:HI apne:HI latter:EN ped:HI pe:HI likh:HI ke:HI cm:EN sab:HI se:HI avgat:HI karane:HI ki:HI kirpa:HI kare:HI,cm,avgat karane ki kirpa kare,0.6,0.35
571,bhai apne mere gm tweet pe reply nai kiya inquiry hai apki vc ao randi ke bache,bhai:HI apne:HI mere:HI gm:EN tweet:EN pe:HI reply:EN nai:HI kiya:HI inquiry:EN hai:HI apki:HI vc:EN ao:HI randi:EN ke:HI bache:HI,reply,nai kiya,0.15,0.75
197,madhypradesh gdp per capita mai 27th rank par h apne bhai or madhypradesh k tatha kathit mama dhyan de trillion dollars ka state h agar state gdp or per capita nhi sudhar sakate to 18 saal se kiya kya,madhypradesh:HI gdp:EN per:EN capita:EN mai:HI 27th:EN rank:EN par:HI h:EN apne:HI bhai:HI or:EN madhypradesh:HI k:HI tatha:HI kathit:HI mama:EN dhyan:HI de:HI trillion:EN dollars:EN ka:HI state:EN h:EN agar:HI state:EN gdp:EN or:EN per:HI capita:EN nhi:HI sudhar:HI sakate:HI to:EN 18:EN saal:HI se:HI kiya:HI kya:HI,gdp per capita,27th rank par h,0.386,0.463
258,who has seen god satguru rampal ji maharaj apne a aadhyatmik gyan se sabhi dharm granth kaun se praman kar rahe hain purn parmatma kabir dev hai jinhone 6 din mein srishti rachi aur ham sabhi ko banaa adhik jankari ke liye padhaai gyan ganga pustak,who:EN has:EN seen:EN god:EN satguru:HI rampal:HI ji:HI maharaj:HI apne:HI a:EN aadhyatmik:HI gyan:HI se:HI sabhi:HI dharm:HI granth:EN kaun:HI se:HI praman:HI kar:HI rahe:HI hain:HI purn:HI parmatma:EN kabir:HI dev:HI hai:HI jinhone:HI 6:EN din:HI mein:HI srishti:HI rachi:HI aur:HI ham:HI sabhi:HI ko:HI banaa:HI adhik:HI jankari:HI ke:HI liye:HI padhaai:HI gyan:HI ganga:HI pustak:HI,gyan,aadhyatmik gyan se sabhi dharm granth kaun se praman kar rahe hain,0.85,0.6
35,ahaan to ishqi jaise main tumare iss ring ko apne pass rakha main tumhe bhi apne pass save rakhna chata hoon tumhe protect karna chata hoon we want ipzn2,ahaan:HI to:EN ishqi:HI jaise:HI main:HI tumare:HI iss:HI ring:EN ko:HI apne:HI pass:EN rakha:HI main:HI tumhe:HI bhi:HI apne:HI pass:EN save:EN rakhna:HI chata:HI hoon:HI tumhe:HI protect:EN karna:HI chata:HI hoon:HI we:EN want:EN ipzn2:HI,ipzn2,we want,0.726,0.713
509,sir app hokomat se apne leye financial support ka motaleba kare,sir:HI app:EN hokomat:HI se:HI apne:HI leye:HI financial:EN support:EN ka:HI motaleba:HI kare:HI,financial support,hokomat से apne leye ... ka motaleba kare,0.5,0.55
389,pehle 11 ko aata tha apne time p,pehle:HI 11:EN ko:HI aata:HI tha:HI apne:HI time:EN p:EN,pehle 11,aata tha apne time p,0.577,0.294
341,jo apne post ya bio m likhte h love me or hate btw not change me kyu ki tm beshram the beshram ho or beshram hi rhoge be b cd,jo:HI apne:HI post:EN ya:HI bio:EN m:EN likhte:HI h:EN love:EN me:EN or:EN hate:EN btw:EN not:EN change:EN me:HI kyu:HI ki:HI tm:EN beshram:HI the:EN beshram:HI ho:HI or:EN beshram:HI hi:HI rhoge:HI be:EN b:EN cd:EN,post,jo apne post ya bio m likhte h love me or hate btw not change me,0.15,0.75
28,sid sidhearts ke pass itna time nhi h hm apne ideal me busy h but hote to itna sa markar insta pr rone ke layk nhi chodhte,sid:EN sidhearts:HI ke:HI pass:EN itna:HI time:EN nhi:HI h:EN hm:HI apne:HI ideal:EN me:HI busy:EN h:EN but:EN hote:HI to:HI itna:HI sa:HI markar:HI insta:EN pr:EN rone:HI ke:HI layk:HI nhi:HI chodhte:HI,sid sidhearts,itna time nhi h,0.502,0.394
175,ase kuch nhi hoga bhaiyo jaipur cmo offic ke bahar dharna dena hoga nhi to sal bhi khrab reet se bahar to carrier bhi kharab time bhi khrab apne dosto ko ikhata kro 12agust jaipur chalo sarkar kan me rui dale bethi hai help bed students be cancel bed bstc internship,ase:HI kuch:HI nhi:HI hoga:HI bhaiyo:HI jaipur:HI cmo:HI offic:EN ke:HI bahar:HI dharna:HI dena:HI hoga:HI nhi:HI to:HI sal:HI bhi:HI khrab:HI reet:HI se:HI bahar:HI to:EN carrier:EN bhi:HI kharab:HI time:EN bhi:HI khrab:HI apne:HI dosto:HI ko:HI ikhata:HI kro:HI 12agust:HI jaipur:HI chalo:HI sarkar:HI kan:HI me:HI rui:EN dale:HI bethi:HI hai:HI help:EN bed:EN students:EN be:EN cancel:EN bed:EN bstc:HI internship:EN,carrier,carrier bhi kharab,0.292,0.719
486,besharmi ka best example tu hi hai behen tumlog likes ke liye apne maa baap tak ko bech doge,besharmi:HI ka:HI best:EN example:EN tu:HI hi:HI hai:HI behen:HI tumlog:HI likes:EN ke:HI liye:HI apne:HI maa:HI baap:HI tak:HI ko:HI bech:HI doge:HI,tu,besharmi ka best example tu hi hai,0.395,0.717
78,exam center par koi security nhi thi log apne hisab se system par baith rhe the or aapas me baat kar ke paper solve kar rhe the,exam:EN center:EN par:HI koi:HI security:EN nhi:HI thi:HI log:HI apne:HI hisab:HI se:HI system:EN par:HI baith:HI rhe:HI the:HI or:EN aapas:HI me:HI baat:HI kar:HI ke:HI paper:EN solve:EN kar:HI rhe:HI the:HI,system,apne hisab se system par baith rhe the,0.407,0.504
109,ab aap hashtag use nahi karoge apne tweet mei to chalega trend is over,ab:HI aap:HI hashtag:EN use:HI nahi:HI karoge:HI apne:HI tweet:EN mei:HI to:HI chalega:HI trend:EN is:EN over:EN,trend,is over,0.425,0.455
304,abe ghut ghut ke jeene se matlab ha ki apni aankho ke samne apne india culture ko gali apne dharma ko gali apni sabhayata ka uphas udaya jaye aur ye dekh kar bhi jawab na du to ghut ghut ke hi jeena hua ye khangress ne yahi kiya ha,abe:HI ghut:HI ghut:HI ke:HI jeene:HI se:HI matlab:HI ha:HI ki:HI apni:HI aankho:HI ke:HI samne:HI apne:HI india:EN culture:EN ko:HI gali:HI apne:HI dharma:HI ko:HI gali:HI apni:HI sabhayata:HI ka:HI uphas:HI udaya:HI jaye:HI aur:HI ye:HI dekh:HI kar:HI bhi:HI jawab:HI na:HI du:EN to:EN ghut:HI ghut:HI ke:HI hi:HI jeena:HI hua:HI ye:HI khangress:HI ne:HI yahi:HI kiya:HI ha:HI,sabhayata,apni sabhayata ka uphas udaya jaye,0.04,0.8
190,aman history ki kise padi h inhone apne fayde ke hisaab se pic share krdi sir ji buzurg h pension ka sahara b to chahiye islye lge rehte h dalali krne kya pta koi pad mil jaye,aman:HI history:EN ki:HI kise:HI padi:HI h:EN inhone:HI apne:HI fayde:HI ke:HI hisaab:HI se:HI pic:EN share:EN krdi:HI sir:HI ji:HI buzurg:HI h:EN pension:EN ka:HI sahara:EN b:EN to:EN chahiye:HI islye:HI lge:HI rehte:HI h:EN dalali:HI krne:HI kya:HI pta:HI koi:HI pad:HI mil:HI jaye:HI,pic,apne fayde ke hisaab se share krdi,0.15,0.7
182,ye to mai bhi kr lu apne alt ke sth isme kya naya hai be,ye:HI to:HI mai:HI bhi:HI kr:EN lu:HI apne:HI alt:EN ke:HI sth:EN isme:HI kya:HI naya:HI hai:HI be:EN,ye,mai bhi kr lu apne alt ke sth isme kya naya hai be,0.15,0.75
99,acha mtlb apne aankh se nahi dkha to hai hi nahi tune paida hote vkt dekha tha tera baap kon hai baaki isme bhi archeological survey ki kya jarurat h really,acha:HI mtlb:HI apne:HI aankh:HI se:HI nahi:HI dkha:HI to:HI hai:HI hi:HI nahi:HI tune:EN paida:HI hote:HI vkt:HI dekha:HI tha:HI tera:HI baap:HI kon:HI hai:HI baaki:HI isme:HI bhi:HI archeological:EN survey:EN ki:HI kya:HI jarurat:HI h:EN really:EN,baap,paida hote vkt dekha tha,0.4,0.7
315,all players should come together and tell to media about the struggle and truth of infrastructure and facilities they got while preparing for olympics credit lene sab aa gaye we all know gaon se nikle players sirf iss liye khelte taki apne desh aur apne gaon ke liye kuch kar sake,all:EN players:EN should:EN come:EN together:EN and:EN tell:EN to:EN media:EN about:EN the:EN struggle:EN and:EN truth:EN of:EN infrastructure:EN and:EN facilities:EN they:EN got:EN while:EN preparing:EN for:EN olympics:EN credit:EN lene:HI sab:HI aa:HI gaye:HI we:EN all:EN know:EN gaon:HI se:HI nikle:HI players:EN sirf:HI iss:HI liye:HI khelte:HI taki:HI apne:HI desh:HI aur:HI apne:HI gaon:HI ke:HI liye:HI kuch:HI kar:HI sake:HI,players,gaon se nikle players sirf iss liye khelte taki apne desh aur apne gaon ke liye kuch kar sake,0.67,0.587
491,jasminbhasin kya samjhayegi apne negative fans ko wo khud negativity amp jealousy ki dukan h that s why public ne use top10 se bahar kar diya jabki nikkitamboli abhi young h but kafi mature h hamesa nikkians ko positivity sikhati h is best but,jasminbhasin:HI kya:HI samjhayegi:HI apne:HI negative:EN fans:EN ko:HI wo:HI khud:HI negativity:EN amp:EN jealousy:EN ki:HI dukan:HI h:EN that:EN s:EN why:EN public:EN ne:HI use:HI top10:EN se:HI bahar:HI kar:HI diya:HI jabki:HI nikkitamboli:HI abhi:HI young:EN h:EN but:EN kafi:HI mature:EN h:EN hamesa:HI nikkians:HI ko:HI positivity:EN sikhati:HI h:EN is:EN best:EN but:EN,nikkitamboli,young h but kafi mature h hamesa nikkians ko positivity sikhati h is best,0.827,0.612
340,pipal hamare liye ek mamuli ped nahi pipal ka ped hamare liye devta k saman h aur bhala apne devta ko koi kaise kaat sakta h jai sri ram jai sanatan dharm,pipal:HI hamare:HI liye:HI ek:HI mamuli:HI ped:HI nahi:HI pipal:HI ka:HI ped:HI hamare:HI liye:HI devta:HI k:HI saman:HI h:EN aur:HI bhala:HI apne:HI devta:HI ko:HI koi:HI kaise:HI kaat:HI sakta:HI h:EN jai:HI sri:HI ram:EN jai:HI sanatan:HI dharm:HI,pipal,ek mamuli ped nahi,0.85,0.4
178,k3060 there s nothing like veg biryani it s veg pulao ye veggies ka apne aap ko kush karne ka tarika hai,k3060:HI there:EN s:EN nothing:EN like:EN veg:EN biryani:HI it:EN s:EN veg:EN pulao:HI ye:HI veggies:EN ka:HI apne:HI aap:HI ko:HI kush:HI karne:HI ka:HI tarika:HI hai:HI,veg biryani,there s nothing like veg biryani it s veg pulao,0.2,0.65
585,aap apni nazron ki fikr karo uss k parday ki fikr uss pe chorro sb apne apne amaal k zimedar hain hisaab kitab allah ka kaam hai aap ka ya mera nahi aur dilon ka haal b sirf allah janta hai apko munkir nakeer kisi ne nahi rakha hua k dusron ka swab o jaza ginte raho beth k,aap:HI apni:HI nazron:HI ki:HI fikr:HI karo:HI uss:HI k:HI parday:HI ki:HI fikr:HI uss:HI pe:HI chorro:HI sb:EN apne:HI apne:HI amaal:HI k:HI zimedar:HI hain:HI hisaab:HI kitab:HI allah:HI ka:HI kaam:HI hai:HI aap:HI ka:HI ya:HI mera:HI nahi:HI aur:HI dilon:HI ka:HI haal:HI b:EN sirf:HI allah:HI janta:HI hai:HI apko:HI munkir:HI nakeer:HI kisi:HI ne:HI nahi:HI rakha:HI hua:HI k:HI dusron:HI ka:HI swab:EN o:EN jaza:HI ginte:HI raho:HI beth:HI k:HI,dilon ka haal,dilon ka haal b sirf allah janta hai,0.65,0.25
352,30 aree mera naam trend kr tha tha it doesn t matter ki apne kittne tweet kite hai,30:EN aree:HI mera:HI naam:HI trend:EN kr:EN tha:HI tha:HI it:EN doesn:EN t:EN matter:EN ki:HI apne:HI kittne:HI tweet:EN kite:EN hai:HI,tweet,it doesn t matter ki apne kittne kite hai,0.441,0.414
172,rape karme ke expert jo ki bharat ke brahman hai wo puri duniya ko apne jaisa hi samjhte hai tum saalo rapist kudey chunne wale baccho tak ka rape kar diya,rape:EN karme:HI ke:HI expert:EN jo:HI ki:HI bharat:HI ke:HI brahman:HI hai:HI wo:HI puri:HI duniya:HI ko:HI apne:HI jaisa:HI hi:HI samjhte:HI hai:HI tum:HI saalo:HI rapist:EN kudey:HI chunne:HI wale:HI baccho:HI tak:HI ka:HI rape:EN kar:HI diya:HI,brahman,rape karme ke expert jo ki bharat ke brahman hai,0.21,0.826
365,sir apne mask nhi phna h goldmedal neerajchopra,sir:HI apne:HI mask:EN nhi:HI phna:HI h:EN goldmedal:EN neerajchopra:HI,mask,apne mask nhi phna h,0.43,0.47
94,didi saboot kaha hai palghar main to video footage hai uska kaun sa justice dila dia apne,didi:HI saboot:HI kaha:HI hai:HI palghar:HI main:HI to:EN video:EN footage:EN hai:HI uska:HI kaun:HI sa:HI justice:EN dila:HI dia:EN apne:HI,justice,kaun sa justice dila dia apne,0.15,0.8
374,just abhi kl k opinion drame k darshan kr k ayi i understand ki sbki apne opinions or views ho skte h bt un views ko hme srf reel life tk hi rkhna chahiye what s the logic of commenting on the actors real life fansdemandsaakks2 shauryaauranokhikikahani,just:EN abhi:HI kl:EN k:HI opinion:EN drame:EN k:HI darshan:HI kr:EN k:HI ayi:HI i:EN understand:EN ki:HI sbki:HI apne:HI opinions:EN or:EN views:EN ho:HI skte:HI h:EN bt:HI un:HI views:EN ko:HI hme:HI srf:EN reel:EN life:EN tk:HI hi:HI rkhna:HI chahiye:HI what:EN s:EN the:EN logic:EN of:EN commenting:EN on:EN the:EN actors:EN real:EN life:EN fansdemandsaakks2:HI shauryaauranokhikikahani:HI,kahaani,shauryaauranokhikikahani,0.5,0.2
443,wha bhi police aur forces ka kaam h aap apne baccho ko bhej sakte ho aisi chizo main ha ya na main jawab dedo,wha:HI bhi:HI police:EN aur:HI forces:EN ka:HI kaam:HI h:EN aap:HI apne:HI baccho:HI ko:HI bhej:HI sakte:HI ho:HI aisi:HI chizo:HI main:HI ha:HI ya:HI na:HI main:HI jawab:HI dedo:HI,forces,police aur forces ka kaam h aap apne baccho ko bhej sakte ho,0.502,0.564
513,khan apne mulk ko pahle dakho baki bad me sochna khane ko roti nahi nikla kasmir lane,khan:EN apne:HI mulk:HI ko:HI pahle:HI dakho:HI baki:HI bad:EN me:HI sochna:HI khane:HI ko:HI roti:HI nahi:HI nikla:HI kasmir:EN lane:EN,roti,khane ko roti nahi,0.1,0.65
210,uditraj pahle apne gyan se ye nirnaya toh le le ki coach jarman hi tha ya indian,uditraj:HI pahle:HI apne:HI gyan:HI se:HI ye:HI nirnaya:EN toh:HI le:HI le:HI ki:HI coach:EN jarman:EN hi:HI tha:HI ya:HI indian:EN,coach,jarman hi tha ya indian,0.642,0.598
323,yogendrayadav sab thik tha yogendrayadav ji ye rascist comment krna jroori tha kya isme ya apne buddhijivi hone ka sara proof iss kavita mai he dena jroori tha had ho gyii yr,yogendrayadav:HI sab:HI thik:HI tha:HI yogendrayadav:HI ji:HI ye:HI rascist:HI comment:EN krna:HI jroori:HI tha:HI kya:HI isme:HI ya:HI apne:HI buddhijivi:HI hone:HI ka:HI sara:HI proof:EN iss:HI kavita:HI mai:HI he:HI dena:HI jroori:HI tha:HI had:EN ho:HI gyii:HI yr:EN,kavita,buddhijivi hone ka sara proof iss kavita mai he dena jroori tha had ho gyii yr,0.15,0.82
205,main apne boss or unke uncut dosto k sath hmesha krti hu,main:HI apne:HI boss:EN or:EN unke:HI uncut:EN dosto:HI k:HI sath:HI hmesha:HI krti:HI hu:HI,boss,hmesha krti hu,0.45,0.3
562,kindly unfollow me if you are supporting this filth and rascal she disrespected rubinadilaik and abhinavshukla agar isko koi apne fd se support kiya toh samajh jao woh gaddar hai rubina,kindly:EN unfollow:EN me:EN if:EN you:EN are:EN supporting:EN this:EN filth:EN and:EN rascal:EN she:EN disrespected:EN rubinadilaik:HI and:EN abhinavshukla:HI agar:HI isko:HI koi:HI apne:HI fd:EN se:HI support:EN kiya:HI toh:HI samajh:HI jao:HI woh:HI gaddar:HI hai:HI rubina:EN,filth,supporting this filth,0.246,0.664
239,nhi nhi aisi b baat nahi 1 ghar ko jab chalana huta to wo dono se hi chalta hai means equal responsibilities ban jati hain na kyun do khandon ko ly k chalna huta hai ap ne shohar ka khadan us ne ap ka apne ghr k kam krne hute to shahr ne bahir se kama k lana huta,nhi:HI nhi:HI aisi:HI b:EN baat:HI nahi:HI 1:EN ghar:HI ko:HI jab:HI chalana:HI huta:EN to:HI wo:HI dono:HI se:HI hi:HI chalta:HI hai:HI means:EN equal:EN responsibilities:EN ban:HI jati:HI hain:HI na:HI kyun:HI do:EN khandon:HI ko:HI ly:HI k:HI chalna:HI huta:EN hai:HI ap:HI ne:HI shohar:HI ka:HI khadan:HI us:HI ne:HI ap:HI ka:HI apne:HI ghr:HI k:HI kam:HI krne:HI hute:HI to:EN shahr:EN ne:HI bahir:HI se:HI kama:HI k:HI lana:HI huta:EN,responsibilities,equal responsibilities ban jati hain,0.668,0.484
169,baron aji lan mera trophy kaha hai runs kya apne shirt par chipka ke chalega vo,baron:EN aji:HI lan:EN mera:HI trophy:EN kaha:HI hai:HI runs:EN kya:HI apne:HI shirt:EN par:HI chipka:HI ke:HI chalega:HI vo:HI,trophy,kaha hai,0.1,0.75
202,bas kr sebi bhut ho gya kab hum sahara sebi case k piche bhagte rhenge apne paiso k lye paisa wapas kro sebi,bas:HI kr:EN sebi:HI bhut:HI ho:HI gya:HI kab:HI hum:HI sahara:EN sebi:HI case:EN k:HI piche:HI bhagte:HI rhenge:HI apne:HI paiso:HI k:HI lye:EN paisa:HI wapas:HI kro:HI sebi:HI,sebi,bas kr sebi bhut ho gya,0.15,0.75
534,dhuup nikalti hain apne saath subah mein roshnii laati hui haryali phuul pattiyaan khilte hain phuulon pe birds butterflies baithti hain rang birangi titiliyaan fly karti rehti hain uparwale ne dharti kitni pyaari banayi hain dekhiye nature ne phuulon ko kitna pyaara,dhuup:HI nikalti:HI hain:HI apne:HI saath:HI subah:HI mein:HI roshnii:HI laati:HI hui:HI haryali:EN phuul:HI pattiyaan:HI khilte:EN hain:HI phuulon:HI pe:HI birds:EN butterflies:EN baithti:HI hain:HI rang:EN birangi:EN titiliyaan:HI fly:EN karti:HI rehti:HI hain:HI uparwale:HI ne:HI dharti:HI kitni:HI pyaari:HI banayi:HI hain:HI dekhiye:HI nature:EN ne:HI phuulon:HI ko:HI kitna:HI pyaara:HI,dhuup,apne saath subah mein roshnii laati hui,0.675,0.469
350,teri ummeed pe thukraa raha hoon duniya ko tujhe bhi apne pe ye aitbaar hai ki nahin the million dollar question as always soulfully sung,teri:HI ummeed:HI pe:HI thukraa:HI raha:HI hoon:HI duniya:HI ko:HI tujhe:HI bhi:HI apne:HI pe:HI ye:HI aitbaar:HI hai:HI ki:HI nahin:HI the:EN million:EN dollar:EN question:EN as:EN always:EN soulfully:EN sung:EN,sung,soulfully sung,0.877,0.63
253,prateek apne ko hollywood star samj raha h ye pakka royega is show me kuchh din me,prateek:HI apne:HI ko:HI hollywood:EN star:EN samj:HI raha:HI h:EN ye:HI pakka:HI royega:HI is:HI show:EN me:HI kuchh:HI din:HI me:HI,acting,hollywood star samj raha h,0.15,0.7
27,kiya apne cmt apki wajah se hi mere tl pe aaya tha aur apka ss kyu lu mei lekin aise chacha se rt milti,kiya:HI apne:HI cmt:EN apki:HI wajah:HI se:HI hi:HI mere:HI tl:EN pe:HI aaya:HI tha:HI aur:HI apka:HI ss:EN kyu:HI lu:HI mei:HI lekin:HI aise:HI chacha:HI se:HI rt:EN milti:HI,ss,kyu lu mei,0.35,0.45
29,chalo 600k ho gaya ab rat tak 900k pura karna hain lag jao kam par apne saakk ke liye apne sakhi ke liye please tweet karte raho and use 2 hastagag fansdemandsaakks2,chalo:HI 600k:HI ho:HI gaya:HI ab:HI rat:EN tak:HI 900k:HI pura:HI karna:HI hain:HI lag:HI jao:HI kam:HI par:HI apne:HI saakk:HI ke:HI liye:HI apne:HI sakhi:HI ke:HI liye:HI please:EN tweet:EN karte:HI raho:HI and:EN use:EN 2:EN hastagag:HI fansdemandsaakks2:HI,kam,lag jao kam par,0.569,0.587
411,or tu sun kabhi kisi ladki k conversation k bich ja kr app haveli pr mt bolna agr tu apne maa ko respect krta h to kisi dusre ladki ko bhi respect kr samjha,or:EN tu:HI sun:HI kabhi:HI kisi:HI ladki:HI k:HI conversation:EN k:HI bich:HI ja:HI kr:EN app:EN haveli:HI pr:EN mt:EN bolna:HI agr:HI tu:HI apne:HI maa:HI ko:HI respect:EN krta:HI h:EN to:EN kisi:HI dusre:HI ladki:HI ko:HI bhi:HI respect:EN kr:EN samjha:HI,conversation,kisi ladki k conversation k bich ja kr,0.55,0.555
566,pehli bar complaint jab ki thi dc ka nam salman lodhi tha ab sanaullah or aac topi bhi koi or tha ab mehran khan bas ham awan ko inho ne kutta samjha hoa ha ham bas bhonkty rahengy apne jaiz haq k liye bhi,pehli:HI bar:EN complaint:EN jab:HI ki:HI thi:HI dc:EN ka:HI nam:HI salman:HI lodhi:HI tha:HI ab:HI sanaullah:EN or:EN aac:EN topi:EN bhi:HI koi:HI or:EN tha:HI ab:HI mehran:EN khan:EN bas:HI ham:HI awan:HI ko:HI inho:HI ne:HI kutta:HI samjha:HI hoa:HI ha:HI ham:HI bas:HI bhonkty:HI rahengy:HI apne:HI jaiz:HI haq:HI k:HI liye:HI bhi:HI,dc,nam salman lodhi tha ab sanaullah or aac topi bhi koi or tha ab mehran khan,0.332,0.388
285,faltoo k kaam krte ho yrr tum log hbx aaj tak laumch nahi ki tum log khud apne pairo par kulhadi maarte ho pata nahi kaun ceo hai kaisa staff hai jo kachhuve ki chaal chal rha hai hbx cng variant should be launch tiago cng launch ho jana chahiye gha ab tak but nahi fuck of,faltoo:EN k:HI kaam:HI krte:HI ho:HI yrr:HI tum:HI log:HI hbx:HI aaj:HI tak:HI laumch:HI nahi:HI ki:HI tum:HI log:HI khud:HI apne:HI pairo:HI par:HI kulhadi:HI maarte:HI ho:HI pata:HI nahi:HI kaun:HI ceo:EN hai:HI kaisa:HI staff:EN hai:HI jo:HI kachhuve:HI ki:HI chaal:HI chal:HI rha:HI hai:HI hbx:HI cng:EN variant:EN should:EN be:EN launch:EN tiago:EN cng:EN launch:EN ho:HI jana:HI chahiye:HI gha:EN ab:HI tak:HI but:EN nahi:HI fuck:EN of:EN,hbx cng variant,hbx cng variant should be launch,0.381,0.584
571,bhai apne mere gm tweet pe reply nai kiya inquiry hai apki vc ao randi ke bache,bhai:HI apne:HI mere:HI gm:EN tweet:EN pe:HI reply:EN nai:HI kiya:HI inquiry:EN hai:HI apki:HI vc:EN ao:HI randi:EN ke:HI bache:HI,inquiry,apki,0.3,0.5
496,kshtriye hai sirf brahmano baniyo ki ghulami karne ke liye naa dalit brahman jaise apne samaj ki awaaz uthata hai naa koi kaam kiya hoga samaj me liye saare kshtriye dogle bas apne pet bharte hai or paisa banate hai itihaas gawah hai jssc or jharkhand me muh nahi khulta,kshtriye:HI hai:HI sirf:HI brahmano:HI baniyo:EN ki:HI ghulami:EN karne:HI ke:HI liye:HI naa:HI dalit:HI brahman:HI jaise:HI apne:HI samaj:HI ki:HI awaaz:HI uthata:HI hai:HI naa:HI koi:HI kaam:HI kiya:HI hoga:HI samaj:HI me:HI liye:HI saare:HI kshtriye:HI dogle:HI bas:HI apne:HI pet:EN bharte:HI hai:HI or:EN paisa:HI banate:HI hai:HI itihaas:HI gawah:HI hai:HI jssc:HI or:EN jharkhand:HI me:HI muh:HI nahi:HI khulta:HI,dalit,apne samaj ki awaaz uthata hai,0.65,0.6
501,or kh skte h apne bistar or hi h,or:EN kh:EN skte:HI h:EN apne:HI bistar:HI or:EN hi:HI h:EN,bistar,or kh skte h apne bistar or hi h,0.667,0.548
55,india sabhi ke liye call yahan ka apna constitution ha ke apne rule regulation form companiyon ko yahan ke rule manya justicefortraders,india:EN sabhi:HI ke:HI liye:HI call:EN yahan:HI ka:HI apna:HI constitution:EN ha:HI ke:HI apne:HI rule:EN regulation:EN form:EN companiyon:EN ko:HI yahan:HI ke:HI rule:EN manya:HI justicefortraders:HI,constitution,yahan ka apna,0.55,0.4
367,lagi padi hai bas parso se unit test shuru aur har baar ki tarah ghanta kuch nahi aata will have to put my work on a pause for 10 days aap bhi bata dijiye apne haal,lagi:HI padi:HI hai:HI bas:HI parso:HI se:HI unit:EN test:EN shuru:HI aur:HI har:HI baar:HI ki:HI tarah:HI ghanta:HI kuch:HI nahi:HI aata:HI will:EN have:EN to:EN put:EN my:EN work:EN on:EN a:EN pause:EN for:EN 10:EN days:EN aap:HI bhi:HI bata:HI dijiye:HI apne:HI haal:HI,padhai,ghanta kuch nahi aata,0.2,0.65
7,sanvee arre haan yaar agar ek baar hindu saare marne pe utre na to saale jo ye uchalte h na chup chap apne gharo me baithenge,sanvee:HI arre:HI haan:HI yaar:HI agar:HI ek:HI baar:HI hindu:EN saare:HI marne:HI pe:HI utre:HI na:HI to:HI saale:HI jo:HI ye:HI uchalte:HI h:EN na:HI chup:HI chap:EN apne:HI gharo:HI me:HI baithenge:HI,ye jo uchalte h,chup chap apne gharo me baithenge,0.35,0.605
363,mujhe apne gaal parcel kr do ab mujhse ruka ni jaa rha i wanna plzz darshuu,mujhe:HI apne:HI gaal:HI parcel:EN kr:EN do:EN ab:HI mujhse:HI ruka:HI ni:HI jaa:HI rha:HI i:EN wanna:EN plzz:EN darshuu:HI,darshuu,i wanna plzz,0.9,0.8
82,50000 vacancy ko baro sc st obc k back log post ko baro bahujano apne sarkar banaye recruit scstobc teachers,50000:EN vacancy:EN ko:HI baro:HI sc:EN st:EN obc:EN k:HI back:EN log:HI post:EN ko:HI baro:HI bahujano:HI apne:HI sarkar:HI banaye:HI recruit:EN scstobc:HI teachers:EN,vacancy,50000 vacancy ko baro,0.522,0.505
203,who has seen god sat sadhna karne wali bhagat apne dharm ke anusar chalte hain vah banawati baton mein nahin aate purn parmatma kabir saheb ki bhakti karte hain anya devi devtaon ki bhakti nahin karti adhik jankari ke liye dekhen sadhna tv sham 7 30 se,who:EN has:EN seen:EN god:EN sat:EN sadhna:HI karne:HI wali:HI bhagat:HI apne:HI dharm:HI ke:HI anusar:HI chalte:HI hain:HI vah:HI banawati:HI baton:HI mein:HI nahin:HI aate:HI purn:HI parmatma:EN kabir:HI saheb:HI ki:HI bhakti:HI karte:HI hain:HI anya:HI devi:HI devtaon:HI ki:HI bhakti:HI nahin:HI karti:HI adhik:HI jankari:HI ke:HI liye:HI dekhen:HI sadhna:HI tv:EN sham:HI 7:EN 30:EN se:HI,bhakti,purn parmatma kabir saheb ki,0.85,0.4
272,nasir bhai unsai puchna keh pichle saal wali 12th class ko apne boht relief dia tha tamam subjects mai students ko pass kardya jaega koi fail nahi hua last year 12th ma aur 20 grace marks bhi diye tha yeh hamare sath nainsafi hai,nasir:HI bhai:HI unsai:HI puchna:HI keh:HI pichle:HI saal:HI wali:HI 12th:EN class:EN ko:HI apne:HI boht:HI relief:EN dia:EN tha:HI tamam:HI subjects:EN mai:HI students:EN ko:HI pass:EN kardya:HI jaega:HI koi:HI fail:EN nahi:HI hua:HI last:EN year:EN 12th:EN ma:HI aur:HI 20:EN grace:EN marks:EN bhi:HI diye:HI tha:HI yeh:HI hamare:HI sath:HI nainsafi:HI hai:HI,grace marks,20 grace marks bhi diye tha yeh hamare sath nainsafi hai,0.384,0.621
40,main apne desh ke business ko support karti hun main chahti hun hamare desh ka business aage bade justicefortraders,main:HI apne:HI desh:HI ke:HI business:EN ko:HI support:EN karti:HI hun:HI main:HI chahti:HI hun:HI hamare:HI desh:HI ka:HI business:EN aage:HI bade:HI justicefortraders:HI,traders,justicefortraders,0.75,0.7
203,who has seen god sat sadhna karne wali bhagat apne dharm ke anusar chalte hain vah banawati baton mein nahin aate purn parmatma kabir saheb ki bhakti karte hain anya devi devtaon ki bhakti nahin karti adhik jankari ke liye dekhen sadhna tv sham 7 30 se,who:EN has:EN seen:EN god:EN sat:EN sadhna:HI karne:HI wali:HI bhagat:HI apne:HI dharm:HI ke:HI anusar:HI chalte:HI hain:HI vah:HI banawati:HI baton:HI mein:HI nahin:HI aate:HI purn:HI parmatma:EN kabir:HI saheb:HI ki:HI bhakti:HI karte:HI hain:HI anya:HI devi:HI devtaon:HI ki:HI bhakti:HI nahin:HI karti:HI adhik:HI jankari:HI ke:HI liye:HI dekhen:HI sadhna:HI tv:EN sham:HI 7:EN 30:EN se:HI,baton,banawati,0.2,0.3
212,for me it s what she deserves anyways sabke apne opinions hote and we should respect that,for:EN me:EN it:EN s:EN what:EN she:EN deserves:EN anyways:EN sabke:HI apne:HI opinions:EN hote:HI and:EN we:EN should:EN respect:EN that:EN,opinions,sabke apne,0.55,0.3
367,lagi padi hai bas parso se unit test shuru aur har baar ki tarah ghanta kuch nahi aata will have to put my work on a pause for 10 days aap bhi bata dijiye apne haal,lagi:HI padi:HI hai:HI bas:HI parso:HI se:HI unit:EN test:EN shuru:HI aur:HI har:HI baar:HI ki:HI tarah:HI ghanta:HI kuch:HI nahi:HI aata:HI will:EN have:EN to:EN put:EN my:EN work:EN on:EN a:EN pause:EN for:EN 10:EN days:EN aap:HI bhi:HI bata:HI dijiye:HI apne:HI haal:HI,work,put on a pause,0.416,0.381
314,lol look who is taking the so called relegion of peace are oh aunty zara shakal dekho apne,lol:HI look:EN who:EN is:EN taking:EN the:EN so:EN called:EN relegion:HI of:EN peace:EN are:EN oh:EN aunty:EN zara:HI shakal:HI dekho:HI apne:HI,aunty,zara shakal dekho apne,0.05,0.8
262,pratik ne galat nahi kiya uska todha tone bolne ka sweet nahi hai but uska intention galat nahi tha shamita madam apne jiju ka frustration nikal rahi hai and divya vaidya jaise bajj rahi hai har ladai me and gandi galiyaan de rahi hai aur log usko rubi se compare kre hai,pratik:HI ne:HI galat:HI nahi:HI kiya:HI uska:HI todha:HI tone:EN bolne:HI ka:HI sweet:EN nahi:HI hai:HI but:EN uska:HI intention:EN galat:HI nahi:HI tha:HI shamita:HI madam:EN apne:HI jiju:HI ka:HI frustration:EN nikal:HI rahi:HI hai:HI and:EN divya:HI vaidya:HI jaise:HI bajj:HI rahi:HI hai:HI har:HI ladai:HI me:HI and:EN gandi:HI galiyaan:HI de:HI rahi:HI hai:HI aur:HI log:HI usko:HI rubi:HI se:HI compare:EN kre:HI hai:HI,shamita,apne jiju ka frustration nikal rahi hai,0.155,0.665
236,izzhat se kamana or izzhat se halal kamana or apne bachon ko kahlana b to abadt hay sir,izzhat:HI se:HI kamana:HI or:EN izzhat:HI se:HI halal:HI kamana:HI or:EN apne:HI bachon:HI ko:HI kahlana:HI b:EN to:EN abadt:HI hay:EN sir:EN,halal kamana,izzhat se halal kamana,0.95,0.55
362,kuch aide bhi hai jo kursi k liye apne shared beach detention hai,kuch:HI aide:EN bhi:HI hai:HI jo:HI kursi:HI k:HI liye:HI apne:HI shared:EN beach:EN detention:EN hai:HI,kursi,apne shared beach detention hai,0.15,0.75
306,bilkul almost poora mahol aesa hi hogaya liberal right left center sab apne against hai hasbunallahu wa ni mal wakeel,bilkul:HI almost:EN poora:HI mahol:HI aesa:HI hi:HI hogaya:HI liberal:EN right:EN left:EN center:EN sab:HI apne:HI against:EN hai:HI hasbunallahu:HI wa:HI ni:HI mal:HI wakeel:EN,mahol,bilkul almost poora mahol aesa hi hogaya liberal right left center sab apne against hai,0.373,0.606
2,aap ne kaha tha apne video main ki koi video share kare him toh yeh link hai aap aksar poochti hai maulana saab se ki aurat ko jannat main kya mile ga ismain maulana ne yah bataya hai thodi funny bhi hai beech beech main,aap:HI ne:HI kaha:HI tha:HI apne:HI video:EN main:HI ki:HI koi:HI video:EN share:EN kare:HI him:EN toh:HI yeh:HI link:EN hai:HI aap:HI aksar:HI poochti:HI hai:HI maulana:HI saab:HI se:HI ki:HI aurat:HI ko:HI jannat:HI main:HI kya:HI mile:HI ga:HI ismain:HI maulana:HI ne:HI yah:HI bataya:HI hai:HI thodi:HI funny:EN bhi:HI hai:HI beech:EN beech:EN main:HI,video,thodi funny bhi hai beech beech main,0.705,0.365
396,ye paisa apne mama ke ghar se laye the kya as one person was used to asking in 2013 14,ye:HI paisa:HI apne:HI mama:HI ke:HI ghar:HI se:HI laye:HI the:HI kya:HI as:EN one:EN person:EN was:EN used:EN to:EN asking:EN in:EN 2013:EN 14:EN,paisa,apne mama ke ghar se laye the kya,0.15,0.75
43,ye hai bihar ke gaya me gaya bodhgaya rod pr ishthit pantnagar ke mansarovar colny ka pani se badh ka isthiti ho gaya h log apne gharo me kaid ho chuke hai bahar niklne ka koi jariya nahi or sarkar moun hai koi intjam nhi ghor laprvahi dist,ye:HI hai:HI bihar:HI ke:HI gaya:HI me:HI gaya:HI bodhgaya:HI rod:EN pr:EN ishthit:HI pantnagar:HI ke:HI mansarovar:HI colny:EN ka:HI pani:HI se:HI badh:HI ka:HI isthiti:HI ho:HI gaya:HI h:EN log:HI apne:HI gharo:HI me:HI kaid:HI ho:HI chuke:HI hai:HI bahar:HI niklne:HI ka:HI koi:HI jariya:HI nahi:HI or:EN sarkar:HI moun:HI hai:HI koi:HI intjam:HI nhi:HI ghor:HI laprvahi:HI dist:EN,intjam,koi intjam nhi ghor laprvahi,0.1,0.8
236,izzhat se kamana or izzhat se halal kamana or apne bachon ko kahlana b to abadt hay sir,izzhat:HI se:HI kamana:HI or:EN izzhat:HI se:HI halal:HI kamana:HI or:EN apne:HI bachon:HI ko:HI kahlana:HI b:EN to:EN abadt:HI hay:EN sir:EN,kamana,izzhat se kamana,0.9,0.5
488,shaynenair brainwsh vo ni tum ho bhai y jo covid ka test or covid ki vaccine free lg rhi h privt company ko raw materials tm apne ghr se dete ho y fir vo jo ppt kit bnegi vo tm ghr se doge road tax medical tax kbhi bhrr ho fir modi ped m se paisa niklde,shaynenair:HI brainwsh:HI vo:HI ni:HI tum:HI ho:HI bhai:HI y:EN jo:HI covid:HI ka:HI test:EN or:EN covid:HI ki:HI vaccine:EN free:EN lg:HI rhi:HI h:EN privt:HI company:EN ko:HI raw:EN materials:EN tm:EN apne:HI ghr:HI se:HI dete:HI ho:HI y:EN fir:HI vo:HI jo:HI ppt:EN kit:EN bnegi:HI vo:HI tm:EN ghr:HI se:HI doge:HI road:EN tax:EN medical:EN tax:EN kbhi:HI bhrr:HI ho:HI fir:HI modi:HI ped:HI m:EN se:HI paisa:HI niklde:HI,vaccine,free lg rhi h privt company ko raw materials tm apne ghr se dete ho,0.15,0.75
63,bhai jahan ka officer kaam keray ga woi inauguration karaye ga na ap apne ac ko pochain,bhai:HI jahan:HI ka:HI officer:EN kaam:HI keray:HI ga:HI woi:HI inauguration:EN karaye:HI ga:HI na:HI ap:HI apne:HI ac:EN ko:HI pochain:HI,ac,apne ac ko pochain,0.35,0.55
36,or wo egg ap teacher log apne ghar le jaye ge midemil puri tarah fail h school me sara rasan teacher le jate h ab boy girl ko khane ko khana purti krte h koi alag yojna bnao sir,or:EN wo:HI egg:EN ap:HI teacher:EN log:HI apne:HI ghar:HI le:HI jaye:HI ge:HI midemil:HI puri:HI tarah:HI fail:EN h:EN school:EN me:HI sara:HI rasan:HI teacher:EN le:HI jate:HI h:EN ab:HI boy:EN girl:EN ko:HI khane:HI ko:HI khana:HI purti:HI krte:HI h:EN koi:HI alag:HI yojna:HI bnao:HI sir:EN,midemil,puri tarah fail h,0.129,0.664
315,all players should come together and tell to media about the struggle and truth of infrastructure and facilities they got while preparing for olympics credit lene sab aa gaye we all know gaon se nikle players sirf iss liye khelte taki apne desh aur apne gaon ke liye kuch kar sake,all:EN players:EN should:EN come:EN together:EN and:EN tell:EN to:EN media:EN about:EN the:EN struggle:EN and:EN truth:EN of:EN infrastructure:EN and:EN facilities:EN they:EN got:EN while:EN preparing:EN for:EN olympics:EN credit:EN lene:HI sab:HI aa:HI gaye:HI we:EN all:EN know:EN gaon:HI se:HI nikle:HI players:EN sirf:HI iss:HI liye:HI khelte:HI taki:HI apne:HI desh:HI aur:HI apne:HI gaon:HI ke:HI liye:HI kuch:HI kar:HI sake:HI,infrastructure,struggle and truth of infrastructure and facilities they got,0.393,0.604
125,abhi to modi ji sarkar hai usko chahye achha stedium imarat college ya aise hi kuch bana ke us main apne naam de to use my koi problem nahi hai,abhi:HI to:HI modi:HI ji:HI sarkar:HI hai:HI usko:HI chahye:HI achha:HI stedium:HI imarat:EN college:EN ya:HI aise:HI hi:HI kuch:HI bana:HI ke:HI us:HI main:HI apne:HI naam:HI de:HI to:HI use:HI my:EN koi:HI problem:EN nahi:HI hai:HI,sarkar,abhi to modi ji sarkar hai usko chahye achha stedium imarat college ya aise hi kuch bana ke us main apne naam de,0.597,0.473
79,prakash agar democracy me tum apne chune hue sarkar ki galtian nahi nikaloge to tumhare desh ke dushman nahi nikalenge wo chahenge desh gutter me hi rahe isilie koi political party is govt ki comparison dusre developing countries ke sath nahi karte ye kam independent voter hi karega,prakash:HI agar:HI democracy:EN me:HI tum:HI apne:HI chune:HI hue:HI sarkar:HI ki:HI galtian:HI nahi:HI nikaloge:HI to:HI tumhare:HI desh:HI ke:HI dushman:HI nahi:HI nikalenge:HI wo:HI chahenge:HI desh:HI gutter:EN me:HI hi:HI rahe:HI isilie:HI koi:HI political:EN party:EN is:EN govt:EN ki:HI comparison:EN dusre:HI developing:EN countries:EN ke:HI sath:HI nahi:HI karte:HI ye:HI kam:HI independent:EN voter:EN hi:HI karega:HI,independent voter,ye kam independent voter hi karega,0.764,0.571
49,har ek hindustani apne hindustani kam ko support karta hai isliye ham traders ko support kar rahe hain justicefortraders,har:HI ek:HI hindustani:HI apne:HI hindustani:HI kam:HI ko:HI support:EN karta:HI hai:HI isliye:HI ham:HI traders:EN ko:HI support:EN kar:HI rahe:HI hain:HI justicefortraders:HI,traders,support kar rahe hain,0.816,0.586
115,auto mendonsa bablu bhayya agar apne ghar ka koi aadmi raasta bhatak jaaye to usko samjhaaya jaata hai waapas raaste par laya jaata hai ji aur ke saath yahi hua hai unko beech raaste chod nahin sakte,auto:EN mendonsa:EN bablu:HI bhayya:HI agar:HI apne:HI ghar:HI ka:HI koi:HI aadmi:HI raasta:HI bhatak:HI jaaye:HI to:HI usko:HI samjhaaya:HI jaata:HI hai:HI waapas:HI raaste:HI par:HI laya:HI jaata:HI hai:HI ji:HI aur:HI ke:HI saath:HI yahi:HI hua:HI hai:HI unko:HI beech:EN raaste:HI chod:HI nahin:HI sakte:HI,bablu bhayya,apne ghar ka koi aadmi raasta bhatak jaaye to usko samjhaaya jaata hai waapas raaste par laya jaata hai,0.604,0.418
565,ajeeb dunia ha dousru ki maa behun bv baiti ki tazleel ker k khush hotay hain or jub apne sath ho tu humderdi dhoond ruhay hotay hain ki ger ki orut k sath aisi giri hoi hurkat hoi tu phir rona cheehana ethics moral seekhana daikhnay like ho ga pura likha jahil,ajeeb:HI dunia:HI ha:HI dousru:HI ki:HI maa:HI behun:HI bv:EN baiti:HI ki:HI tazleel:HI ker:HI k:HI khush:HI hotay:HI hain:HI or:EN jub:HI apne:HI sath:HI ho:HI tu:HI humderdi:HI dhoond:HI ruhay:HI hotay:HI hain:HI ki:HI ger:HI ki:HI orut:HI k:HI sath:HI aisi:HI giri:HI hoi:HI hurkat:HI hoi:HI tu:HI phir:HI rona:HI cheehana:HI ethics:EN moral:EN seekhana:HI daikhnay:HI like:EN ho:HI ga:HI pura:HI likha:HI jahil:HI,dunia,ajeeb,0.15,0.65
197,madhypradesh gdp per capita mai 27th rank par h apne bhai or madhypradesh k tatha kathit mama dhyan de trillion dollars ka state h agar state gdp or per capita nhi sudhar sakate to 18 saal se kiya kya,madhypradesh:HI gdp:EN per:EN capita:EN mai:HI 27th:EN rank:EN par:HI h:EN apne:HI bhai:HI or:EN madhypradesh:HI k:HI tatha:HI kathit:HI mama:EN dhyan:HI de:HI trillion:EN dollars:EN ka:HI state:EN h:EN agar:HI state:EN gdp:EN or:EN per:HI capita:EN nhi:HI sudhar:HI sakate:HI to:EN 18:EN saal:HI se:HI kiya:HI kya:HI,mama,tatha kathit,0.15,0.7
279,life lallu miya apne baap akshay kumar se clash haarne me gold jeet chuke hain,life:EN lallu:HI miya:HI apne:HI baap:HI akshay:HI kumar:HI se:HI clash:EN haarne:HI me:HI gold:EN jeet:HI chuke:HI hain:HI,clash,haarne me gold jeet chuke hain,0.15,0.7
589,ab modi ne is k khilaf campaign shuru ker deni hai apne player k khilaf campaign karenge jispe itne saal invest kiya suna hai naan se jyada ganja sasta hai pakistan mein,ab:HI modi:HI ne:HI is:HI k:HI khilaf:HI campaign:EN shuru:HI ker:HI deni:HI hai:HI apne:HI player:EN k:HI khilaf:HI campaign:EN karenge:HI jispe:HI itne:HI saal:HI invest:EN kiya:HI suna:HI hai:HI naan:HI se:HI jyada:HI ganja:EN sasta:HI hai:HI pakistan:EN mein:HI,naan,naan se jyada ganja sasta hai pakistan mein,0.15,0.8
410,sanjay lila bhansali ne apne kaameyaab filmon ke duwara sabit kiya hai ki unke jaisa bollywood me koi nahi hai aor 25 saal ka lambe karykaal me bhi unhone kaafi achhi filmen di hqin bollywood ko 25yearsofslb,sanjay:HI lila:HI bhansali:HI ne:HI apne:HI kaameyaab:HI filmon:EN ke:HI duwara:HI sabit:HI kiya:HI hai:HI ki:HI unke:HI jaisa:HI bollywood:EN me:HI koi:HI nahi:HI hai:HI aor:HI 25:EN saal:HI ka:HI lambe:HI karykaal:HI me:HI bhi:HI unhone:HI kaafi:HI achhi:HI filmen:HI di:HI hqin:HI bollywood:EN ko:HI 25yearsofslb:HI,filmen,kaafi achhi,0.88,0.55
290,kuch logon ke bolne na bolne se sacch nahi badal jaayega ki yeh dono humaare main leads the aur hamesha rahenge toh faaltu mein faaltu logon ke muh lagne se accha sab apne ujwal bhavishya pe dhyaan do anirudh aur bondita bhi yahi chahenge shotti aurrishtasanidita,kuch:HI logon:HI ke:HI bolne:HI na:HI bolne:HI se:HI sacch:HI nahi:HI badal:HI jaayega:HI ki:HI yeh:HI dono:HI humaare:HI main:HI leads:EN the:EN aur:HI hamesha:HI rahenge:HI toh:HI faaltu:HI mein:HI faaltu:HI logon:HI ke:HI muh:HI lagne:HI se:HI accha:HI sab:HI apne:HI ujwal:HI bhavishya:HI pe:HI dhyaan:HI do:EN anirudh:HI aur:HI bondita:HI bhi:HI yahi:HI chahenge:HI shotti:HI aurrishtasanidita:HI,main leads,humaare main leads the aur hamesha rahenge,0.724,0.545
492,st sc apne ghr me kuch bhi kre mujhe koi issue nhi h,st:EN sc:EN apne:HI ghr:HI me:HI kuch:HI bhi:HI kre:HI mujhe:HI koi:HI issue:EN nhi:HI h:EN,st sc,apne ghr me kuch bhi kre mujhe koi issue nhi h,0.408,0.509
206,uparseh kuch parents toh parrahi ko sab samjh keh itna paise bhar dete aur woh angrez log phirbih fee mangthe hai 4 some ppl its really hard toppers ko ehmiyat nai milti degrees wagera lene keh baad bih end meh bande ko apne appko sambalne keh liye yeh sab kuch nai kaam ata,uparseh:HI kuch:HI parents:EN toh:HI parrahi:HI ko:HI sab:HI samjh:HI keh:HI itna:HI paise:HI bhar:HI dete:HI aur:HI woh:HI angrez:HI log:HI phirbih:HI fee:EN mangthe:HI hai:HI 4:EN some:EN ppl:EN its:EN really:EN hard:EN toppers:EN ko:HI ehmiyat:HI nai:HI milti:HI degrees:EN wagera:HI lene:HI keh:HI baad:HI bih:EN end:EN meh:HI bande:HI ko:HI apne:HI appko:HI sambalne:HI keh:HI liye:HI yeh:HI sab:HI kuch:HI nai:HI kaam:HI ata:HI,degrees,lene keh baad bih end meh bande ko apne appko sambalne keh liye yeh sab kuch nai kaam ata,0.195,0.409
194,mr daksh aibla agr bacho ko guide karna ya fir unko sahi galt smjhana yaa fir unko motivate karna apne hkk ki aawaj uthana yaa apne hkk k liye koyi bat rkhna bhadkna hai to theek hai hm bacho ko koyi problem ni hai or apne safe future k liye sir k sath hn hm b badkne or bhadkane k lia ready h,mr:EN daksh:HI aibla:HI agr:HI bacho:HI ko:HI guide:EN karna:HI ya:HI fir:HI unko:HI sahi:HI galt:HI smjhana:HI yaa:HI fir:HI unko:HI motivate:EN karna:HI apne:HI hkk:HI ki:HI aawaj:HI uthana:HI yaa:HI apne:HI hkk:HI k:HI liye:HI koyi:HI bat:EN rkhna:HI bhadkna:HI hai:HI to:HI theek:HI hai:HI hm:HI bacho:HI ko:HI koyi:HI problem:EN ni:HI hai:HI or:EN apne:HI safe:EN future:EN k:HI liye:HI sir:EN k:HI sath:HI hn:HI hm:HI b:EN badkne:HI or:EN bhadkane:HI k:HI lia:HI ready:EN h:EN,aawaj,apne hkk ki aawaj uthana... bhadkna hai to theek hai,0.7,0.6
141,news agar marriage ka time badha kar de to security apne aap kam lagani padegi kuch advantage le sakte hain fakeeribaba,news:EN agar:HI marriage:EN ka:HI time:EN badha:HI kar:HI de:HI to:HI security:EN apne:HI aap:HI kam:HI lagani:HI padegi:HI kuch:HI advantage:EN le:HI sakte:HI hain:HI fakeeribaba:HI,security,apne aap kam lagani padegi,0.55,0.25
572,ye kya naya trend h bc sab ke sab apne insta deactivate kyu kar rhe h,ye:HI kya:HI naya:HI trend:EN h:EN bc:EN sab:HI ke:HI sab:HI apne:HI insta:EN deactivate:EN kyu:HI kar:HI rhe:HI h:EN,insta,sab ke sab apne insta deactivate kyu kar rhe h,0.267,0.449
295,no its not kinky me me apne bhai k bhi baal khenchti hon,no:EN its:EN not:EN kinky:EN me:HI me:HI apne:HI bhai:HI k:HI bhi:HI baal:HI khenchti:HI hon:HI,baal,apne bhai k bhi baal khenchti hon,0.5,0.4
6,when i send this i mean this haan maalum hai chal apne baap ko mat sikha,when:EN i:EN send:EN this:EN i:EN mean:EN this:EN haan:HI maalum:HI hai:HI chal:HI apne:HI baap:HI ko:HI mat:HI sikha:HI,this,i mean this,0.485,0.492
288,itni jaldi tweet kar dia apne purane record ke hisab se ek week baad tweet karte aur neeraj ki jagah neerja ko wish karte,itni:HI jaldi:HI tweet:EN kar:HI dia:EN apne:HI purane:HI record:EN ke:HI hisab:HI se:HI ek:HI week:EN baad:HI tweet:EN karte:HI aur:HI neeraj:HI ki:HI jagah:HI neerja:HI ko:HI wish:EN karte:HI,tweet,itni jaldi tweet kar dia apne purane record ke hisab se ek week baad tweet karte,0.2,0.7
187,ye kaam to manmohan singh ji hi kar skte hai kyonki vo future ke bare me sochte hai aap ke paas nafrat kaise falai jaye iske siva koi soch hai hi nhi ydi hoti na to aaj kisan bhai apne ghar pr hote na ki border pr baithe hote,ye:HI kaam:HI to:EN manmohan:HI singh:HI ji:HI hi:HI kar:HI skte:HI hai:HI kyonki:HI vo:HI future:EN ke:HI bare:HI me:HI sochte:HI hai:HI aap:HI ke:HI paas:HI nafrat:HI kaise:HI falai:HI jaye:HI iske:HI siva:HI koi:HI soch:HI hai:HI hi:HI nhi:HI ydi:HI hoti:HI na:HI to:HI aaj:HI kisan:HI bhai:HI apne:HI ghar:HI pr:EN hote:HI na:HI ki:HI border:EN pr:EN baithe:HI hote:HI,soch,nafrat kaise falai jaye iske siva koi soch hai hi nhi,0.467,0.773
150,aur apne inn najayaz bapu ko bol ki paris toh kya woh koi sarkaar chalane ka aukaat nahi rakhta rakhta hai toh bas hindu vote kaise mile aur kaha se koi radicalize karne ka mauka mil jaye jaa lecture maar apne baap modia aur yati ko nahi toh ek tha ayodhya ho jayega,aur:HI apne:HI inn:EN najayaz:HI bapu:HI ko:HI bol:HI ki:HI paris:EN toh:HI kya:HI woh:HI koi:HI sarkaar:HI chalane:HI ka:HI aukaat:HI nahi:HI rakhta:HI rakhta:HI hai:HI toh:HI bas:HI hindu:EN vote:EN kaise:HI mile:HI aur:HI kaha:HI se:HI koi:HI radicalize:EN karne:HI ka:HI mauka:HI mil:HI jaye:HI jaa:HI lecture:EN maar:HI apne:HI baap:HI modia:HI aur:HI yati:EN ko:HI nahi:HI toh:HI ek:HI tha:HI ayodhya:HI ho:HI jayega:HI,lecture,jaa lecture maar apne baap modia aur yati ko,0.347,0.656
431,haa ache se acting mat karvaana ache kapde nahi dena ache makeup nahi dena ache dialogues nahi dena ache story bhi nahi dena lekin promo zaroor dena oh bhai promo apne paas hi rakhiye aapke aur bhi shows hai jinhe promos chahiye ghumhaikisikeypyaarmeiin,haa:HI ache:HI se:HI acting:EN mat:HI karvaana:HI ache:HI kapde:HI nahi:HI dena:HI ache:HI makeup:EN nahi:HI dena:HI ache:HI dialogues:EN nahi:HI dena:HI ache:HI story:EN bhi:HI nahi:HI dena:HI lekin:HI promo:EN zaroor:HI dena:HI oh:EN bhai:HI promo:EN apne:HI paas:HI hi:HI rakhiye:HI aapke:HI aur:HI bhi:HI shows:EN hai:HI jinhe:HI promos:EN chahiye:HI ghumhaikisikeypyaarmeiin:HI,kapde,ache kapde nahi dena,0.15,0.65
385,abe apne age k saare lrke juniors ko date krege tw hmlg single hi rhege na,abe:HI apne:HI age:EN k:HI saare:HI lrke:HI juniors:EN ko:HI date:EN krege:HI tw:HI hmlg:HI single:EN hi:HI rhege:HI na:HI,lrke,apne age k saare juniors ko date krege,0.466,0.339
128,farzi kisan andolan ke liye koi permission nhi chahiye democracy ha bhai shaheen bagh me farzi andolan or roads blok kr skte ha par hindu apne desh me equal laws ki maang kre to secularism khatre me agya isupportashwiniupadhyay isupportashwiniupadhyay,farzi:EN kisan:HI andolan:HI ke:HI liye:HI koi:HI permission:EN nhi:HI chahiye:HI democracy:EN ha:HI bhai:HI shaheen:HI bagh:HI me:HI farzi:EN andolan:HI or:EN roads:EN blok:EN kr:EN skte:HI ha:HI par:HI hindu:EN apne:HI desh:HI me:HI equal:EN laws:EN ki:HI maang:HI kre:HI to:HI secularism:EN khatre:HI me:HI agya:HI isupportashwiniupadhyay:HI isupportashwiniupadhyay:HI,secularism,hindu apne desh me equal laws ki maang kre to secularism khatre me agya,0.2,0.75
329,india bhardwaj 16 guru toh kya ab apne ko inferior bolkar rona shuru kardein ki humare bass ki kuch nhi bakwas karne ke ilava toh plz reservation dedo hume bas ved puran padhte hain fir bhi bakiyon ki halat kharab rehti h ki reservation chla gya toh hum kya karenge,india:EN bhardwaj:HI 16:EN guru:HI toh:HI kya:HI ab:HI apne:HI ko:HI inferior:EN bolkar:HI rona:HI shuru:HI kardein:HI ki:HI humare:HI bass:HI ki:HI kuch:HI nhi:HI bakwas:HI karne:HI ke:HI ilava:HI toh:HI plz:EN reservation:EN dedo:HI hume:HI bas:HI ved:HI puran:HI padhte:HI hain:HI fir:HI bhi:HI bakiyon:HI ki:HI halat:HI kharab:HI rehti:HI h:EN ki:HI reservation:EN chla:HI gya:HI toh:HI hum:HI kya:HI karenge:HI,reservation,reservation dedo hume bas ved puran padhte hain fir bhi bakiyon ki halat kharab rehti h ki reservation chla gya toh hum kya karenge,0.398,0.557
526,uzair im in defence of ashwani sir not this nonsense maine bola kya ok hai ya naheen apne man se rai ka pahaad khada kar liya,uzair:EN im:EN in:EN defence:EN of:EN ashwani:HI sir:EN not:EN this:EN nonsense:EN maine:HI bola:HI kya:HI ok:EN hai:HI ya:HI naheen:EN apne:HI man:HI se:HI rai:HI ka:HI pahaad:HI khada:HI kar:HI liya:HI,defence,in defence of ashwani sir not this nonsense,0.432,0.541
552,ur hussain koe medicine nikal kr marllo apne ap ko medicine ko goli b bolte hain,ur:EN hussain:HI koe:HI medicine:EN nikal:HI kr:EN marllo:HI apne:HI ap:HI ko:HI medicine:EN ko:HI goli:HI b:EN bolte:HI hain:HI,medicine,koe medicine nikal kr marllo apne ap ko,0.379,0.559
235,kabhi muzlim christian ko dekha wo apne log ko obc sc st nahi karte aur bjp ko dekha wo khud divide karra aaj hi laya na reservation obc bill pehla vote manga hindu ke naam pe jab fail ho gaya kuch nahi kiya hindu ka to log sawal utane lage to lag gaya bjp rss dalit obc karne,kabhi:HI muzlim:HI christian:EN ko:HI dekha:HI wo:HI apne:HI log:HI ko:HI obc:EN sc:EN st:EN nahi:HI karte:HI aur:HI bjp:EN ko:HI dekha:HI wo:HI khud:HI divide:EN karra:HI aaj:HI hi:HI laya:HI na:HI reservation:EN obc:EN bill:EN pehla:HI vote:EN manga:HI hindu:EN ke:HI naam:HI pe:HI jab:HI fail:EN ho:HI gaya:HI kuch:HI nahi:HI kiya:HI hindu:EN ka:HI to:EN log:HI sawal:HI utane:HI lage:HI to:HI lag:HI gaya:HI bjp:EN rss:EN dalit:HI obc:EN karne:HI,bjp,khud divide karra aaj hi laya na reservation obc bill,0.356,0.658
119,that s not dar fear that s emotional intelligence an art to not get provoked unnecessarily jis din samajh paaoge to apne aap samajh jaaoge emotional intelligence is the name of the game,that:EN s:EN not:EN dar:HI fear:EN that:EN s:EN emotional:EN intelligence:EN an:EN art:EN to:EN not:EN get:EN provoked:EN unnecessarily:EN jis:HI din:HI samajh:HI paaoge:HI to:HI apne:HI aap:HI samajh:HI jaaoge:HI emotional:EN intelligence:EN is:EN the:EN name:EN of:EN the:EN game:EN,fear,that s not dar fear that s emotional intelligence,0.593,0.572
174,1 shukla bsdke tu chinta mat kar uske liye tu bass apne malik ki chinta kar kiyuki tu majdoor hain tera kam hain streaming karna 100k comments karna reel bana bsdke nahin toh tere malik ek aur task dega,1:EN shukla:HI bsdke:HI tu:HI chinta:HI mat:HI kar:HI uske:HI liye:HI tu:HI bass:HI apne:HI malik:HI ki:HI chinta:HI kar:HI kiyuki:HI tu:HI majdoor:HI hain:HI tera:HI kam:HI hain:HI streaming:EN karna:HI 100k:EN comments:EN karna:HI reel:EN bana:HI bsdke:HI nahin:HI toh:HI tere:HI malik:HI ek:HI aur:HI task:EN dega:HI,reel,reel bana,0.325,0.491
64,kashmri pandit to manav hai hi nahi to adhikar kaisa apne itihas ko dekhiye 1975 emergency,kashmri:HI pandit:HI to:EN manav:HI hai:HI hi:HI nahi:HI to:HI adhikar:HI kaisa:HI apne:HI itihas:EN ko:HI dekhiye:HI 1975:EN emergency:EN,kashmri pandit,manav hai hi nahi to adhikar kaisa,0.359,0.749
541,guru present mein rehkar apne views rakh pao na toh aya karo comments karne qki ye past ka rona toh hum khub sunte hain par wo justification nhi h aj jo injustice horha h aj uska two wrongs don t make a right,guru:HI present:EN mein:HI rehkar:HI apne:HI views:EN rakh:HI pao:HI na:HI toh:HI aya:HI karo:HI comments:EN karne:HI qki:HI ye:HI past:EN ka:HI rona:HI toh:HI hum:HI khub:HI sunte:HI hain:HI par:HI wo:HI justification:EN nhi:HI h:EN aj:HI jo:HI injustice:EN horha:HI h:EN aj:HI uska:HI two:EN wrongs:EN don:EN t:EN make:EN a:EN right:EN,justification,past ka rona toh hum khub sunte hain par wo justification nhi h aj jo injustice horha h,0.33,0.629
394,sirf maa ko hi respect krta h or dusre ladki k disrespect yehi sikha h kia lol k liye kisi ladki ko kuch hi bol dega chal tujhe bolna hi bekar h or sun mujhe dm or spam mt kia kr or gandi baat mt bolna samjha apne haad me rha kr,sirf:HI maa:HI ko:HI hi:HI respect:EN krta:HI h:EN or:EN dusre:HI ladki:HI k:HI disrespect:EN yehi:HI sikha:HI h:EN kia:HI lol:HI k:HI liye:HI kisi:HI ladki:HI ko:HI kuch:HI hi:HI bol:HI dega:HI chal:HI tujhe:HI bolna:HI hi:HI bekar:HI h:EN or:EN sun:HI mujhe:HI dm:EN or:EN spam:EN mt:EN kia:HI kr:EN or:EN gandi:HI baat:HI mt:EN bolna:HI samjha:HI apne:HI haad:HI me:HI rha:HI kr:EN,gandi baat,gandi baat mt bolna,0.15,0.65
570,russian and american breed pakistan is your baap ok pata nahin kis soviet european ka lauda teri amma ne apne phude mein liya a namak haram suar russian amd american breed talking about pakistan,russian:EN and:EN american:EN breed:EN pakistan:EN is:EN your:EN baap:HI ok:EN pata:HI nahin:HI kis:HI soviet:EN european:EN ka:HI lauda:EN teri:HI amma:HI ne:HI apne:HI phude:HI mein:HI liya:HI a:EN namak:HI haram:HI suar:EN russian:EN amd:EN american:EN breed:EN talking:EN about:EN pakistan:EN,amma,pata nahin kis soviet european ka lauda teri amma ne apne phude mein liya,0.217,0.744
284,india apne thik read nahi kis mera twit sayad main bhi yahi kaha raha hoon mujhe ftee technician visit karein 142 wala box service plan active karke aur wait kar hi raha hoon kyoki apko samadhan to karna nahi hai kahie toh 6 mahine wait karoon jab free ho bataiga,india:EN apne:HI thik:HI read:EN nahi:HI kis:HI mera:HI twit:EN sayad:HI main:HI bhi:HI yahi:HI kaha:HI raha:HI hoon:HI mujhe:HI ftee:HI technician:EN visit:EN karein:HI 142:EN wala:HI box:EN service:EN plan:EN active:EN karke:HI aur:HI wait:EN kar:HI hi:HI raha:HI hoon:HI kyoki:HI apko:HI samadhan:HI to:HI karna:HI nahi:HI hai:HI kahie:HI toh:HI 6:EN mahine:HI wait:EN karoon:HI jab:HI free:EN ho:HI bataiga:HI,service,samadhan to karna nahi hai kahie toh 6 mahine wait karoon,0.08,0.75
148,8164 tm nhi khate ho to koi dusra bhi na khaye apni jhatu soch apne pass rakh,8164:EN tm:EN nhi:HI khate:HI ho:HI to:HI koi:HI dusra:HI bhi:HI na:HI khaye:HI apni:HI jhatu:HI soch:HI apne:HI pass:EN rakh:HI,soch,jhatu soch apne pass rakh,0.28,0.587
35,ahaan to ishqi jaise main tumare iss ring ko apne pass rakha main tumhe bhi apne pass save rakhna chata hoon tumhe protect karna chata hoon we want ipzn2,ahaan:HI to:EN ishqi:HI jaise:HI main:HI tumare:HI iss:HI ring:EN ko:HI apne:HI pass:EN rakha:HI main:HI tumhe:HI bhi:HI apne:HI pass:EN save:EN rakhna:HI chata:HI hoon:HI tumhe:HI protect:EN karna:HI chata:HI hoon:HI we:EN want:EN ipzn2:HI,ring,apne pass rakha,0.58,0.387
48,mein v changa mera peo v changa meri maa v changi ristdaar baki apko pata hi hain suna hoga apne b yeh song,mein:HI v:EN changa:HI mera:HI peo:HI v:EN changa:HI meri:HI maa:HI v:EN changi:EN ristdaar:HI baki:HI apko:HI pata:HI hi:HI hain:HI suna:HI hoga:HI apne:HI b:EN yeh:HI song:EN,mera peo,changa,0.8,0.5
38,kashmir yhi socha or kha hoga mere pitaji rashtrwadi hai apne hindusthan or sanatan sanskriti ko bachane k liye yudh kr rhe hai,kashmir:HI yhi:HI socha:HI or:EN kha:HI hoga:HI mere:HI pitaji:HI rashtrwadi:HI hai:HI apne:HI hindusthan:EN or:EN sanatan:HI sanskriti:HI ko:HI bachane:HI k:HI liye:HI yudh:HI kr:EN rhe:HI hai:HI,sanatan sanskriti,bachane k liye yudh kr rhe hai,0.75,0.75
304,abe ghut ghut ke jeene se matlab ha ki apni aankho ke samne apne india culture ko gali apne dharma ko gali apni sabhayata ka uphas udaya jaye aur ye dekh kar bhi jawab na du to ghut ghut ke hi jeena hua ye khangress ne yahi kiya ha,abe:HI ghut:HI ghut:HI ke:HI jeene:HI se:HI matlab:HI ha:HI ki:HI apni:HI aankho:HI ke:HI samne:HI apne:HI india:EN culture:EN ko:HI gali:HI apne:HI dharma:HI ko:HI gali:HI apni:HI sabhayata:HI ka:HI uphas:HI udaya:HI jaye:HI aur:HI ye:HI dekh:HI kar:HI bhi:HI jawab:HI na:HI du:EN to:EN ghut:HI ghut:HI ke:HI hi:HI jeena:HI hua:HI ye:HI khangress:HI ne:HI yahi:HI kiya:HI ha:HI,culture,apne india culture ko gali apne dharma ko gali apni sabhayata ka uphas udaya jaye,0.402,0.577
349,ham sab log chhoti credit ko support karenge to apne india ko support karenge bus yahi soch kar hamen india ke chhote traders ko support karna hai justicefortraders,ham:HI sab:HI log:HI chhoti:HI credit:EN ko:HI support:EN karenge:HI to:HI apne:HI india:EN ko:HI support:EN karenge:HI bus:EN yahi:HI soch:HI kar:HI hamen:HI india:EN ke:HI chhote:HI traders:EN ko:HI support:EN karna:HI hai:HI justicefortraders:HI,chhote traders,support karna hai,0.846,0.486
20,raffle pe debets karle dango pe karle apne chamcho pe karle pm care fund pe karl mahangai pe karle ye karke dikha pahle sahi mudde pe karle pahle,raffle:EN pe:HI debets:HI karle:HI dango:EN pe:HI karle:HI apne:HI chamcho:HI pe:HI karle:HI pm:EN care:EN fund:EN pe:HI karl:HI mahangai:HI pe:HI karle:HI ye:HI karke:HI dikha:HI pahle:HI sahi:HI mudde:HI pe:HI karle:HI pahle:HI,pm care fund,karl,0.25,0.65
221,who has seen god food parmatma apne atmaon ko kabhi kasht nahin hone dete jo unki sharan mein hain call braham jo 84 lakh yoni mein dal ke rakhta hai hai vah unhen 84 lakh yoni se nikalne nahin deta purn parmatma unhen apni bhakti dekar nikale jaate hain gyan ganga padhen,who:EN has:EN seen:EN god:EN food:EN parmatma:EN apne:HI atmaon:HI ko:HI kabhi:HI kasht:HI nahin:HI hone:HI dete:HI jo:HI unki:HI sharan:HI mein:HI hain:HI call:EN braham:EN jo:HI 84:EN lakh:HI yoni:HI mein:HI dal:HI ke:HI rakhta:HI hai:HI hai:HI vah:HI unhen:HI 84:EN lakh:HI yoni:HI se:HI nikalne:HI nahin:HI deta:HI purn:HI parmatma:EN unhen:HI apni:HI bhakti:HI dekar:HI nikale:HI jaate:HI hain:HI gyan:HI ganga:HI padhen:HI,gyan ganga,padhen,0.6,0.35
54,arey na behen alcohol drinkers hi to hamare desh ki shaan hai din mein teen peg lagaiye apne aap dharma ki raksha ho jayegi,arey:HI na:HI behen:HI alcohol:EN drinkers:EN hi:HI to:HI hamare:HI desh:HI ki:HI shaan:HI hai:HI din:HI mein:HI teen:HI peg:EN lagaiye:HI apne:HI aap:HI dharma:HI ki:HI raksha:HI ho:HI jayegi:HI,alcohol drinkers,hamare desh ki shaan hai din mein teen peg lagaiye apne aap dharma ki raksha ho jayegi,0.15,0.75
460,sir prayagraj me near niranjan cinema aur uske pichhe kal night se light nahi aa rahi hai kripya apne sangyaan me lijiye,sir:HI prayagraj:HI me:HI near:EN niranjan:HI cinema:EN aur:HI uske:HI pichhe:HI kal:HI night:EN se:HI light:EN nahi:HI aa:HI rahi:HI hai:HI kripya:HI apne:HI sangyaan:HI me:HI lijiye:HI,light,kal night se light nahi aa rahi hai,0.392,0.504
5,jatti7 ki ho gea sadi stubborn jatti sad it doesn t look nyc eh tn hasdi wadia lgdi apne gang nal,jatti7:HI ki:HI ho:HI gea:HI sadi:HI stubborn:EN jatti:HI sad:EN it:EN doesn:EN t:EN look:EN nyc:EN eh:EN tn:EN hasdi:HI wadia:HI lgdi:HI apne:HI gang:EN nal:HI,jatti,sad it doesn t look nyc,0.368,0.428
141,news agar marriage ka time badha kar de to security apne aap kam lagani padegi kuch advantage le sakte hain fakeeribaba,news:EN agar:HI marriage:EN ka:HI time:EN badha:HI kar:HI de:HI to:HI security:EN apne:HI aap:HI kam:HI lagani:HI padegi:HI kuch:HI advantage:EN le:HI sakte:HI hain:HI fakeeribaba:HI,news,agar marriage ka time badha kar de to security apne aap kam lagani padegi,0.598,0.379
20,raffle pe debets karle dango pe karle apne chamcho pe karle pm care fund pe karl mahangai pe karle ye karke dikha pahle sahi mudde pe karle pahle,raffle:EN pe:HI debets:HI karle:HI dango:EN pe:HI karle:HI apne:HI chamcho:HI pe:HI karle:HI pm:EN care:EN fund:EN pe:HI karl:HI mahangai:HI pe:HI karle:HI ye:HI karke:HI dikha:HI pahle:HI sahi:HI mudde:HI pe:HI karle:HI pahle:HI,mahangai,karle,0.2,0.7
351,sirji apne dost ko puchiye na kyun pareshan kar rahe hain pakistan main shanti se reh rahe hinduon ko mandir bhi tod diya unka ab kya hinduon ko bhi bhaga denge desh se apne aapke to param mitra hain wo aapka baat to jarur manenge peace4hindus,sirji:HI apne:HI dost:HI ko:HI puchiye:HI na:HI kyun:HI pareshan:HI kar:HI rahe:HI hain:HI pakistan:EN main:HI shanti:HI se:HI reh:HI rahe:HI hinduon:HI ko:HI mandir:HI bhi:HI tod:EN diya:HI unka:HI ab:HI kya:HI hinduon:HI ko:HI bhi:HI bhaga:HI denge:HI desh:HI se:HI apne:HI aapke:HI to:EN param:HI mitra:HI hain:HI wo:HI aapka:HI baat:HI to:HI jarur:HI manenge:HI peace4hindus:HI,mandir,tod diya,0.26,0.565
307,all that story is good but apne abbu ki photo kyun share kar raha hai see something is a little short yes neeche ki taraf,all:EN that:EN story:EN is:EN good:EN but:EN apne:HI abbu:HI ki:HI photo:EN kyun:HI share:EN kar:HI raha:HI hai:HI see:HI something:EN is:EN a:EN little:EN short:EN yes:EN neeche:HI ki:HI taraf:HI,story,good,0.844,0.384
227,kaash mein jitni parwaah kart hun logo ki aap bhi karte aapko toh sirf apne credit apne karma aur sirf aapne aap se matlab hota hai you are not able to treat right to one person who can give everything for the world overall mein permanent nahi but aap toh ho,kaash:HI mein:HI jitni:HI parwaah:HI kart:EN hun:HI logo:EN ki:HI aap:HI bhi:HI karte:HI aapko:HI toh:HI sirf:HI apne:HI credit:EN apne:HI karma:EN aur:HI sirf:HI aapne:HI aap:HI se:HI matlab:HI hota:HI hai:HI you:EN are:EN not:EN able:EN to:EN treat:EN right:EN to:EN one:EN person:EN who:EN can:EN give:EN everything:EN for:EN the:EN world:EN overall:EN mein:HI permanent:EN nahi:HI but:EN aap:HI toh:HI ho:HI,aap,not able to treat right to one person,0.356,0.495
240,india hamare baap ka hai behenji vaise tum ko apne baap ka naam pata hia be,india:EN hamare:HI baap:HI ka:HI hai:HI behenji:EN vaise:HI tum:HI ko:HI apne:HI baap:HI ka:HI naam:HI pata:HI hia:HI be:EN,baap,india hamare baap ka hai,0.1,0.85
207,sanghi kutte apne iss hindu bhai ke liye kuch nahi bologe ye bhi hindu hai na ya iska koi fact check karwaoge apne yati swami se,sanghi:HI kutte:HI apne:HI iss:HI hindu:EN bhai:HI ke:HI liye:HI kuch:HI nahi:HI bologe:HI ye:HI bhi:HI hindu:EN hai:HI na:HI ya:HI iska:HI koi:HI fact:EN check:EN karwaoge:HI apne:HI yati:EN swami:HI se:HI,bhai,kuch nahi bologe,0.15,0.7
473,hame ladhki ke prati ek paisa sympathy nahi hai akhir apne parents bhai behen ko tyag karke aant kya paya sirf mann sarir jidd ke adh me parivar kuul dharm samaj ka nash karanewali ladhki ko maaf nahi kia ja sakta waseem ka dosh itni hi hai ki vo vahi kia jo karne ko vo bana,hame:HI ladhki:HI ke:HI prati:HI ek:HI paisa:HI sympathy:EN nahi:HI hai:HI akhir:HI apne:HI parents:EN bhai:HI behen:HI ko:HI tyag:HI karke:HI aant:HI kya:HI paya:HI sirf:HI mann:HI sarir:EN jidd:HI ke:HI adh:HI me:HI parivar:HI kuul:HI dharm:HI samaj:HI ka:HI nash:EN karanewali:HI ladhki:HI ko:HI maaf:HI nahi:HI kia:HI ja:HI sakta:HI waseem:HI ka:HI dosh:HI itni:HI hi:HI hai:HI ki:HI vo:HI vahi:HI kia:HI jo:HI karne:HI ko:HI vo:HI bana:HI,ladhki,ek paisa sympathy nahi hai,0.439,0.649
124,rathee tumhare issab se toh love jihad is myth hindutav is fake murkh ho tum log jo apne dharma k against khade ho jaate ho,rathee:EN tumhare:HI issab:HI se:HI toh:HI love:EN jihad:EN is:EN myth:EN hindutav:HI is:EN fake:EN murkh:HI ho:HI tum:HI log:HI jo:HI apne:HI dharma:HI k:HI against:EN khade:HI ho:HI jaate:HI ho:HI,rathee,murkh ho tum log jo apne dharma k against khade ho jaate ho,0.229,0.655
471,i can see that apne aap ko positive kehke har jagah negativity phailaake kuch fayda hai,i:EN can:EN see:HI that:EN apne:HI aap:HI ko:HI positive:EN kehke:HI har:HI jagah:HI negativity:EN phailaake:HI kuch:HI fayda:HI hai:HI,negativity,apne aap ko positive kehke har jagah negativity phailaake kuch fayda hai,0.15,0.75
213,we want ipzn2 apne show k dialogues mast hai jo v bolo aise unique wale dialogues toh maine kisi show mein nhi dekha apni show ki baat hi alag hai jitni tareef karo kaam hai,we:EN want:EN ipzn2:HI apne:HI show:EN k:HI dialogues:EN mast:EN hai:HI jo:HI v:EN bolo:HI aise:HI unique:EN wale:HI dialogues:EN toh:HI maine:HI kisi:HI show:EN mein:HI nhi:HI dekha:HI apni:HI show:EN ki:HI baat:HI hi:HI alag:HI hai:HI jitni:HI tareef:HI karo:HI kaam:HI hai:HI,dialogues,mast hai,0.731,0.52
581,ak21 seriously how sab bhula diya sampoorna kya kuch nhi kiya isne apne time isse maaf kar sakte h par bondita ko nhi wah,ak21:HI seriously:EN how:EN sab:HI bhula:HI diya:HI sampoorna:HI kya:HI kuch:HI nhi:HI kiya:HI isne:HI apne:HI time:EN isse:HI maaf:HI kar:HI sakte:HI h:EN par:HI bondita:HI ko:HI nhi:HI wah:HI,ak21,sab bhula diya,0.2,0.55
193,guys dont give thm footage joh abhi abhi apne matlab ke liye shehnaaz ki praise kar rahe hai ignore nd enjoy footage chaiye bas shehnaazgill,guys:EN dont:EN give:EN thm:EN footage:EN joh:HI abhi:HI abhi:HI apne:HI matlab:HI ke:HI liye:HI shehnaaz:HI ki:HI praise:EN kar:HI rahe:HI hai:HI ignore:EN nd:EN enjoy:EN footage:EN chaiye:HI bas:HI shehnaazgill:HI,shehnaaz,praise kar rahe hai,0.2,0.75
265,2014 me petrol kitne barrel ki thi aur aj kitne ki hai uske bad bhi dam dugna hogya kamal hai ap kisi ke supporter bano par andhbhakt mat bano koi bhi sarkar desh se badi nahi ho sakti aur aj apne he desh ke log mehngai se trast hai,2014:EN me:HI petrol:EN kitne:HI barrel:EN ki:HI thi:HI aur:HI aj:HI kitne:HI ki:HI hai:HI uske:HI bad:EN bhi:HI dam:EN dugna:HI hogya:HI kamal:HI hai:HI ap:HI kisi:HI ke:HI supporter:EN bano:HI par:HI andhbhakt:HI mat:HI bano:HI koi:HI bhi:HI sarkar:HI desh:HI se:HI badi:HI nahi:HI ho:HI sakti:HI aur:HI aj:HI apne:HI he:HI desh:HI ke:HI log:HI mehngai:HI se:HI trast:HI hai:HI,sarkar,desh se badi nahi ho sakti,0.2,0.7
431,haa ache se acting mat karvaana ache kapde nahi dena ache makeup nahi dena ache dialogues nahi dena ache story bhi nahi dena lekin promo zaroor dena oh bhai promo apne paas hi rakhiye aapke aur bhi shows hai jinhe promos chahiye ghumhaikisikeypyaarmeiin,haa:HI ache:HI se:HI acting:EN mat:HI karvaana:HI ache:HI kapde:HI nahi:HI dena:HI ache:HI makeup:EN nahi:HI dena:HI ache:HI dialogues:EN nahi:HI dena:HI ache:HI story:EN bhi:HI nahi:HI dena:HI lekin:HI promo:EN zaroor:HI dena:HI oh:EN bhai:HI promo:EN apne:HI paas:HI hi:HI rakhiye:HI aapke:HI aur:HI bhi:HI shows:EN hai:HI jinhe:HI promos:EN chahiye:HI ghumhaikisikeypyaarmeiin:HI,acting,ache se acting mat karvaana,0.15,0.7
3,gill main first time bb13 ko apne friends ke yaha dekhi mujhe bigboss me koi intrest nahi tha but jaise hi shehnaaz ki entry huwi us din se bb13 ke har ek episodes dekhi but aaj bhi main bigboss house me shehnaaz ko hi dhoondhti hoo i miss you shehnaaz and miss you bb13 shehnaazgiii,gill:EN main:HI first:EN time:EN bb13:HI ko:HI apne:HI friends:EN ke:HI yaha:HI dekhi:HI mujhe:HI bigboss:HI me:HI koi:HI intrest:EN nahi:HI tha:HI but:EN jaise:HI hi:HI shehnaaz:HI ki:HI entry:EN huwi:HI us:HI din:HI se:HI bb13:HI ke:HI har:HI ek:HI episodes:EN dekhi:HI but:EN aaj:HI bhi:HI main:HI bigboss:HI house:EN me:HI shehnaaz:HI ko:HI hi:HI dhoondhti:HI hoo:HI i:EN miss:EN you:EN shehnaaz:HI and:EN miss:EN you:EN bb13:HI shehnaazgiii:HI,bb13,miss you bb13,0.686,0.545
207,sanghi kutte apne iss hindu bhai ke liye kuch nahi bologe ye bhi hindu hai na ya iska koi fact check karwaoge apne yati swami se,sanghi:HI kutte:HI apne:HI iss:HI hindu:EN bhai:HI ke:HI liye:HI kuch:HI nahi:HI bologe:HI ye:HI bhi:HI hindu:EN hai:HI na:HI ya:HI iska:HI koi:HI fact:EN check:EN karwaoge:HI apne:HI yati:EN swami:HI se:HI,sanghi,kutte,0.05,0.95
224,modi ji apne prachar m mast hain desh m aage lage to lagti rhe kya farq pd rha unko,modi:HI ji:HI apne:HI prachar:HI m:EN mast:EN hain:HI desh:HI m:EN aage:HI lage:HI to:HI lagti:HI rhe:HI kya:HI farq:HI pd:EN rha:HI unko:HI,desh,aage lage to lagti rhe,0.1,0.8
397,hi ravi apne registered contact details ke saath dm par humari madad karen aur humari team aapse sampark karegi,hi:HI ravi:HI apne:HI registered:EN contact:EN details:EN ke:HI saath:HI dm:EN par:HI humari:HI madad:HI karen:HI aur:HI humari:HI team:EN aapse:HI sampark:HI karegi:HI,team,humari team aapse sampark karegi,0.654,0.405
570,russian and american breed pakistan is your baap ok pata nahin kis soviet european ka lauda teri amma ne apne phude mein liya a namak haram suar russian amd american breed talking about pakistan,russian:EN and:EN american:EN breed:EN pakistan:EN is:EN your:EN baap:HI ok:EN pata:HI nahin:HI kis:HI soviet:EN european:EN ka:HI lauda:EN teri:HI amma:HI ne:HI apne:HI phude:HI mein:HI liya:HI a:EN namak:HI haram:HI suar:EN russian:EN amd:EN american:EN breed:EN talking:EN about:EN pakistan:EN,pakistan,russian and american breed,0.277,0.715
160,anchal ko tumhe apna fan bolte huwe sharam aege jalte raho tumhare jalne se kuch nh hone wala dheklo anchalians aur pravishtians apne fd ki harkaten barristerbabu,anchal:HI ko:HI tumhe:HI apna:HI fan:EN bolte:HI huwe:HI sharam:HI aege:HI jalte:HI raho:HI tumhare:HI jalne:HI se:HI kuch:HI nh:EN hone:HI wala:HI dheklo:HI anchalians:HI aur:HI pravishtians:HI apne:HI fd:EN ki:HI harkaten:HI barristerbabu:HI,fd,harkaten,0.2,0.7
563,apne desh ki koi khabar nhi h kya h tumhare pass,apne:HI desh:HI ki:HI koi:HI khabar:HI nhi:HI h:EN kya:HI h:EN tumhare:HI pass:EN,khabar,koi khabar nhi h,0.15,0.45
534,dhuup nikalti hain apne saath subah mein roshnii laati hui haryali phuul pattiyaan khilte hain phuulon pe birds butterflies baithti hain rang birangi titiliyaan fly karti rehti hain uparwale ne dharti kitni pyaari banayi hain dekhiye nature ne phuulon ko kitna pyaara,dhuup:HI nikalti:HI hain:HI apne:HI saath:HI subah:HI mein:HI roshnii:HI laati:HI hui:HI haryali:EN phuul:HI pattiyaan:HI khilte:EN hain:HI phuulon:HI pe:HI birds:EN butterflies:EN baithti:HI hain:HI rang:EN birangi:EN titiliyaan:HI fly:EN karti:HI rehti:HI hain:HI uparwale:HI ne:HI dharti:HI kitni:HI pyaari:HI banayi:HI hain:HI dekhiye:HI nature:EN ne:HI phuulon:HI ko:HI kitna:HI pyaara:HI,phuulon,birds butterflies baithti hain,0.857,0.692
328,14 16 par 20 nahi banae balke 20 balls par 14 runs banaye aur issi tarah 20 balls par 16 runs banaye aur secondly apne kaha duniya ke konse hitters aise khelte is liye khushdil ka bata raha,14:EN 16:EN par:HI 20:EN nahi:HI banae:HI balke:HI 20:EN balls:EN par:HI 14:EN runs:EN banaye:HI aur:HI issi:HI tarah:HI 20:EN balls:EN par:HI 16:EN runs:EN banaye:HI aur:HI secondly:EN apne:HI kaha:HI duniya:HI ke:HI konse:HI hitters:EN aise:HI khelte:HI is:HI liye:HI khushdil:HI ka:HI bata:HI raha:HI,batting,14 16 par 20 nahi banae balke 20 balls par 14 runs banaye,0.383,0.511
37,aap log bhi apne view jarur shahar karo ko join in karke justicefortraders,aap:HI log:HI bhi:HI apne:HI view:EN jarur:HI shahar:HI karo:HI ko:HI join:EN in:EN karke:HI justicefortraders:HI,justicefortraders,join in karke,0.714,0.539
543,main apne dil de raaz kol baithi aa oh chandre nu sab kuch das baithi aa sanghera,main:HI apne:HI dil:HI de:HI raaz:HI kol:EN baithi:HI aa:HI oh:EN chandre:EN nu:EN sab:HI kuch:HI das:HI baithi:HI aa:HI sanghera:EN,dil,dil de raaz kol baithi aa oh chandre nu sab kuch das baithi aa,0.4,0.65
507,apne ex jamaatiyoon ki army lejao 21 saal ka result 0 lekin bhai ko ladai chaheay,apne:HI ex:EN jamaatiyoon:HI ki:HI army:EN lejao:HI 21:EN saal:HI ka:HI result:EN 0:EN lekin:HI bhai:HI ko:HI ladai:HI chaheay:HI,bhai,bhai ko ladai chaheay,0.2,0.75
41,bhaiya ishqi help me ishqi ne mere sare dukh apne upar le lie we want ipzn2,bhaiya:HI ishqi:HI help:EN me:EN ishqi:HI ne:HI mere:HI sare:HI dukh:HI apne:HI upar:HI le:HI lie:EN we:EN want:EN ipzn2:HI,ishqi,mere sare dukh apne upar le lie,0.556,0.587
21,well honey there is no democracy in china even you cant criticize chinese govt like like you are doing with indian govt u are exercising maximum no of freedom in indian demo but can t do in china apne thali main chhed karne bale khud kyon nahi gold le aye,well:EN honey:EN there:EN is:EN no:EN democracy:EN in:EN china:EN even:EN you:EN cant:EN criticize:EN chinese:EN govt:EN like:EN like:EN you:EN are:EN doing:EN with:EN indian:EN govt:EN u:EN are:EN exercising:EN maximum:EN no:EN of:EN freedom:EN in:EN indian:EN demo:EN but:EN can:EN t:EN do:EN in:EN china:EN apne:HI thali:HI main:HI chhed:HI karne:HI bale:EN khud:HI kyon:HI nahi:HI gold:EN le:HI aye:HI,apne thali main chhed karne bale,khud kyon nahi gold le aye,0.15,0.8
234,beta kya hua yeh 11 12 saal ke baccho ke haath mein mobile kyu pakda dete h maa baap beta apne papa ko bolo ki padhai likhai karwaaye aapko,beta:HI kya:HI hua:HI yeh:HI 11:EN 12:EN saal:HI ke:HI baccho:HI ke:HI haath:HI mein:HI mobile:EN kyu:HI pakda:HI dete:HI h:EN maa:HI baap:HI beta:EN apne:HI papa:EN ko:HI bolo:HI ki:HI padhai:HI likhai:HI karwaaye:HI aapko:HI,padhai,padhai likhai karwaaye aapko,0.3,0.6
348,chopra1 sai jo physically fit hai jnke physical conduct krwaye jaye please jab apne fake corona report wale bacho ko vhance dia to hume bhi milna chahie hmne to genuine medical lga rakha hai delhipolicemedicalphysical,chopra1:HI sai:HI jo:HI physically:EN fit:EN hai:HI jnke:HI physical:EN conduct:EN krwaye:HI jaye:HI please:EN jab:HI apne:HI fake:EN corona:EN report:EN wale:HI bacho:HI ko:HI vhance:HI dia:EN to:HI hume:HI bhi:HI milna:HI chahie:HI hmne:HI to:HI genuine:EN medical:EN lga:HI rakha:HI hai:HI delhipolicemedicalphysical:HI,physical conduct,krwaye jaye please,0.484,0.509
381,chopra1 apne to pura proud fill karwa dia thank u vai,chopra1:HI apne:HI to:HI pura:HI proud:EN fill:EN karwa:HI dia:EN thank:EN u:EN vai:EN,chopra1,apne to pura proud fill karwa dia,0.831,0.625
266,chopra1 mujhe iski koi jarurat nahin hai tum apne gaan me daal lo bc main sabhi actor actress ki ijjat karta hun,chopra1:HI mujhe:HI iski:HI koi:HI jarurat:HI nahin:HI hai:HI tum:HI apne:HI gaan:EN me:HI daal:HI lo:HI bc:EN main:HI sabhi:HI actor:EN actress:EN ki:HI ijjat:HI karta:HI hun:HI,actress,main sabhi actor actress ki ijjat karta hun,0.636,0.456
447,bhai mene sach me episode dekha tum bhi dekho tumko lagega isne sahi tweet kiya h wo aise behave kar rha tha jaise wo hollywood superstar ho roughly childhood wale jyada humble hote unhe kadra hoti apne kam ki logo se achhe se behave krte wo,bhai:HI mene:HI sach:HI me:HI episode:EN dekha:HI tum:HI bhi:HI dekho:HI tumko:HI lagega:HI isne:HI sahi:HI tweet:EN kiya:HI h:EN wo:HI aise:HI behave:EN kar:HI rha:HI tha:HI jaise:HI wo:HI hollywood:EN superstar:EN ho:HI roughly:EN childhood:EN wale:HI jyada:HI humble:EN hote:HI unhe:HI kadra:EN hoti:HI apne:HI kam:HI ki:HI logo:EN se:HI achhe:HI se:HI behave:EN krte:HI wo:HI,behavior,aise behave kar rha tha jaise wo hollywood superstar ho,0.2,0.7
106,jay shri krishna sir apne academic certificates me name correction krwana chahte h plzz akanskha chauhan hmra nam h lekin cert me ni so plz hme mansik tanav se door kijie,jay:HI shri:HI krishna:HI sir:EN apne:HI academic:EN certificates:EN me:HI name:EN correction:EN krwana:HI chahte:HI h:EN plzz:EN akanskha:HI chauhan:HI hmra:HI nam:HI h:EN lekin:HI cert:EN me:HI ni:HI so:EN plz:EN hme:HI mansik:HI tanav:HI se:HI door:EN kijie:HI,name correction,mansik tanav se door kijie,0.35,0.47
521,kri thi miss qk apne post ko like commnt nai kra,kri:EN thi:HI miss:EN qk:EN apne:HI post:EN ko:HI like:EN commnt:HI nai:HI kra:HI,post,miss qk apne post ko like commnt nai kra,0.477,0.462
371,hm bhi dropout krne ja rhe apne university se admission lene ja rhe lpu and then 2024 paris me bronze to le hi aayenge,hm:HI bhi:HI dropout:EN krne:HI ja:HI rhe:HI apne:HI university:EN se:HI admission:EN lene:HI ja:HI rhe:HI lpu:EN and:EN then:EN 2024:EN paris:EN me:HI bronze:EN to:EN le:HI hi:HI aayenge:HI,bronze,le hi aayenge,0.1,0.8
336,rkv things slays same even i had good vibes from eijaz but baadme chicha irritate karne lage aur apne champ ne jo dhamaka kia sab dekhte reh gaye,rkv:EN things:EN slays:HI same:EN even:EN i:EN had:EN good:EN vibes:EN from:EN eijaz:EN but:EN baadme:HI chicha:EN irritate:EN karne:HI lage:HI aur:HI apne:HI champ:EN ne:HI jo:HI dhamaka:HI kia:HI sab:HI dekhte:HI reh:HI gaye:HI,rkv things,slays same,0.628,0.465
246,hn hum tum home pyari bhen saneha softheart ap space bnate hi rozzzz iti late ho tb tk me so gai hoti hn sobha jldi othna hota he is liye ap plz apne bache jldi solaa lia kre na kr jldi bna lia kre space fir ao gi me,hn:HI hum:HI tum:HI home:EN pyari:HI bhen:HI saneha:HI softheart:HI ap:HI space:EN bnate:HI hi:HI rozzzz:HI iti:HI late:EN ho:HI tb:EN tk:HI me:HI so:EN gai:HI hoti:HI hn:HI sobha:HI jldi:HI othna:HI hota:HI he:HI is:EN liye:HI ap:HI plz:EN apne:HI bache:HI jldi:HI solaa:HI lia:HI kre:HI na:HI kr:EN jldi:HI bna:HI lia:HI kre:HI space:EN fir:HI ao:HI gi:HI me:HI,space,bnate hi rozzzz iti late ho,0.47,0.589
349,ham sab log chhoti credit ko support karenge to apne india ko support karenge bus yahi soch kar hamen india ke chhote traders ko support karna hai justicefortraders,ham:HI sab:HI log:HI chhoti:HI credit:EN ko:HI support:EN karenge:HI to:HI apne:HI india:EN ko:HI support:EN karenge:HI bus:EN yahi:HI soch:HI kar:HI hamen:HI india:EN ke:HI chhote:HI traders:EN ko:HI support:EN karna:HI hai:HI justicefortraders:HI,india,support karenge,0.856,0.511
241,ke memes dil kahta hai apko apne rom rom me basa lu jab b koi apke dekhe bole wo dekho ja rahi ankit ki shalu,ke:HI memes:EN dil:HI kahta:HI hai:HI apko:HI apne:HI rom:EN rom:EN me:HI basa:HI lu:HI jab:HI b:EN koi:HI apke:HI dekhe:HI bole:HI wo:HI dekho:HI ja:HI rahi:HI ankit:HI ki:HI shalu:HI,memes,dil kahta hai apko apne rom rom me basa lu,0.85,0.65
278,bhadwe jaise jawelin neeraj chopra ne pakistani ki gand mein ghusaya hai waise hi jawelin tere andar ghusayege tel lagake sapne dekhte raho tum pakistani panipat ke samay afghan they ertugul dekh ke turki hue aur ye dekh ke uzbek ho gaye ho tumhe apne baap ka nahi pata,bhadwe:HI jaise:HI jawelin:HI neeraj:HI chopra:EN ne:HI pakistani:EN ki:HI gand:HI mein:HI ghusaya:HI hai:HI waise:HI hi:HI jawelin:HI tere:HI andar:HI ghusayege:HI tel:HI lagake:HI sapne:HI dekhte:HI raho:HI tum:HI pakistani:EN panipat:HI ke:HI samay:HI afghan:EN they:EN ertugul:HI dekh:HI ke:HI turki:HI hue:HI aur:HI ye:HI dekh:HI ke:HI uzbek:EN ho:HI gaye:HI ho:HI tumhe:HI apne:HI baap:HI ka:HI nahi:HI pata:HI,jawelin,bhadwe jaise jawelin neeraj chopra ne pakistani ki gand mein ghusaya hai,0.275,0.669
22,india me talent ki kami nhi bss corruption zero or log apne kaam honestly krne lag jaye,india:EN me:HI talent:EN ki:HI kami:HI nhi:HI bss:EN corruption:EN zero:EN or:EN log:HI apne:HI kaam:HI honestly:EN krne:HI lag:HI jaye:HI,kaam,honestly krne lag jaye,0.7,0.474
92,sharma kisan mat bol political propaganda kar rahe chamcho adhatiyo ko tum jaise chappalchaatu andhnamaziyo ki wajah se public kisano ko gaali dene lagi hai jo apne kaam se kaam rakha raha desh me 98 crore log agri pe dependent hai 98 crore support kar rahe hai kya be namaazi,sharma:HI kisan:HI mat:HI bol:HI political:EN propaganda:EN kar:HI rahe:HI chamcho:HI adhatiyo:HI ko:HI tum:HI jaise:HI chappalchaatu:HI andhnamaziyo:HI ki:HI wajah:HI se:HI public:EN kisano:HI ko:HI gaali:HI dene:HI lagi:HI hai:HI jo:HI apne:HI kaam:HI se:HI kaam:HI rakha:HI raha:HI desh:HI me:HI 98:EN crore:HI log:HI agri:EN pe:HI dependent:EN hai:HI 98:EN crore:HI support:EN kar:HI rahe:HI hai:HI kya:HI be:EN namaazi:HI,political propaganda,political propaganda kar rahe chamcho adhatiyo ko,0.242,0.77
301,baba ko kasam denese pehle raghav ko di kasam yaad karti amp manaa karti k try karugi but vadaa nai de sakti i m married mandar k room me uthnek baad lagta k baat jo b ho but galat h muje apne ghar hona chaie mehndihairachnewaali,baba:HI ko:HI kasam:HI denese:HI pehle:HI raghav:HI ko:HI di:HI kasam:HI yaad:HI karti:HI amp:EN manaa:HI karti:HI k:HI try:EN karugi:HI but:EN vadaa:HI nai:HI de:HI sakti:HI i:EN m:EN married:EN mandar:HI k:HI room:EN me:HI uthnek:HI baad:HI lagta:HI k:HI baat:HI jo:HI b:EN ho:HI but:EN galat:HI h:EN muje:HI apne:HI ghar:HI hona:HI chaie:HI mehndihairachnewaali:HI,mehndihairachnewaali,baba ko kasam denese pehle raghav ko di kasam yaad karti amp manaa karti,0.445,0.447
590,adarsh ha wo to h but chhod bhai kya ye sb jaga pe cmnt kr rha h faltu apne liye bhi hate hoga fir,adarsh:HI ha:HI wo:HI to:HI h:EN but:EN chhod:HI bhai:HI kya:HI ye:HI sb:EN jaga:HI pe:HI cmnt:HI kr:EN rha:HI h:EN faltu:HI apne:HI liye:HI bhi:HI hate:EN hoga:HI fir:HI,adarsh,chhod bhai kya ye sb jaga pe cmnt kr rha h faltu,0.35,0.65
103,shi bat ab modi ji bhala apne janta ko itni bekar raasan kyu denge wo b achhe se jaante h ki wo janta k kitne lokpriya h to bhala modi ji us lokpriya janta ko itna kharaab raasan kyu denge,shi:HI bat:EN ab:HI modi:HI ji:HI bhala:HI apne:HI janta:HI ko:HI itni:HI bekar:HI raasan:HI kyu:HI denge:HI wo:HI b:EN achhe:HI se:HI jaante:HI h:EN ki:HI wo:HI janta:HI k:HI kitne:HI lokpriya:EN h:EN to:EN bhala:HI modi:HI ji:HI us:HI lokpriya:EN janta:HI ko:HI itna:HI kharaab:HI raasan:HI kyu:HI denge:HI,raasan,itni bekar raasan kyu denge wo b achhe se jaante h ki wo janta k kitne lokpriya h to bhala modi ji us lokpriya janta ko itna kharaab raasan kyu denge,0.15,0.75
271,also i have a strong feeling that all the blames will be put on me tum nahi samjhi tumne kya kiya tum galat thi koi galati nahi thi meri kabhi lekin saab galat hua mere saath aur bahaut galat bola bhi gaya mujhe aur maine apne baare mai bahaut galat socha,also:EN i:EN have:EN a:EN strong:EN feeling:EN that:EN all:EN the:EN blames:EN will:EN be:EN put:EN on:EN me:HI tum:HI nahi:HI samjhi:HI tumne:HI kya:HI kiya:HI tum:HI galat:HI thi:HI koi:HI galati:HI nahi:HI thi:HI meri:HI kabhi:HI lekin:HI saab:HI galat:HI hua:HI mere:HI saath:HI aur:HI bahaut:HI galat:HI bola:HI bhi:HI gaya:HI mujhe:HI aur:HI maine:HI apne:HI baare:HI mai:HI bahaut:HI galat:HI socha:HI,blames,all the blames will be put on me,0.339,0.555
126,girl 2 313 dead1 taj43260469 ufffff nadan parinde shaitan mujhe apne was wase me dal rah the isliye astaghfirullah,girl:EN 2:EN 313:EN dead1:HI taj43260469:HI ufffff:HI nadan:HI parinde:HI shaitan:HI mujhe:HI apne:HI was:EN wase:HI me:HI dal:HI rah:HI the:HI isliye:HI astaghfirullah:HI,girl,ufffff nadan parinde shaitan mujhe apne was wase me dal rah the isliye astaghfirullah,0.425,0.554
22,india me talent ki kami nhi bss corruption zero or log apne kaam honestly krne lag jaye,india:EN me:HI talent:EN ki:HI kami:HI nhi:HI bss:EN corruption:EN zero:EN or:EN log:HI apne:HI kaam:HI honestly:EN krne:HI lag:HI jaye:HI,corruption,zero,0.65,0.6
157,the fact is congress ko bola sher aya ghar aur desh chod kar bhag jayege rumours ki duniya aur vijaya ke sapne dekh rahe hai kuch to fact check karva lo apne assistant se fir kehte ho ki congress is not involved in spreading rumours shame on you,the:EN fact:EN is:EN congress:EN ko:HI bola:HI sher:HI aya:HI ghar:HI aur:HI desh:HI chod:HI kar:HI bhag:HI jayege:HI rumours:EN ki:HI duniya:HI aur:HI vijaya:HI ke:HI sapne:HI dekh:HI rahe:HI hai:HI kuch:HI to:EN fact:EN check:EN karva:HI lo:HI apne:HI assistant:EN se:HI fir:HI kehte:HI ho:HI ki:HI congress:EN is:EN not:EN involved:EN in:EN spreading:EN rumours:EN shame:EN on:EN you:EN,congress,rumours ki duniya aur vijaya ke sapne dekh rahe hai kuch to fact check karva lo apne assistant se fir kehte ho ki congress is not involved in spreading rumours shame on you,0.293,0.675
81,indians ek baar ko apna phir se katwane apne ex ke paas chale jayenge but uss golgappe wale ke pass dubara kabhi nhi jayenge jisne free ki sukhi papdi dene se mna kra ho indiantweets desimemes indianmemes,indians:EN ek:HI baar:HI ko:HI apna:HI phir:HI se:HI katwane:HI apne:HI ex:EN ke:HI paas:HI chale:HI jayenge:HI but:EN uss:HI golgappe:HI wale:HI ke:HI pass:EN dubara:HI kabhi:HI nhi:HI jayenge:HI jisne:HI free:EN ki:HI sukhi:HI papdi:HI dene:HI se:HI mna:HI kra:HI ho:HI indiantweets:HI desimemes:HI indianmemes:HI,ex,apna phir se katwane apne ex ke paas chale jayenge,0.275,0.535
457,mukesh sit mein aapse 101 sahmat hun aur agar mughalon ko etana achha kuchh aata to apne desh mein banakar khada karte ye sab hamaare saath etihasik dhokha hai desh ke adbhut mandir jinka koi kisi ko pata nahi hone diya saare jahan se achha hindostan hamara,mukesh:HI sit:EN mein:HI aapse:HI 101:EN sahmat:EN hun:HI aur:HI agar:HI mughalon:HI ko:HI etana:EN achha:HI kuchh:HI aata:HI to:HI apne:HI desh:HI mein:HI banakar:HI khada:HI karte:HI ye:HI sab:HI hamaare:HI saath:HI etihasik:HI dhokha:HI hai:HI desh:HI ke:HI adbhut:HI mandir:HI jinka:HI koi:HI kisi:HI ko:HI pata:HI nahi:HI hone:HI diya:HI saare:HI jahan:HI se:HI achha:HI hindostan:EN hamara:HI,hindostan,saare jahan se achha hindostan hamara,0.95,0.85
531,sid ke fans hi bhut hain sid ko pyaar dene ke liye tum apne nalle ki tension lo kahi twitter per aana band naa kar de,sid:EN ke:HI fans:EN hi:HI bhut:HI hain:HI sid:EN ko:HI pyaar:HI dene:HI ke:HI liye:HI tum:HI apne:HI nalle:EN ki:HI tension:EN lo:HI kahi:HI twitter:EN per:HI aana:HI band:HI naa:HI kar:HI de:HI,fans,bhut hain sid ko pyaar dene ke liye,0.85,0.6
318,sahi kaha apne brother congress sarkar ke 70 saal ke period mein ek bhi gunda nhi tha sab itne kitne khush the or charon taraf jobs bhi thi log bahut rich hua karte the roads bhi silver ki thi and everywhere there was prosperity but modi sarkar mein sab barbad ho gaye,sahi:HI kaha:HI apne:HI brother:EN congress:EN sarkar:HI ke:HI 70:EN saal:HI ke:HI period:EN mein:HI ek:HI bhi:HI gunda:HI nhi:HI tha:HI sab:HI itne:HI kitne:HI khush:HI the:HI or:EN charon:HI taraf:HI jobs:EN bhi:HI thi:HI log:HI bahut:HI rich:EN hua:HI karte:HI the:HI roads:EN bhi:HI silver:EN ki:HI thi:HI and:EN everywhere:EN there:EN was:EN prosperity:EN but:EN modi:HI sarkar:HI mein:HI sab:HI barbad:HI ho:HI gaye:HI,sarkar,ek bhi gunda nhi tha sab itne kitne khush the or charon taraf jobs bhi thi log bahut rich hua karte the roads bhi silver ki thi and everywhere there was prosperity,0.15,0.85
592,ye bahr se strategy bna krr aaya h isko bss ldna h sbse apne partner tk ko nhi smjh rha h kucch smita setty se bina mtlb ld gya introduction time m hi ajib namunaa h ye niki dumboli h iss season kaa,ye:HI bahr:HI se:HI strategy:EN bna:HI krr:HI aaya:HI h:EN isko:HI bss:EN ldna:HI h:EN sbse:HI apne:HI partner:EN tk:HI ko:HI nhi:HI smjh:HI rha:HI h:EN kucch:HI smita:HI setty:HI se:HI bina:HI mtlb:HI ld:EN gya:HI introduction:EN time:EN m:EN hi:HI ajib:HI namunaa:HI h:EN ye:HI niki:EN dumboli:HI h:EN iss:HI season:EN kaa:HI,niki dumboli,iss season kaa,0.1,0.75
556,agar hindu khatre main hai bhi to forces ko lao aur agar constitution main vishwas nahi h to apne baccho ko bhej do talwaro ke sath choice is in your hands either educate your children with books or hatered,agar:HI hindu:EN khatre:HI main:HI hai:HI bhi:HI to:HI forces:EN ko:HI lao:EN aur:HI agar:HI constitution:EN main:HI vishwas:HI nahi:HI h:EN to:EN apne:HI baccho:HI ko:HI bhej:HI do:HI talwaro:HI ke:HI sath:HI choice:EN is:EN in:EN your:EN hands:EN either:EN educate:EN your:EN children:EN with:EN books:EN or:EN hatered:HI,children,educate your children with books or hatered,0.51,0.578
340,pipal hamare liye ek mamuli ped nahi pipal ka ped hamare liye devta k saman h aur bhala apne devta ko koi kaise kaat sakta h jai sri ram jai sanatan dharm,pipal:HI hamare:HI liye:HI ek:HI mamuli:HI ped:HI nahi:HI pipal:HI ka:HI ped:HI hamare:HI liye:HI devta:HI k:HI saman:HI h:EN aur:HI bhala:HI apne:HI devta:HI ko:HI koi:HI kaise:HI kaat:HI sakta:HI h:EN jai:HI sri:HI ram:EN jai:HI sanatan:HI dharm:HI,pipal ka ped,devta k saman h,0.95,0.55
283,yes there is no realisation of limits amp boundaries apne desh mein sab ko sab jagah jaake dekhna hai also school ne pocha mar dia like wow whoever told the peon to mop should also have been arrested for tampering with crime scene,yes:EN there:EN is:EN no:EN realisation:EN of:EN limits:EN amp:EN boundaries:EN apne:HI desh:HI mein:HI sab:HI ko:HI sab:HI jagah:HI jaake:HI dekhna:HI hai:HI also:EN school:EN ne:HI pocha:HI mar:HI dia:EN like:EN wow:EN whoever:EN told:EN the:EN peon:EN to:EN mop:EN should:EN also:EN have:EN been:EN arrested:EN for:EN tampering:EN with:EN crime:EN scene:EN,school,pocha mar dia like wow whoever told the peon to mop should also have been arrested for tampering with crime scene,0.1,0.75
155,yeh foto dekh k bahut dukh ho raha muje apne club pe i dono why,yeh:HI foto:EN dekh:HI k:HI bahut:HI dukh:HI ho:HI raha:HI muje:HI apne:HI club:EN pe:HI i:EN dono:HI why:EN,club,bahut dukh ho raha muje apne club pe,0.363,0.659
408,i a meri sis meri dost mn apne hr dost ke st hr waqt kharra ho,i:EN a:EN meri:HI sis:EN meri:HI dost:HI mn:EN apne:HI hr:EN dost:HI ke:HI st:EN hr:EN waqt:HI kharra:HI ho:HI,dost,apne hr dost ke st hr waqt kharra ho,0.842,0.564
194,mr daksh aibla agr bacho ko guide karna ya fir unko sahi galt smjhana yaa fir unko motivate karna apne hkk ki aawaj uthana yaa apne hkk k liye koyi bat rkhna bhadkna hai to theek hai hm bacho ko koyi problem ni hai or apne safe future k liye sir k sath hn hm b badkne or bhadkane k lia ready h,mr:EN daksh:HI aibla:HI agr:HI bacho:HI ko:HI guide:EN karna:HI ya:HI fir:HI unko:HI sahi:HI galt:HI smjhana:HI yaa:HI fir:HI unko:HI motivate:EN karna:HI apne:HI hkk:HI ki:HI aawaj:HI uthana:HI yaa:HI apne:HI hkk:HI k:HI liye:HI koyi:HI bat:EN rkhna:HI bhadkna:HI hai:HI to:HI theek:HI hai:HI hm:HI bacho:HI ko:HI koyi:HI problem:EN ni:HI hai:HI or:EN apne:HI safe:EN future:EN k:HI liye:HI sir:EN k:HI sath:HI hn:HI hm:HI b:EN badkne:HI or:EN bhadkane:HI k:HI lia:HI ready:EN h:EN,motivate,unko motivate karna... bhadkna hai to theek hai,0.753,0.644
174,1 shukla bsdke tu chinta mat kar uske liye tu bass apne malik ki chinta kar kiyuki tu majdoor hain tera kam hain streaming karna 100k comments karna reel bana bsdke nahin toh tere malik ek aur task dega,1:EN shukla:HI bsdke:HI tu:HI chinta:HI mat:HI kar:HI uske:HI liye:HI tu:HI bass:HI apne:HI malik:HI ki:HI chinta:HI kar:HI kiyuki:HI tu:HI majdoor:HI hain:HI tera:HI kam:HI hain:HI streaming:EN karna:HI 100k:EN comments:EN karna:HI reel:EN bana:HI bsdke:HI nahin:HI toh:HI tere:HI malik:HI ek:HI aur:HI task:EN dega:HI,streaming,tera kam hain streaming karna,0.396,0.591
211,joke of the day congress chala rahi h abhiyan bjp gaddi chhodo apne neta congres chhod kr ja rahe h wo samhale nahi ja gye parmod jaise dhongi pale hue h jo party duba rahe h mp ungli pr ginne layak aur gaddi bjp chhode nighat,joke:EN of:EN the:EN day:EN congress:EN chala:HI rahi:HI h:EN abhiyan:HI bjp:EN gaddi:HI chhodo:HI apne:HI neta:HI congres:EN chhod:HI kr:EN ja:HI rahe:HI h:EN wo:HI samhale:HI nahi:HI ja:HI gye:HI parmod:HI jaise:HI dhongi:HI pale:EN hue:HI h:EN jo:HI party:EN duba:HI rahe:HI h:EN mp:EN ungli:HI pr:EN ginne:HI layak:HI aur:HI gaddi:HI bjp:EN chhode:HI nighat:EN,neta,congres chhod kr ja rahe h,0.2,0.55
64,kashmri pandit to manav hai hi nahi to adhikar kaisa apne itihas ko dekhiye 1975 emergency,kashmri:HI pandit:HI to:EN manav:HI hai:HI hi:HI nahi:HI to:HI adhikar:HI kaisa:HI apne:HI itihas:EN ko:HI dekhiye:HI 1975:EN emergency:EN,itihas,apne itihas ko dekhiye 1975 emergency,0.2,0.8
110,mko kya problem hogi apne squad ko boldo sid ko troll karna band kardo hum asim ko troll karna band kar denge,mko:EN kya:HI problem:EN hogi:HI apne:HI squad:EN ko:HI boldo:HI sid:EN ko:HI troll:EN karna:HI band:HI kardo:HI hum:HI asim:HI ko:HI troll:EN karna:HI band:HI kar:HI denge:HI,squad,boldo sid ko troll karna band kardo,0.406,0.645
170,are bhai yeh 1 ft ke chinese c hote hai inse bahash karke apne time waste mat karo aek lappar mein hi sara iski dadagiri nikal jayegi google please translate it,are:EN bhai:HI yeh:HI 1:EN ft:EN ke:HI chinese:EN c:EN hote:HI hai:HI inse:HI bahash:HI karke:HI apne:HI time:EN waste:EN mat:HI karo:HI aek:EN lappar:HI mein:HI hi:HI sara:HI iski:HI dadagiri:EN nikal:HI jayegi:HI google:EN please:EN translate:EN it:EN,dadagiri,aek lappar mein hi sara iski dadagiri nikal jayegi,0.384,0.734
401,nature ke liye toh jitna bhi likhiye utna hi kam hain kyunki uparwale ne nature ko itna pyaara banaya hain aur nature apne pyaarepan se hamesha khushi hi deta hain sabhi dekhiye ki tree ped ki ek tehni par pattiyaan bhi lagti hain phuul bhi khilte hain,nature:EN ke:HI liye:HI toh:HI jitna:HI bhi:HI likhiye:HI utna:HI hi:HI kam:HI hain:HI kyunki:HI uparwale:HI ne:HI nature:EN ko:HI itna:HI pyaara:HI banaya:HI hain:HI aur:HI nature:EN apne:HI pyaarepan:HI se:HI hamesha:HI khushi:HI hi:HI deta:HI hain:HI sabhi:HI dekhiye:HI ki:HI tree:EN ped:HI ki:HI ek:HI tehni:HI par:HI pattiyaan:HI bhi:HI lagti:HI hain:HI phuul:HI bhi:HI khilte:EN hain:HI,nature,apne pyaarepan se hamesha khushi hi deta hain,0.877,0.673
50,banda sabanaqvi toh fir maane na ki hum indian hai lekin apne aapko turko ki aulaad bataane se fursat nahi hai muslims ko invaders or kabzedaaro ko hero banaakr baithe hai,banda:HI sabanaqvi:HI toh:HI fir:HI maane:HI na:HI ki:HI hum:HI indian:EN hai:HI lekin:HI apne:HI aapko:HI turko:HI ki:HI aulaad:HI bataane:HI se:HI fursat:HI nahi:HI hai:HI muslims:EN ko:HI invaders:EN or:EN kabzedaaro:HI ko:HI hero:EN banaakr:HI baithe:HI hai:HI,muslims,apne aapko turko ki aulaad bataane se fursat nahi hai,0.12,0.82
580,show ka satyanash to dekho yaar adi pehle angry young man tha phir kabir singh bana aur ab jhonny sins yuck voldemort ek concubine jaisa behave kar rahe hai when she knows she is not legally married wo jake apne he jeeja pe dore daar rahe hai,show:EN ka:HI satyanash:HI to:EN dekho:HI yaar:HI adi:HI pehle:HI angry:EN young:EN man:EN tha:HI phir:HI kabir:HI singh:HI bana:HI aur:HI ab:HI jhonny:EN sins:EN yuck:EN voldemort:EN ek:HI concubine:EN jaisa:HI behave:EN kar:HI rahe:HI hai:HI when:EN she:EN knows:EN she:EN is:EN not:EN legally:EN married:EN wo:HI jake:HI apne:HI he:HI jeeja:HI pe:HI dore:EN daar:HI rahe:HI hai:HI,adi,angry young man tha phir kabir singh bana aur ab jhonny sins,0.15,0.8
360,sir ek time mai private teacher tha apne teaching period me kuch movie ki story v likhi thi bt koi link na hone se use apne copy tak hi simit rakha hai sir mujhe ek mauka chahiye khud ko sabit karne ke liye main v aapki trh logo ki help krna chahta hu,sir:HI ek:HI time:EN mai:HI private:EN teacher:EN tha:HI apne:HI teaching:EN period:EN me:HI kuch:HI movie:EN ki:HI story:EN v:EN likhi:HI thi:HI bt:HI koi:HI link:EN na:HI hone:HI se:HI use:HI apne:HI copy:EN tak:HI hi:HI simit:HI rakha:HI hai:HI sir:EN mujhe:HI ek:HI mauka:HI chahiye:HI khud:HI ko:HI sabit:HI karne:HI ke:HI liye:HI main:HI v:EN aapki:HI trh:EN logo:EN ki:HI help:EN krna:HI chahta:HI hu:HI,mauka,mujhe ek mauka chahiye khud ko sabit karne ke liye,0.65,0.7
107,22 sgh chopra1 pehle pata toh kar apne sandal k heel se kya karti hai mai chatna toh dur ki baat wo chusti ekdum mast hai,22:EN sgh:EN chopra1:HI pehle:HI pata:HI toh:HI kar:HI apne:HI sandal:EN k:HI heel:EN se:HI kya:HI karti:HI hai:HI mai:HI chatna:HI toh:HI dur:HI ki:HI baat:HI wo:HI chusti:HI ekdum:HI mast:EN hai:HI,chopra1,husti ekdum mast hai,0.696,0.545
433,arslan abey jahil jab nahi aati english toh mat bola karo yeh tere akele ki dikkat nahi pure pakistan ki hai kyu nanga hone ajate ho yahan pe jaake youtube pe bandar ki tarah naach i love india bol ke 4 paise kama ke apne gharwalon ko khanna khila,arslan:EN abey:HI jahil:HI jab:HI nahi:HI aati:HI english:EN toh:HI mat:HI bola:HI karo:HI yeh:HI tere:HI akele:HI ki:HI dikkat:HI nahi:HI pure:HI pakistan:EN ki:HI hai:HI kyu:HI nanga:HI hone:HI ajate:HI ho:HI yahan:HI pe:HI jaake:HI youtube:EN pe:HI bandar:HI ki:HI tarah:HI naach:HI i:EN love:EN india:EN bol:HI ke:HI 4:EN paise:HI kama:HI ke:HI apne:HI gharwalon:HI ko:HI khanna:HI khila:HI,english,nahi aati english toh mat bola karo,0.255,0.535
32,aap log bhi apne desh ko support karo aur india ke offline business ko support karo aur ek achcha insan bano justicefortraders,aap:HI log:HI bhi:HI apne:HI desh:HI ko:HI support:EN karo:HI aur:HI india:EN ke:HI offline:EN business:EN ko:HI support:EN karo:HI aur:HI ek:HI achcha:HI insan:HI bano:HI justicefortraders:HI,offline business,support karo,0.816,0.561
48,mein v changa mera peo v changa meri maa v changi ristdaar baki apko pata hi hain suna hoga apne b yeh song,mein:HI v:EN changa:HI mera:HI peo:HI v:EN changa:HI meri:HI maa:HI v:EN changi:EN ristdaar:HI baki:HI apko:HI pata:HI hi:HI hain:HI suna:HI hoga:HI apne:HI b:EN yeh:HI song:EN,song,suna hoga apne b,0.5,0.4
589,ab modi ne is k khilaf campaign shuru ker deni hai apne player k khilaf campaign karenge jispe itne saal invest kiya suna hai naan se jyada ganja sasta hai pakistan mein,ab:HI modi:HI ne:HI is:HI k:HI khilaf:HI campaign:EN shuru:HI ker:HI deni:HI hai:HI apne:HI player:EN k:HI khilaf:HI campaign:EN karenge:HI jispe:HI itne:HI saal:HI invest:EN kiya:HI suna:HI hai:HI naan:HI se:HI jyada:HI ganja:EN sasta:HI hai:HI pakistan:EN mein:HI,neta,modi ne is k khilaf campaign shuru ker deni hai,0.45,0.633
24,central gov se lekar state gov ke saath 2 hmare samaj ko bhi sports ke prati jagrit hona pdega parents ko bhi apne bacchon ka support amp uske sath hmesha khda rhna padega meri sari gov and logo se haath jodkar prathna hai sport ke prati lagav rakhiye 1 nhi bahut gold ayega promies,central:EN gov:EN se:HI lekar:HI state:EN gov:EN ke:HI saath:HI 2:EN hmare:HI samaj:HI ko:HI bhi:HI sports:EN ke:HI prati:HI jagrit:HI hona:HI pdega:HI parents:EN ko:HI bhi:HI apne:HI bacchon:HI ka:HI support:EN amp:EN uske:HI sath:HI hmesha:HI khda:HI rhna:HI padega:HI meri:HI sari:HI gov:EN and:EN logo:EN se:HI haath:HI jodkar:HI prathna:HI hai:HI sport:EN ke:HI prati:HI lagav:HI rakhiye:HI 1:EN nhi:HI bahut:HI gold:EN ayega:HI promies:HI,sport,1 nhi bahut gold ayega,0.894,0.693
399,inme se 2 4 hi bb15 keliye qualify honge then syd apne pasand ke koyi aaye abhi toh nhi accha lg rha meko koyi,inme:HI se:HI 2:EN 4:EN hi:HI bb15:HI keliye:HI qualify:EN honge:HI then:EN syd:EN apne:HI pasand:HI ke:HI koyi:HI aaye:HI abhi:HI toh:HI nhi:HI accha:HI lg:HI rha:HI meko:HI koyi:HI,bb15,2 4 hi qualify honge,0.591,0.498
480,ksaurav guide tab kiya ja sakta hai jab koi guidance ko follow karna chahe yahan bohut sare aise log bhi hai jo apne aap ko pm samajhte hai aur am not the leader tagline leke ghumte hai aise log bas apni marji ke maafik kaam kartein hai kisiko sunne ki jarurat nahi samajhte,ksaurav:HI guide:EN tab:HI kiya:HI ja:HI sakta:HI hai:HI jab:HI koi:HI guidance:EN ko:HI follow:EN karna:HI chahe:HI yahan:HI bohut:HI sare:HI aise:HI log:HI bhi:HI hai:HI jo:HI apne:HI aap:HI ko:HI pm:EN samajhte:HI hai:HI aur:HI am:EN not:EN the:EN leader:EN tagline:EN leke:HI ghumte:HI hai:HI aise:HI log:HI bas:HI apni:HI marji:HI ke:HI maafik:HI kaam:HI kartein:HI hai:HI kisiko:HI sunne:HI ki:HI jarurat:HI nahi:HI samajhte:HI,guide,tab kiya ja sakta hai jab koi guidance ko follow karna chahe,0.447,0.463
65,agher apne physics chemistry maths ke exams lene he the to selective subjects pr time kiun zaya kia gya,agher:HI apne:HI physics:EN chemistry:EN maths:EN ke:HI exams:EN lene:HI he:HI the:EN to:EN selective:EN subjects:EN pr:EN time:EN kiun:HI zaya:HI kia:HI gya:HI,selective subjects,time kiun zaya kia gya,0.392,0.504
24,central gov se lekar state gov ke saath 2 hmare samaj ko bhi sports ke prati jagrit hona pdega parents ko bhi apne bacchon ka support amp uske sath hmesha khda rhna padega meri sari gov and logo se haath jodkar prathna hai sport ke prati lagav rakhiye 1 nhi bahut gold ayega promies,central:EN gov:EN se:HI lekar:HI state:EN gov:EN ke:HI saath:HI 2:EN hmare:HI samaj:HI ko:HI bhi:HI sports:EN ke:HI prati:HI jagrit:HI hona:HI pdega:HI parents:EN ko:HI bhi:HI apne:HI bacchon:HI ka:HI support:EN amp:EN uske:HI sath:HI hmesha:HI khda:HI rhna:HI padega:HI meri:HI sari:HI gov:EN and:EN logo:EN se:HI haath:HI jodkar:HI prathna:HI hai:HI sport:EN ke:HI prati:HI lagav:HI rakhiye:HI 1:EN nhi:HI bahut:HI gold:EN ayega:HI promies:HI,central gov,sports ke prati jagrit hona pdega,0.716,0.617
25,aapne apne kafil ko kyu dhoka diya bhai sab pehle se hi plan tha na india jaakr biwi k sath youtube pr numaaish kr k haram ka paisa kamaana tha halal ki roti to hazam nhi horahi thi right na bhai nvr expected,aapne:HI apne:HI kafil:HI ko:HI kyu:HI dhoka:HI diya:HI bhai:HI sab:HI pehle:HI se:HI hi:HI plan:EN tha:HI na:HI india:EN jaakr:HI biwi:HI k:HI sath:HI youtube:EN pr:EN numaaish:HI kr:EN k:HI haram:HI ka:HI paisa:HI kamaana:HI tha:HI halal:HI ki:HI roti:HI to:EN hazam:HI nhi:HI horahi:HI thi:HI right:EN na:HI bhai:HI nvr:EN expected:EN,haram ka paisa,numaaish kr k haram ka paisa kamaana tha,0.1,0.88
228,apne jiss show k fl se promote karwa rahe hain uss show ko bhi promote karo acche se please we want ipzn2,apne:HI jiss:HI show:EN k:HI fl:EN se:HI promote:EN karwa:HI rahe:HI hain:HI uss:HI show:EN ko:HI bhi:HI promote:EN karo:HI acche:HI se:HI please:EN we:EN want:EN ipzn2:HI,show,promote karo acche se,0.74,0.573
215,apne hath pe tattoo krwalo daadi ka bhakt we want ipzn2,apne:HI hath:HI pe:HI tattoo:EN krwalo:HI daadi:HI ka:HI bhakt:HI we:EN want:EN ipzn2:HI,bhakt,daadi ka bhakt,0.15,0.8
449,sp don thk hai koi mulla hai jo apne bahan ki shaadi mujhse karana chahta hai,sp:EN don:EN thk:EN hai:HI koi:HI mulla:HI hai:HI jo:HI apne:HI bahan:HI ki:HI shaadi:HI mujhse:HI karana:HI chahta:HI hai:HI,sp,don thk hai koi mulla hai jo apne bahan ki shaadi mujhse karana chahta hai,0.373,0.577
494,p0 har insan ka apne azadi chatar hjhnda to chat per kia kheto ne bhi gad sakta h moka milna h,p0:EN har:HI insan:HI ka:HI apne:HI azadi:HI chatar:EN hjhnda:HI to:EN chat:EN per:HI kia:HI kheto:HI ne:HI bhi:HI gad:HI sakta:HI h:EN moka:HI milna:HI h:EN,jhnda,apne azadi chatar hjhnda to chat per kia kheto ne bhi gad sakta h,0.54,0.478
58,bro ismein apni nakami wali konsi bat hai pakistani backward areas apne dekhe nhi hain waqif hotin to ye comment na detin meri itni intelligent classfellows ko sirf larki hone ki waja se opportunities avail nhi karne din it s your luck ke apko ache log mil gaye,bro:EN ismein:HI apni:HI nakami:HI wali:HI konsi:HI bat:EN hai:HI pakistani:EN backward:EN areas:EN apne:HI dekhe:HI nhi:HI hain:HI waqif:HI hotin:EN to:HI ye:HI comment:EN na:HI detin:HI meri:HI itni:HI intelligent:EN classfellows:HI ko:HI sirf:HI larki:HI hone:HI ki:HI waja:HI se:HI opportunities:EN avail:EN nhi:HI karne:HI din:HI it:EN s:EN your:EN luck:EN ke:HI apko:HI ache:HI log:HI mil:HI gaye:HI,nakami,nakami wali konsi bat hai,0.362,0.48
431,haa ache se acting mat karvaana ache kapde nahi dena ache makeup nahi dena ache dialogues nahi dena ache story bhi nahi dena lekin promo zaroor dena oh bhai promo apne paas hi rakhiye aapke aur bhi shows hai jinhe promos chahiye ghumhaikisikeypyaarmeiin,haa:HI ache:HI se:HI acting:EN mat:HI karvaana:HI ache:HI kapde:HI nahi:HI dena:HI ache:HI makeup:EN nahi:HI dena:HI ache:HI dialogues:EN nahi:HI dena:HI ache:HI story:EN bhi:HI nahi:HI dena:HI lekin:HI promo:EN zaroor:HI dena:HI oh:EN bhai:HI promo:EN apne:HI paas:HI hi:HI rakhiye:HI aapke:HI aur:HI bhi:HI shows:EN hai:HI jinhe:HI promos:EN chahiye:HI ghumhaikisikeypyaarmeiin:HI,dialogues,ache dialogues nahi dena,0.15,0.65
475,miadham g mane 8171 pr mesag kia tha apne es shenakse kadha pr 3310040937505 pr eska jiwab nahe aya,miadham:HI g:HI mane:HI 8171:HI pr:EN mesag:HI kia:HI tha:HI apne:HI es:HI shenakse:HI kadha:HI pr:EN 3310040937505:HI pr:EN eska:EN jiwab:HI nahe:HI aya:HI,mesag,jiwab nahe aya,0.2,0.4
46,sir ignore karein log hamesha negativity hi spread karte hain aap apne aap ko control karein please,sir:HI ignore:EN karein:HI log:HI hamesha:HI negativity:EN hi:HI spread:EN karte:HI hain:HI aap:HI apne:HI aap:HI ko:HI control:EN karein:HI please:EN,aap,apne aap ko control karein please,0.661,0.38
223,ha apne bachon ko dikhane ke lia rakh sakte hai pr tb tk ghar walo ke hat lag gye to na shadi hogi aur na bacche,ha:HI apne:HI bachon:HI ko:HI dikhane:HI ke:HI lia:HI rakh:HI sakte:HI hai:HI pr:EN tb:EN tk:HI ghar:HI walo:HI ke:HI hat:EN lag:HI gye:HI to:HI na:HI shadi:HI hogi:HI aur:HI na:HI bacche:HI,bachon,dikhane ke lia rakh sakte hai,0.45,0.3
46,sir ignore karein log hamesha negativity hi spread karte hain aap apne aap ko control karein please,sir:HI ignore:EN karein:HI log:HI hamesha:HI negativity:EN hi:HI spread:EN karte:HI hain:HI aap:HI apne:HI aap:HI ko:HI control:EN karein:HI please:EN,log,hamesha negativity hi spread karte hain,0.344,0.641
24,central gov se lekar state gov ke saath 2 hmare samaj ko bhi sports ke prati jagrit hona pdega parents ko bhi apne bacchon ka support amp uske sath hmesha khda rhna padega meri sari gov and logo se haath jodkar prathna hai sport ke prati lagav rakhiye 1 nhi bahut gold ayega promies,central:EN gov:EN se:HI lekar:HI state:EN gov:EN ke:HI saath:HI 2:EN hmare:HI samaj:HI ko:HI bhi:HI sports:EN ke:HI prati:HI jagrit:HI hona:HI pdega:HI parents:EN ko:HI bhi:HI apne:HI bacchon:HI ka:HI support:EN amp:EN uske:HI sath:HI hmesha:HI khda:HI rhna:HI padega:HI meri:HI sari:HI gov:EN and:EN logo:EN se:HI haath:HI jodkar:HI prathna:HI hai:HI sport:EN ke:HI prati:HI lagav:HI rakhiye:HI 1:EN nhi:HI bahut:HI gold:EN ayega:HI promies:HI,state gov,sports ke prati jagrit hona pdega,0.716,0.617
200,aagaye apne aukaat pe andhcongressi don t worry tu bhi tere party ke dubti naiyya me dubega janta dekhti hi tu beta jitna chahiye ud le yeh aakhri tweet hoga mera tere jaise rotlu pointless insaan ke liye chal bhag ab,aagaye:HI apne:HI aukaat:HI pe:HI andhcongressi:HI don:EN t:EN worry:EN tu:HI bhi:HI tere:HI party:EN ke:HI dubti:HI naiyya:HI me:HI dubega:HI janta:HI dekhti:HI hi:HI tu:HI beta:HI jitna:HI chahiye:HI ud:HI le:HI yeh:HI aakhri:HI tweet:EN hoga:HI mera:HI tere:HI jaise:HI rotlu:HI pointless:EN insaan:HI ke:HI liye:HI chal:HI bhag:HI ab:HI,insaan,rotlu pointless,0.068,0.577
413,sare fake site pe in chamcho ko bharosa h per apne desh ki army pe ye trust nhi kar skate,sare:HI fake:EN site:EN pe:HI in:EN chamcho:HI ko:HI bharosa:HI h:EN per:HI apne:HI desh:HI ki:HI army:EN pe:HI ye:HI trust:EN nhi:HI kar:HI skate:EN,army,trust nhi kar skate,0.457,0.65
261,me rohit patidar sir me dewas dist se hu sir me 11th class ka students hu sir jo apne abhi school buss ki anumati nhi di he usse sir gav ke student ko bahut dikt ati he sir or bahut students government bus se ati he padye ke liye apni please sir bus ki anumti,me:HI rohit:HI patidar:EN sir:EN me:HI dewas:HI dist:EN se:HI hu:HI sir:EN me:HI 11th:EN class:EN ka:HI students:EN hu:HI sir:EN jo:HI apne:HI abhi:HI school:EN buss:HI ki:HI anumati:HI nhi:HI di:HI he:HI usse:HI sir:EN gav:HI ke:HI student:EN ko:HI bahut:HI dikt:HI ati:HI he:HI sir:EN or:EN bahut:HI students:EN government:EN bus:EN se:HI ati:HI he:HI padye:HI ke:HI liye:HI apni:HI please:EN sir:EN bus:EN ki:HI anumti:HI,bus,anumati nhi di he usse gav ke student ko bahut dikt ati he,0.449,0.57
12,in se poochain ke jb last tym 3rd wave jb cambridge bachon ke exam ho rhe te toh 3000case pr apne exam cancel krdiyay the right then whats about now we r not bache jaisay woh bache the,in:EN se:HI poochain:HI ke:HI jb:EN last:EN tym:HI 3rd:EN wave:EN jb:EN cambridge:EN bachon:HI ke:HI exam:EN ho:HI rhe:HI te:HI toh:HI 3000case:HI pr:EN apne:HI exam:EN cancel:EN krdiyay:HI the:EN right:EN then:EN whats:EN about:EN now:EN we:EN r:EN not:EN bache:HI jaisay:HI woh:HI bache:HI the:HI,exam,whats about now we r not bache jaisay woh bache the,0.22,0.78
541,guru present mein rehkar apne views rakh pao na toh aya karo comments karne qki ye past ka rona toh hum khub sunte hain par wo justification nhi h aj jo injustice horha h aj uska two wrongs don t make a right,guru:HI present:EN mein:HI rehkar:HI apne:HI views:EN rakh:HI pao:HI na:HI toh:HI aya:HI karo:HI comments:EN karne:HI qki:HI ye:HI past:EN ka:HI rona:HI toh:HI hum:HI khub:HI sunte:HI hain:HI par:HI wo:HI justification:EN nhi:HI h:EN aj:HI jo:HI injustice:EN horha:HI h:EN aj:HI uska:HI two:EN wrongs:EN don:EN t:EN make:EN a:EN right:EN,comments,present mein rehkar apne views rakh pao na toh aya karo comments karne,0.456,0.506
189,accha to ye sb job modi apne italian dosto ko dega hai na,accha:HI to:HI ye:HI sb:EN job:EN modi:HI apne:HI italian:EN dosto:HI ko:HI dega:HI hai:HI na:HI,job,apne italian dosto ko dega,0.15,0.75
15,view k chakkar or paise ki laalach me india chle gye jawaid bhai apne kafil ko dhoka dekar toh ek hi news bar bar repeat krna inke liye kon c badi baat h bhai,view:EN k:HI chakkar:HI or:EN paise:HI ki:HI laalach:HI me:HI india:EN chle:HI gye:HI jawaid:EN bhai:HI apne:HI kafil:HI ko:HI dhoka:HI dekar:HI toh:HI ek:HI hi:HI news:EN bar:EN bar:EN repeat:EN krna:HI inke:HI liye:HI kon:HI c:EN badi:HI baat:HI h:EN bhai:HI,jawaid bhai,view k chakkar or paise ki laalach me india chle gye apne kafil ko dhoka dekar,0.523,0.521
202,bas kr sebi bhut ho gya kab hum sahara sebi case k piche bhagte rhenge apne paiso k lye paisa wapas kro sebi,bas:HI kr:EN sebi:HI bhut:HI ho:HI gya:HI kab:HI hum:HI sahara:EN sebi:HI case:EN k:HI piche:HI bhagte:HI rhenge:HI apne:HI paiso:HI k:HI lye:EN paisa:HI wapas:HI kro:HI sebi:HI,sahara sebi case,kab hum sahara sebi case k piche bhagte rhenge,0.279,0.468
4,ek nari ko duniya ke samne apne nagan sarir ko pradarshan karna sobha nahi deta aisi isthiti kewal band kamre me apne pati ke sath hona chahiye apke pass srif 3 din hai ye sab rok do hari om namo narayan thanks,ek:HI nari:HI ko:HI duniya:HI ke:HI samne:HI apne:HI nagan:EN sarir:EN ko:HI pradarshan:HI karna:HI sobha:HI nahi:HI deta:HI aisi:HI isthiti:HI kewal:HI band:HI kamre:HI me:HI apne:HI pati:HI ke:HI sath:HI hona:HI chahiye:HI apke:HI pass:EN srif:HI 3:EN din:HI hai:HI ye:HI sab:HI rok:HI do:EN hari:HI om:HI namo:EN narayan:HI thanks:EN,nagan sarir ko pradarshan,sobha nahi deta,0.15,0.7
421,gurl pakistani girls k apne aap e ho jaty hn fikr not,gurl:EN pakistani:EN girls:EN k:HI apne:HI aap:HI e:EN ho:HI jaty:HI hn:HI fikr:HI not:EN,girls,apne aap e ho jaty hn fikr not,0.5,0.4
116,dusit rajnitik mansik aapda se to apne aapko bacha nahi paye aur natural aapada se bachane ki bat karte hai mp atitith sikshak isaka jeeta jagata example hai not true maternal uncle of mp s people,dusit:EN rajnitik:HI mansik:HI aapda:HI se:HI to:HI apne:HI aapko:HI bacha:HI nahi:HI paye:HI aur:HI natural:EN aapada:HI se:HI bachane:HI ki:HI bat:EN karte:HI hai:HI mp:EN atitith:HI sikshak:HI isaka:EN jeeta:HI jagata:HI example:EN hai:HI not:EN true:EN maternal:EN uncle:EN of:EN mp:EN s:EN people:EN,natural aapada,natural aapada se bachane ki bat karte hai,0.2,0.75
308,national jaleel sab jail mein hai teri mako chod rahe hai kaha se mila ye data bhosdike apne baap modi ko dekh khula ghum raha hai or pm bhi bana hai or gujraat mein kaand karke or galat nai hota to wo time ki report video or google ne 10 pe rakha tha most criminals mein or usa ne banned kiya th,national:EN jaleel:HI sab:HI jail:EN mein:HI hai:HI teri:HI mako:EN chod:HI rahe:HI hai:HI kaha:HI se:HI mila:HI ye:HI data:EN bhosdike:HI apne:HI baap:HI modi:HI ko:HI dekh:HI khula:HI ghum:HI raha:HI hai:HI or:EN pm:EN bhi:HI bana:HI hai:HI or:EN gujraat:HI mein:HI kaand:EN karke:HI or:EN galat:HI nai:HI hota:HI to:HI wo:HI time:EN ki:HI report:EN video:EN or:EN google:EN ne:HI 10:EN pe:HI rakha:HI tha:HI most:EN criminals:EN mein:HI or:EN usa:EN ne:HI banned:EN kiya:HI th:HI,modi,khula ghum raha hai or pm bhi bana hai,0.2,0.9
48,mein v changa mera peo v changa meri maa v changi ristdaar baki apko pata hi hain suna hoga apne b yeh song,mein:HI v:EN changa:HI mera:HI peo:HI v:EN changa:HI meri:HI maa:HI v:EN changi:EN ristdaar:HI baki:HI apko:HI pata:HI hi:HI hain:HI suna:HI hoga:HI apne:HI b:EN yeh:HI song:EN,mein,changa,0.75,0.5
457,mukesh sit mein aapse 101 sahmat hun aur agar mughalon ko etana achha kuchh aata to apne desh mein banakar khada karte ye sab hamaare saath etihasik dhokha hai desh ke adbhut mandir jinka koi kisi ko pata nahi hone diya saare jahan se achha hindostan hamara,mukesh:HI sit:EN mein:HI aapse:HI 101:EN sahmat:EN hun:HI aur:HI agar:HI mughalon:HI ko:HI etana:EN achha:HI kuchh:HI aata:HI to:HI apne:HI desh:HI mein:HI banakar:HI khada:HI karte:HI ye:HI sab:HI hamaare:HI saath:HI etihasik:HI dhokha:HI hai:HI desh:HI ke:HI adbhut:HI mandir:HI jinka:HI koi:HI kisi:HI ko:HI pata:HI nahi:HI hone:HI diya:HI saare:HI jahan:HI se:HI achha:HI hindostan:EN hamara:HI,mughalon,etana achha kuchh aata to apne desh mein banakar khada karte,0.325,0.585
464,please apne kuch kuch tweets mai starplus aur deeya ko tag karte aoo fansdemandsaakks2 shauryaauranokhikikahani,please:EN apne:HI kuch:HI kuch:HI tweets:EN mai:HI starplus:HI aur:HI deeya:EN ko:HI tag:EN karte:HI aoo:EN fansdemandsaakks2:HI shauryaauranokhikikahani:HI,kahaani,shauryaauranokhikikahani,0.6,0.45
20,raffle pe debets karle dango pe karle apne chamcho pe karle pm care fund pe karl mahangai pe karle ye karke dikha pahle sahi mudde pe karle pahle,raffle:EN pe:HI debets:HI karle:HI dango:EN pe:HI karle:HI apne:HI chamcho:HI pe:HI karle:HI pm:EN care:EN fund:EN pe:HI karl:HI mahangai:HI pe:HI karle:HI ye:HI karke:HI dikha:HI pahle:HI sahi:HI mudde:HI pe:HI karle:HI pahle:HI,dango,karle,0.2,0.7
390,direct apne target ki taiyari krta sir maine hr area me try kiya ki kahi se paisa jyada earn kr saku bt koi fayada nhi huaa kama to rha hu dil laga kr bt mahngai ne or rula diya hai kuch samjh nhi aa rha kya karu kaise karu,direct:EN apne:HI target:EN ki:HI taiyari:HI krta:HI sir:EN maine:HI hr:EN area:EN me:HI try:EN kiya:HI ki:HI kahi:HI se:HI paisa:HI jyada:HI earn:EN kr:EN saku:HI bt:HI koi:HI fayada:HI nhi:HI huaa:HI kama:HI to:EN rha:HI hu:HI dil:HI laga:HI kr:EN bt:HI mahngai:HI ne:HI or:EN rula:HI diya:HI hai:HI kuch:HI samjh:HI nhi:HI aa:HI rha:HI kya:HI karu:HI kaise:HI karu:HI,paisa,kahi se paisa jyada earn kr saku bt koi fayada nhi huaa,0.557,0.61
25,aapne apne kafil ko kyu dhoka diya bhai sab pehle se hi plan tha na india jaakr biwi k sath youtube pr numaaish kr k haram ka paisa kamaana tha halal ki roti to hazam nhi horahi thi right na bhai nvr expected,aapne:HI apne:HI kafil:HI ko:HI kyu:HI dhoka:HI diya:HI bhai:HI sab:HI pehle:HI se:HI hi:HI plan:EN tha:HI na:HI india:EN jaakr:HI biwi:HI k:HI sath:HI youtube:EN pr:EN numaaish:HI kr:EN k:HI haram:HI ka:HI paisa:HI kamaana:HI tha:HI halal:HI ki:HI roti:HI to:EN hazam:HI nhi:HI horahi:HI thi:HI right:EN na:HI bhai:HI nvr:EN expected:EN,halal ki roti,hazam nhi horahi thi,0.14,0.82
169,baron aji lan mera trophy kaha hai runs kya apne shirt par chipka ke chalega vo,baron:EN aji:HI lan:EN mera:HI trophy:EN kaha:HI hai:HI runs:EN kya:HI apne:HI shirt:EN par:HI chipka:HI ke:HI chalega:HI vo:HI,runs,kya apne shirt par chipka ke chalega vo,0.15,0.8
192,apne khobsorat mamu zad bhai zulfiqar abdull shakoor khan or khala zad bhai saqlen mir kesath unke ghar main chand aks,apne:HI khobsorat:HI mamu:HI zad:EN bhai:HI zulfiqar:EN abdull:HI shakoor:EN khan:EN or:EN khala:HI zad:EN bhai:HI saqlen:HI mir:HI kesath:HI unke:HI ghar:HI main:HI chand:HI aks:HI,khala zad bhai,kesath unke ghar main chand aks,0.683,0.355
11,d h nair koi apne jeb se nahin deta owaisi bhi nahin deta,d:EN h:EN nair:HI koi:HI apne:HI jeb:HI se:HI nahin:HI deta:HI owaisi:EN bhi:HI nahin:HI deta:HI,d h nair,apne jeb se nahin deta,0.35,0.45
77,abe apne ghar me dekh lo pehle aapke apne sheher delhi mein jantar mantar par kya ho raha hai uspe to muh nahi khulega you are the same as the bigots from across the border no difference at all,abe:HI apne:HI ghar:HI me:HI dekh:HI lo:HI pehle:HI aapke:HI apne:HI sheher:HI delhi:EN mein:HI jantar:HI mantar:HI par:HI kya:HI ho:HI raha:HI hai:HI uspe:HI to:EN muh:HI nahi:HI khulega:HI you:EN are:EN the:EN same:EN as:EN the:EN bigots:EN from:EN across:EN the:EN border:EN no:EN difference:EN at:EN all:EN,jantar mantar,uspe to muh nahi khulega,0.325,0.625
517,bahl s nagar gbn noida authority uncle ka acha timepass horaha hai wase uncle apne address ni bheja abitak mujhe,bahl:EN s:EN nagar:HI gbn:EN noida:EN authority:EN uncle:EN ka:HI acha:HI timepass:EN horaha:HI hai:HI wase:HI uncle:EN apne:HI address:EN ni:HI bheja:HI abitak:HI mujhe:HI,authority,acha timepass horaha hai,0.2,0.7
128,farzi kisan andolan ke liye koi permission nhi chahiye democracy ha bhai shaheen bagh me farzi andolan or roads blok kr skte ha par hindu apne desh me equal laws ki maang kre to secularism khatre me agya isupportashwiniupadhyay isupportashwiniupadhyay,farzi:EN kisan:HI andolan:HI ke:HI liye:HI koi:HI permission:EN nhi:HI chahiye:HI democracy:EN ha:HI bhai:HI shaheen:HI bagh:HI me:HI farzi:EN andolan:HI or:EN roads:EN blok:EN kr:EN skte:HI ha:HI par:HI hindu:EN apne:HI desh:HI me:HI equal:EN laws:EN ki:HI maang:HI kre:HI to:HI secularism:EN khatre:HI me:HI agya:HI isupportashwiniupadhyay:HI isupportashwiniupadhyay:HI,andolan,farzi kisan andolan ke liye koi permission nhi chahiye,0.15,0.8
57,dishul apne name mein he ek brand hai yeh ek essa brand hai jo love purity aur emotions se bana please support this brand guys dishulwithresponsivefloors,dishul:HI apne:HI name:EN mein:HI he:HI ek:HI brand:EN hai:HI yeh:HI ek:HI essa:EN brand:EN hai:HI jo:HI love:EN purity:EN aur:HI emotions:EN se:HI bana:HI please:EN support:EN this:EN brand:EN guys:EN dishulwithresponsivefloors:HI,brand,love purity aur emotions se bana,0.906,0.571
412,tiyaaa about bb ott hai apne matlab ka kuch nahi hai yeh,tiyaaa:HI about:EN bb:EN ott:EN hai:HI apne:HI matlab:HI ka:HI kuch:HI nahi:HI hai:HI yeh:HI,bb ott,apne matlab ka kuch nahi hai yeh,0.2,0.4
281,yaar itne bhi standards na girao apne ki ye tweet like karni pade,yaar:HI itne:HI bhi:HI standards:EN na:HI girao:HI apne:HI ki:HI ye:HI tweet:EN like:EN karni:HI pade:HI,tweet,itne bhi standards na girao apne ki ye tweet like karni pade,0.37,0.561
47,hun yawrr lakh lannat wese girls boys sy maza b to leti hen apne b liye hungy,hun:HI yawrr:HI lakh:HI lannat:HI wese:HI girls:EN boys:EN sy:HI maza:HI b:EN to:EN leti:HI hen:HI apne:HI b:EN liye:HI hungy:HI,girls,lakh lannat wese girls boys sy maza b to leti hen,0.352,0.673
196,malikk jo khud jimmedar hai sb cheejo ka usi ko q bulaya jaye taliban me apne logo ko bhej ke waha pr masoom logo ko marne wale ko kahi pe bhi ni bulana chahiye,malikk:HI jo:HI khud:HI jimmedar:HI hai:HI sb:EN cheejo:HI ka:HI usi:HI ko:HI q:EN bulaya:HI jaye:HI taliban:EN me:HI apne:HI logo:EN ko:HI bhej:HI ke:HI waha:HI pr:EN masoom:HI logo:EN ko:HI marne:HI wale:HI ko:HI kahi:HI pe:HI bhi:HI ni:HI bulana:HI chahiye:HI,malikk,khud jimmedar hai sb cheejo ka,0.15,0.75
583,ka abhi toh main jhansi bani huyi hun kuch din mein apne aap ko jaylalitha samajhne lagoongi ae tabby arre ae tabby baja na julmi re julmi bhut nachne ka mann kar rha hai 50 k saath movie tha acting krna tha par maintoh pancholi premi thi bhul gaye kya,ka:HI abhi:HI toh:HI main:HI jhansi:HI bani:HI huyi:HI hun:HI kuch:HI din:HI mein:HI apne:HI aap:HI ko:HI jaylalitha:HI samajhne:HI lagoongi:HI ae:HI tabby:EN arre:HI ae:HI tabby:EN baja:HI na:HI julmi:HI re:HI julmi:HI bhut:HI nachne:HI ka:HI mann:HI kar:HI rha:HI hai:HI 50:EN k:HI saath:HI movie:EN tha:HI acting:EN krna:HI tha:HI par:HI maintoh:HI pancholi:HI premi:HI thi:HI bhul:HI gaye:HI kya:HI,movie,50 k saath movie tha,0.621,0.43
273,bhaiya agar apko amdani itni he badh gayi hai to kyu nahi ap aj se he 200 dekr petrol khareedna shuru krdete ho ise he andhbhakti kehte hai 2014 ke badse waise bohat kuch badhgya hai berojgari apne charam par hai 40saal ke record tod diya inhone,bhaiya:HI agar:HI apko:HI amdani:HI itni:HI he:HI badh:HI gayi:HI hai:HI to:HI kyu:HI nahi:HI ap:HI aj:HI se:HI he:HI 200:EN dekr:HI petrol:EN khareedna:HI shuru:HI krdete:HI ho:HI ise:HI he:HI andhbhakti:HI kehte:HI hai:HI 2014:EN ke:HI badse:HI waise:HI bohat:HI kuch:HI badhgya:HI hai:HI berojgari:HI apne:HI charam:HI par:HI hai:HI 40saal:HI ke:HI record:EN tod:EN diya:HI inhone:HI,berojgari,apne charam par hai 40saal ke record tod diya,0.298,0.612
118,apne app ko khud secret msgs kr ke dil bhla lete ho yeh wala confidence mjy chhaye,apne:HI app:EN ko:HI khud:HI secret:EN msgs:HI kr:EN ke:HI dil:HI bhla:HI lete:HI ho:HI yeh:HI wala:HI confidence:EN mjy:EN chhaye:HI,confidence,apne app ko khud secret msgs kr ke dil bhla lete ho,0.2,0.75
197,madhypradesh gdp per capita mai 27th rank par h apne bhai or madhypradesh k tatha kathit mama dhyan de trillion dollars ka state h agar state gdp or per capita nhi sudhar sakate to 18 saal se kiya kya,madhypradesh:HI gdp:EN per:EN capita:EN mai:HI 27th:EN rank:EN par:HI h:EN apne:HI bhai:HI or:EN madhypradesh:HI k:HI tatha:HI kathit:HI mama:EN dhyan:HI de:HI trillion:EN dollars:EN ka:HI state:EN h:EN agar:HI state:EN gdp:EN or:EN per:HI capita:EN nhi:HI sudhar:HI sakate:HI to:EN 18:EN saal:HI se:HI kiya:HI kya:HI,per capita,nhi sudhar sakate,0.1,0.65
27,kiya apne cmt apki wajah se hi mere tl pe aaya tha aur apka ss kyu lu mei lekin aise chacha se rt milti,kiya:HI apne:HI cmt:EN apki:HI wajah:HI se:HI hi:HI mere:HI tl:EN pe:HI aaya:HI tha:HI aur:HI apka:HI ss:EN kyu:HI lu:HI mei:HI lekin:HI aise:HI chacha:HI se:HI rt:EN milti:HI,cmt,apki wajah se hi mere tl pe aaya tha,0.557,0.454
409,assalam o alekum ya ali a s madad male intezar muharram dp jo bhi momin apne nam ki dp chahta hen woh humen apna naam text karen note follow amp retweet ker ke humen apna naam msg mai send karen shukriya 09 abbas 92 j,assalam:EN o:EN alekum:HI ya:HI ali:HI a:EN s:EN madad:HI male:EN intezar:HI muharram:EN dp:EN jo:HI bhi:HI momin:HI apne:HI nam:HI ki:HI dp:EN chahta:HI hen:HI woh:HI humen:HI apna:HI naam:HI text:EN karen:HI note:EN follow:EN amp:EN retweet:EN ker:HI ke:HI humen:HI apna:HI naam:HI msg:HI mai:HI send:EN karen:HI shukriya:HI 09:EN abbas:EN 92:EN j:EN,dp,intezar muharram dp jo bhi momin apne nam ki dp chahta hen,0.443,0.338
201,apne maa s jakar poochh beta everyday night day sexy party karta hai,apne:HI maa:HI s:EN jakar:HI poochh:HI beta:HI everyday:EN night:EN day:EN sexy:EN party:EN karta:HI hai:HI,party,sexy,0.2,0.75
594,mla johar dada apse request hai is latter ki tarah aap bhi apne latter ped pe likh ke cm sab se avgat karane ki kirpa kare,mla:EN johar:HI dada:HI apse:HI request:EN hai:HI is:HI latter:EN ki:HI tarah:HI aap:HI bhi:HI apne:HI latter:EN ped:HI pe:HI likh:HI ke:HI cm:EN sab:HI se:HI avgat:HI karane:HI ki:HI kirpa:HI kare:HI,latter,is latter ki tarah aap bhi apne latter ped pe likh ke,0.525,0.365
574,mujhe 100 million doller dedo srf bss m apni life or apne nzr m jtne gareeb honge sb ki life ko acha bnany ki koshish krunga,mujhe:HI 100:EN million:EN doller:EN dedo:HI srf:EN bss:EN m:EN apni:HI life:EN or:EN apne:HI nzr:EN m:EN jtne:HI gareeb:HI honge:HI sb:EN ki:HI life:EN ko:HI acha:HI bnany:HI ki:HI koshish:HI krunga:HI,life,acha bnany ki koshish krunga,0.85,0.45
400,tumne apne mnn ki kr li uspe hmara zor nahi pls give ipzn2 we want ipzn2,tumne:HI apne:HI mnn:EN ki:HI kr:EN li:HI uspe:HI hmara:HI zor:HI nahi:HI pls:EN give:EN ipzn2:HI we:EN want:EN ipzn2:HI,ipzn2,pls give ipzn2 we want ipzn2,0.692,0.608
95,mai to tujhe ye bhi nahi keh sakta ke jaa jaake apne b p se puchh tere kitne b p hain kon sa b p hai kon sa nahi hai ye tujhe khud bhi nahi pata hoga sad for you man,mai:HI to:HI tujhe:HI ye:HI bhi:HI nahi:HI keh:HI sakta:HI ke:HI jaa:HI jaake:HI apne:HI b:EN p:EN se:HI puchh:HI tere:HI kitne:HI b:EN p:EN hain:HI kon:HI sa:HI b:EN p:EN hai:HI kon:HI sa:HI nahi:HI hai:HI ye:HI tujhe:HI khud:HI bhi:HI nahi:HI pata:HI hoga:HI sad:EN for:EN you:EN man:EN,b p,tere kitne b p hain kon sa b p hai kon sa nahi hai ye tujhe khud bhi nahi pata hoga,0.2,0.5
150,aur apne inn najayaz bapu ko bol ki paris toh kya woh koi sarkaar chalane ka aukaat nahi rakhta rakhta hai toh bas hindu vote kaise mile aur kaha se koi radicalize karne ka mauka mil jaye jaa lecture maar apne baap modia aur yati ko nahi toh ek tha ayodhya ho jayega,aur:HI apne:HI inn:EN najayaz:HI bapu:HI ko:HI bol:HI ki:HI paris:EN toh:HI kya:HI woh:HI koi:HI sarkaar:HI chalane:HI ka:HI aukaat:HI nahi:HI rakhta:HI rakhta:HI hai:HI toh:HI bas:HI hindu:EN vote:EN kaise:HI mile:HI aur:HI kaha:HI se:HI koi:HI radicalize:EN karne:HI ka:HI mauka:HI mil:HI jaye:HI jaa:HI lecture:EN maar:HI apne:HI baap:HI modia:HI aur:HI yati:EN ko:HI nahi:HI toh:HI ek:HI tha:HI ayodhya:HI ho:HI jayega:HI,bapu,najayaz bapu ko bol ki paris toh kya woh koi sarkaar chalane ka aukaat nahi rakhta,0.05,0.85
420,lost girl92 ye apne youth se khud hi pareshan hai other youth let s take decision on future for better living pakistan s youth hey bro which ammo is for this gun and where imraan khan wants some medals at world stages,lost:EN girl92:HI ye:HI apne:HI youth:EN se:HI khud:HI hi:HI pareshan:HI hai:HI other:EN youth:EN let:EN s:EN take:EN decision:EN on:EN future:EN for:EN better:EN living:EN pakistan:EN s:EN youth:EN hey:EN bro:EN which:EN ammo:EN is:EN for:EN this:EN gun:EN and:EN where:EN imraan:HI khan:EN wants:EN some:EN medals:EN at:EN world:EN stages:EN,youth,other youth let s take decision on future for better living,0.673,0.552
370,itna bhi free nhi hona chahiye ke koyi apki kadar na kre itna v ignore nhi krna chahiye apne v ruth jaye amp apko humesha k lia bhool jaye,itna:HI bhi:HI free:EN nhi:HI hona:HI chahiye:HI ke:HI koyi:HI apki:HI kadar:HI na:HI kre:HI itna:HI v:EN ignore:EN nhi:HI krna:HI chahiye:HI apne:HI v:EN ruth:EN jaye:HI amp:EN apko:HI humesha:HI k:HI lia:HI bhool:HI jaye:HI,free,itna bhi free nhi hona chahiye,0.623,0.475
394,sirf maa ko hi respect krta h or dusre ladki k disrespect yehi sikha h kia lol k liye kisi ladki ko kuch hi bol dega chal tujhe bolna hi bekar h or sun mujhe dm or spam mt kia kr or gandi baat mt bolna samjha apne haad me rha kr,sirf:HI maa:HI ko:HI hi:HI respect:EN krta:HI h:EN or:EN dusre:HI ladki:HI k:HI disrespect:EN yehi:HI sikha:HI h:EN kia:HI lol:HI k:HI liye:HI kisi:HI ladki:HI ko:HI kuch:HI hi:HI bol:HI dega:HI chal:HI tujhe:HI bolna:HI hi:HI bekar:HI h:EN or:EN sun:HI mujhe:HI dm:EN or:EN spam:EN mt:EN kia:HI kr:EN or:EN gandi:HI baat:HI mt:EN bolna:HI samjha:HI apne:HI haad:HI me:HI rha:HI kr:EN,disrespect,dure ladki k disrespect,0.081,0.668
370,itna bhi free nhi hona chahiye ke koyi apki kadar na kre itna v ignore nhi krna chahiye apne v ruth jaye amp apko humesha k lia bhool jaye,itna:HI bhi:HI free:EN nhi:HI hona:HI chahiye:HI ke:HI koyi:HI apki:HI kadar:HI na:HI kre:HI itna:HI v:EN ignore:EN nhi:HI krna:HI chahiye:HI apne:HI v:EN ruth:EN jaye:HI amp:EN apko:HI humesha:HI k:HI lia:HI bhool:HI jaye:HI,kadar,koyi apki kadar na kre,0.2,0.55
550,jyoti jo peeda hai sarkar se baat karo yeh behude naare lagane ki kya zaroorat hai agar minority apne par a gaye to desh bahi bachega aur uske zimmedari tum hindu hoge,jyoti:HI jo:HI peeda:HI hai:HI sarkar:HI se:HI baat:HI karo:HI yeh:HI behude:HI naare:HI lagane:HI ki:HI kya:HI zaroorat:HI hai:HI agar:HI minority:EN apne:HI par:HI a:EN gaye:HI to:HI desh:HI bahi:HI bachega:HI aur:HI uske:HI zimmedari:HI tum:HI hindu:EN hoge:HI,sarkar,peeda hai sarkar se baat karo,0.2,0.8
237,chopra1 kis lie dia hai aaj tak samjh nhi aaya but apne jawan ko jaroor officer rank de kar honor karegi,chopra1:HI kis:HI lie:EN dia:EN hai:HI aaj:HI tak:HI samjh:HI nhi:HI aaya:HI but:EN apne:HI jawan:HI ko:HI jaroor:HI officer:EN rank:EN de:HI kar:HI honor:EN karegi:HI,jawan,joroor officer rank de kar honor karegi,0.753,0.583
255,har kisike aur ha hamare 35 koti bhagwan ka chehra to dekhne layak he himmat he to apne khuda ki photo dikha i mean ek baar allah ki photo to dikhana unke messenger ke saath i wanted to know just curious ab iss baat pe mera gala mat kaat dena ola uber,har:HI kisike:HI aur:HI ha:HI hamare:HI 35:EN koti:HI bhagwan:HI ka:HI chehra:HI to:HI dekhne:HI layak:HI he:HI himmat:HI he:HI to:HI apne:HI khuda:HI ki:HI photo:EN dikha:HI i:EN mean:EN ek:HI baar:HI allah:HI ki:HI photo:EN to:EN dikhana:HI unke:HI messenger:EN ke:HI saath:HI i:EN wanted:EN to:EN know:EN just:EN curious:EN ab:HI iss:HI baat:HI pe:HI mera:HI gala:HI mat:HI kaat:HI dena:HI ola:EN uber:EN,bhagwan,chehra to dekhne layak he,0.576,0.55
326,koye apne pyare hathon sey chai shai hii pilla do,koye:EN apne:HI pyare:HI hathon:HI sey:HI chai:HI shai:EN hii:EN pilla:EN do:EN,chai,pyare hathon sey chai shai hii pilla do,0.693,0.481
360,sir ek time mai private teacher tha apne teaching period me kuch movie ki story v likhi thi bt koi link na hone se use apne copy tak hi simit rakha hai sir mujhe ek mauka chahiye khud ko sabit karne ke liye main v aapki trh logo ki help krna chahta hu,sir:HI ek:HI time:EN mai:HI private:EN teacher:EN tha:HI apne:HI teaching:EN period:EN me:HI kuch:HI movie:EN ki:HI story:EN v:EN likhi:HI thi:HI bt:HI koi:HI link:EN na:HI hone:HI se:HI use:HI apne:HI copy:EN tak:HI hi:HI simit:HI rakha:HI hai:HI sir:EN mujhe:HI ek:HI mauka:HI chahiye:HI khud:HI ko:HI sabit:HI karne:HI ke:HI liye:HI main:HI v:EN aapki:HI trh:EN logo:EN ki:HI help:EN krna:HI chahta:HI hu:HI,story,koi link na hone se use apne copy tak hi simit rakha hai,0.46,0.405
256,mahesh babu is 46 but he looks like he is in his 20 s kamaal ka maintain karke rakha hai apne aap ko,mahesh:HI babu:HI is:EN 46:EN but:EN he:HI looks:EN like:EN he:HI is:EN in:EN his:EN 20:EN s:EN kamaal:HI ka:HI maintain:EN karke:HI rakha:HI hai:HI apne:HI aap:HI ko:HI,appearance,looks like he is in his 20 s kamaal ka maintain karke rakha hai,0.798,0.569
101,queen achha achha mujhe lga aap apne love at 1st side wale ka explain kr rhe,queen:EN achha:HI achha:HI mujhe:HI lga:HI aap:HI apne:HI love:EN at:EN 1st:EN side:EN wale:HI ka:HI explain:EN kr:EN rhe:HI,queen,achha achha mujhe lga aap apne love at 1st side wale ka explain kr rhe,0.607,0.378
97,dagge apne bahnoi ka photo q laga liya,dagge:EN apne:HI bahnoi:HI ka:HI photo:EN q:EN laga:HI liya:HI,photo,apne bahnoi ka photo q laga liya,0.15,0.65
213,we want ipzn2 apne show k dialogues mast hai jo v bolo aise unique wale dialogues toh maine kisi show mein nhi dekha apni show ki baat hi alag hai jitni tareef karo kaam hai,we:EN want:EN ipzn2:HI apne:HI show:EN k:HI dialogues:EN mast:EN hai:HI jo:HI v:EN bolo:HI aise:HI unique:EN wale:HI dialogues:EN toh:HI maine:HI kisi:HI show:EN mein:HI nhi:HI dekha:HI apni:HI show:EN ki:HI baat:HI hi:HI alag:HI hai:HI jitni:HI tareef:HI karo:HI kaam:HI hai:HI,show,baat hi alag hai,0.892,0.748
266,chopra1 mujhe iski koi jarurat nahin hai tum apne gaan me daal lo bc main sabhi actor actress ki ijjat karta hun,chopra1:HI mujhe:HI iski:HI koi:HI jarurat:HI nahin:HI hai:HI tum:HI apne:HI gaan:EN me:HI daal:HI lo:HI bc:EN main:HI sabhi:HI actor:EN actress:EN ki:HI ijjat:HI karta:HI hun:HI,gaan,tum apne gaan me daal lo,0.1,0.7
156,sirf anchal ya aura user name rkhne se koi uska fan ni bnta asli fan apne idol ki izat badata hai na hi ghatata ni also ye jo bhi drama chl ra bb hashtag mai ye kisi bhi fan ka kiya dhara ni h these are toxic jb ghee tedhi unglee se nikal re barristerbabu,sirf:HI anchal:HI ya:HI aura:EN user:EN name:EN rkhne:HI se:HI koi:HI uska:HI fan:EN ni:HI bnta:HI asli:HI fan:EN apne:HI idol:EN ki:HI izat:HI badata:HI hai:HI na:HI hi:HI ghatata:HI ni:HI also:EN ye:HI jo:HI bhi:HI drama:EN chl:HI ra:HI bb:EN hashtag:EN mai:HI ye:HI kisi:HI bhi:HI fan:EN ka:HI kiya:HI dhara:HI ni:HI h:EN these:EN are:EN toxic:EN jb:EN ghee:HI tedhi:HI unglee:HI se:HI nikal:HI re:HI barristerbabu:HI,user name,sirf anchal ya aura user name rkhne se koi uska fan ni bnta,0.518,0.376
82,50000 vacancy ko baro sc st obc k back log post ko baro bahujano apne sarkar banaye recruit scstobc teachers,50000:EN vacancy:EN ko:HI baro:HI sc:EN st:EN obc:EN k:HI back:EN log:HI post:EN ko:HI baro:HI bahujano:HI apne:HI sarkar:HI banaye:HI recruit:EN scstobc:HI teachers:EN,sarkar,bahujano apne sarkar banaye,0.6,0.65
475,miadham g mane 8171 pr mesag kia tha apne es shenakse kadha pr 3310040937505 pr eska jiwab nahe aya,miadham:HI g:HI mane:HI 8171:HI pr:EN mesag:HI kia:HI tha:HI apne:HI es:HI shenakse:HI kadha:HI pr:EN 3310040937505:HI pr:EN eska:EN jiwab:HI nahe:HI aya:HI,jiwab,nahe aya,0.2,0.4
197,madhypradesh gdp per capita mai 27th rank par h apne bhai or madhypradesh k tatha kathit mama dhyan de trillion dollars ka state h agar state gdp or per capita nhi sudhar sakate to 18 saal se kiya kya,madhypradesh:HI gdp:EN per:EN capita:EN mai:HI 27th:EN rank:EN par:HI h:EN apne:HI bhai:HI or:EN madhypradesh:HI k:HI tatha:HI kathit:HI mama:EN dhyan:HI de:HI trillion:EN dollars:EN ka:HI state:EN h:EN agar:HI state:EN gdp:EN or:EN per:HI capita:EN nhi:HI sudhar:HI sakate:HI to:EN 18:EN saal:HI se:HI kiya:HI kya:HI,state gdp,nhi sudhar sakate,0.1,0.65
581,ak21 seriously how sab bhula diya sampoorna kya kuch nhi kiya isne apne time isse maaf kar sakte h par bondita ko nhi wah,ak21:HI seriously:EN how:EN sab:HI bhula:HI diya:HI sampoorna:HI kya:HI kuch:HI nhi:HI kiya:HI isne:HI apne:HI time:EN isse:HI maaf:HI kar:HI sakte:HI h:EN par:HI bondita:HI ko:HI nhi:HI wah:HI,bondita,wah,0.15,0.7
129,puri raat hai apne pas isko 100k krne ke liye 8 years of blockbuster express 8yearsofatgchennaiexpress,puri:HI raat:HI hai:HI apne:HI pas:HI isko:HI 100k:EN krne:HI ke:HI liye:HI 8:EN years:EN of:EN blockbuster:EN express:EN 8yearsofatgchennaiexpress:HI,express,blockbuster,0.815,0.738
538,kal phone poora time haath mein rhega apne koi risk nahin lene ka apne ko jimin ka live miss nahin krna hai ekdm bhi,kal:HI phone:EN poora:HI time:EN haath:HI mein:HI rhega:HI apne:HI koi:HI risk:EN nahin:HI lene:HI ka:HI apne:HI ko:HI jimin:EN ka:HI live:EN miss:EN nahin:HI krna:HI hai:HI ekdm:HI bhi:HI,live,miss nahin krna hai ekdm bhi,0.712,0.645
268,you know vishal acha player hae par over confidence usmein saaf dikhai dee raha hae is season mein varun toh pata ni kya samajhta hae apne aap ko body banane or stunts karne mein difference hae or tamboli toh khair bamboli hae,you:EN know:EN vishal:HI acha:HI player:EN hae:HI par:HI over:EN confidence:EN usmein:HI saaf:HI dikhai:HI dee:HI raha:HI hae:HI is:HI season:EN mein:HI varun:HI toh:HI pata:HI ni:HI kya:HI samajhta:HI hae:HI apne:HI aap:HI ko:HI body:EN banane:HI or:EN stunts:EN karne:HI mein:HI difference:EN hae:HI or:EN tamboli:EN toh:HI khair:HI bamboli:EN hae:HI,tamboli,khair bamboli hae,0.15,0.65
334,codes share sir aap apne decision k khud jimedar ho companies pdhke buy kiya kro m ek sal se juda hoon sir k sath agar apko conviction hota h company pr tb hi buy kro wrna mat kro jo company mere paimane pe shi utarti h m vhi buy krta hoon,codes:EN share:EN sir:EN aap:HI apne:HI decision:EN k:HI khud:HI jimedar:HI ho:HI companies:EN pdhke:HI buy:EN kiya:HI kro:HI m:EN ek:HI sal:HI se:HI juda:HI hoon:HI sir:EN k:HI sath:HI agar:HI apko:HI conviction:EN hota:HI h:EN company:EN pr:EN tb:EN hi:HI buy:EN kro:HI wrna:HI mat:HI kro:HI jo:HI company:EN mere:HI paimane:HI pe:HI shi:HI utarti:HI h:EN m:EN vhi:HI buy:EN krta:HI hoon:HI,company,jo company mere paimane pe shi utarti h m vhi buy krta hoon,0.696,0.461
203,who has seen god sat sadhna karne wali bhagat apne dharm ke anusar chalte hain vah banawati baton mein nahin aate purn parmatma kabir saheb ki bhakti karte hain anya devi devtaon ki bhakti nahin karti adhik jankari ke liye dekhen sadhna tv sham 7 30 se,who:EN has:EN seen:EN god:EN sat:EN sadhna:HI karne:HI wali:HI bhagat:HI apne:HI dharm:HI ke:HI anusar:HI chalte:HI hain:HI vah:HI banawati:HI baton:HI mein:HI nahin:HI aate:HI purn:HI parmatma:EN kabir:HI saheb:HI ki:HI bhakti:HI karte:HI hain:HI anya:HI devi:HI devtaon:HI ki:HI bhakti:HI nahin:HI karti:HI adhik:HI jankari:HI ke:HI liye:HI dekhen:HI sadhna:HI tv:EN sham:HI 7:EN 30:EN se:HI,sadhna tv,adhik jankari ke liye dekhen,0.6,0.5
14,iz back o bhai jan international stats compare krke fakhar or apne abu fixer ke tere ghr walon me tujhe tameez sikhai hoti na to tujhe pta hota fixer ko abu nai bbanate or jo fixer ko abu banate hen wo khud bhi apni country ke saath do numberi krsakte hen,iz:EN back:EN o:EN bhai:HI jan:HI international:EN stats:EN compare:EN krke:HI fakhar:EN or:EN apne:HI abu:HI fixer:EN ke:HI tere:HI ghr:HI walon:HI me:HI tujhe:HI tameez:HI sikhai:HI hoti:HI na:HI to:HI tujhe:HI pta:HI hota:HI fixer:EN ko:HI abu:HI nai:HI bbanate:HI or:EN jo:HI fixer:EN ko:HI abu:HI banate:HI hen:HI wo:HI khud:HI bhi:HI apni:HI country:EN ke:HI saath:HI do:HI numberi:HI krsakte:HI hen:HI,international stats,compare krke,0.451,0.454
299,i seriously donno why people comment of each other mera manna hai apne idol ko dekho be happy but both the fd has this big time poking habbits i replied coz rahul did his solo stunt and won mera koi aur motive bilkul nahi hai,i:EN seriously:EN donno:EN why:EN people:EN comment:EN of:EN each:EN other:EN mera:HI manna:HI hai:HI apne:HI idol:EN ko:HI dekho:HI be:EN happy:EN but:EN both:EN the:EN fd:EN has:EN this:EN big:EN time:EN poking:EN habbits:HI i:EN replied:EN coz:EN rahul:HI did:EN his:EN solo:EN stunt:EN and:EN won:EN mera:HI koi:HI aur:HI motive:EN bilkul:HI nahi:HI hai:HI,stunt,did his solo stunt and won,0.578,0.51
417,yeh sab picture me hi acha lgta hai reality me to mulle apne behen k v bhai nh hote,yeh:HI sab:HI picture:EN me:HI hi:HI acha:HI lgta:HI hai:HI reality:EN me:HI to:EN mulle:EN apne:HI behen:HI k:HI v:EN bhai:HI nh:EN hote:HI,picture,acha lgta hai,0.65,0.3
25,aapne apne kafil ko kyu dhoka diya bhai sab pehle se hi plan tha na india jaakr biwi k sath youtube pr numaaish kr k haram ka paisa kamaana tha halal ki roti to hazam nhi horahi thi right na bhai nvr expected,aapne:HI apne:HI kafil:HI ko:HI kyu:HI dhoka:HI diya:HI bhai:HI sab:HI pehle:HI se:HI hi:HI plan:EN tha:HI na:HI india:EN jaakr:HI biwi:HI k:HI sath:HI youtube:EN pr:EN numaaish:HI kr:EN k:HI haram:HI ka:HI paisa:HI kamaana:HI tha:HI halal:HI ki:HI roti:HI to:EN hazam:HI nhi:HI horahi:HI thi:HI right:EN na:HI bhai:HI nvr:EN expected:EN,plan,pehle se hi plan tha,0.445,0.709
426,good evening friends mubark ho aap sab ko aap logo ki mehnat rang lai hai big boss song pe 10 m done sabse bada thanks unko jo apne aapko asim ka sabse bada fan batate hai yaha ke 5 6 log to bilkul bhi nhi aaye song pe rahul maaz ronak or me khud asimriaz asimsquad,good:EN evening:EN friends:EN mubark:HI ho:HI aap:HI sab:HI ko:HI aap:HI logo:EN ki:HI mehnat:HI rang:EN lai:HI hai:HI big:EN boss:EN song:EN pe:HI 10:EN m:EN done:EN sabse:HI bada:HI thanks:EN unko:HI jo:HI apne:HI aapko:HI asim:HI ka:HI sabse:HI bada:HI fan:EN batate:HI hai:HI yaha:HI ke:HI 5:EN 6:EN log:HI to:HI bilkul:HI bhi:HI nhi:HI aaye:HI song:EN pe:HI rahul:HI maaz:EN ronak:HI or:EN me:HI khud:HI asimriaz:HI asimsquad:HI,song,rang lai hai big boss song pe 10 m done,0.74,0.639
215,apne hath pe tattoo krwalo daadi ka bhakt we want ipzn2,apne:HI hath:HI pe:HI tattoo:EN krwalo:HI daadi:HI ka:HI bhakt:HI we:EN want:EN ipzn2:HI,tattoo,apne hath pe tattoo krwalo,0.2,0.75
495,rumble arey arey itna credit nahi le sakti main please apni shakal apne pass rakh aur hum apna 5 bhi nahi de rahe bhai terepe energy waste karke kya hum literally call pe tera mazak uda rahe hai little do you know,rumble:EN arey:HI arey:HI itna:HI credit:EN nahi:HI le:HI sakti:HI main:HI please:EN apni:HI shakal:HI apne:HI pass:EN rakh:HI aur:HI hum:HI apna:HI 5:EN bhi:HI nahi:HI de:HI rahe:HI bhai:HI terepe:HI energy:EN waste:EN karke:HI kya:HI hum:HI literally:EN call:EN pe:HI tera:HI mazak:HI uda:HI rahe:HI hai:HI little:EN do:EN you:EN know:EN,energy,waste karke,0.045,0.68
526,uzair im in defence of ashwani sir not this nonsense maine bola kya ok hai ya naheen apne man se rai ka pahaad khada kar liya,uzair:EN im:EN in:EN defence:EN of:EN ashwani:HI sir:EN not:EN this:EN nonsense:EN maine:HI bola:HI kya:HI ok:EN hai:HI ya:HI naheen:EN apne:HI man:HI se:HI rai:HI ka:HI pahaad:HI khada:HI kar:HI liya:HI,rai ka pahaad,apne man se rai ka pahaad khada kar liya,0.2,0.7
130,to apna kuch hai nahin pyaare to ghamand kis baat ka apne to bas mahadev hain har har mahadev j nakashe assisted by styling mua hair accessories location jethmalani,to:EN apna:HI kuch:HI hai:HI nahin:HI pyaare:HI to:EN ghamand:HI kis:HI baat:HI ka:HI apne:HI to:HI bas:HI mahadev:HI hain:HI har:HI har:HI mahadev:HI j:EN nakashe:HI assisted:EN by:EN styling:EN mua:EN hair:EN accessories:EN location:EN jethmalani:EN,styling,assisted by styling mua hair accessories location jethmalani,0.573,0.348
83,kyon chhode kitne cm ne apne state ke issue par chup rehne par kusri chhodi hai aur aap batoge ki usko kursi chhod deni chahiye,kyon:HI chhode:HI kitne:HI cm:EN ne:HI apne:HI state:EN ke:HI issue:EN par:HI chup:HI rehne:HI par:HI kusri:HI chhodi:HI hai:HI aur:HI aap:HI batoge:HI ki:HI usko:HI kursi:HI chhod:HI deni:HI chahiye:HI,kursi,aap batoge ki usko kursi chhod deni chahiye,0.3,0.65
357,abe h ki paidaish dusroon ki aukat bataane se accha hai ki apne kagaz dhoond pata chale ki tu tweet karta reh jaye aur achanak tera chinese style treatment chalu ho jaye,abe:HI h:EN ki:HI paidaish:HI dusroon:HI ki:HI aukat:HI bataane:HI se:HI accha:HI hai:HI ki:HI apne:HI kagaz:HI dhoond:HI pata:HI chale:HI ki:HI tu:HI tweet:EN karta:HI reh:HI jaye:HI aur:HI achanak:HI tera:HI chinese:EN style:EN treatment:EN chalu:HI ho:HI jaye:HI,tweet,karta reh jaye,0.15,0.75
222,bhai pehle kissano ne aapki baat maani thi ab aap unki maan lo and repeal farm laws humesha apne aap ko hi kush na rakho doosron ko bhi rehne do,bhai:HI pehle:HI kissano:HI ne:HI aapki:HI baat:HI maani:HI thi:HI ab:HI aap:HI unki:HI maan:HI lo:HI and:EN repeal:EN farm:EN laws:EN humesha:HI apne:HI aap:HI ko:HI hi:HI kush:HI na:HI rakho:HI doosron:HI ko:HI bhi:HI rehne:HI do:HI,neta,humesha apne aap ko hi kush na rakho doosron ko bhi rehne do,0.476,0.661
20,raffle pe debets karle dango pe karle apne chamcho pe karle pm care fund pe karl mahangai pe karle ye karke dikha pahle sahi mudde pe karle pahle,raffle:EN pe:HI debets:HI karle:HI dango:EN pe:HI karle:HI apne:HI chamcho:HI pe:HI karle:HI pm:EN care:EN fund:EN pe:HI karl:HI mahangai:HI pe:HI karle:HI ye:HI karke:HI dikha:HI pahle:HI sahi:HI mudde:HI pe:HI karle:HI pahle:HI,sahi mudde,karle pahle,0.3,0.75
128,farzi kisan andolan ke liye koi permission nhi chahiye democracy ha bhai shaheen bagh me farzi andolan or roads blok kr skte ha par hindu apne desh me equal laws ki maang kre to secularism khatre me agya isupportashwiniupadhyay isupportashwiniupadhyay,farzi:EN kisan:HI andolan:HI ke:HI liye:HI koi:HI permission:EN nhi:HI chahiye:HI democracy:EN ha:HI bhai:HI shaheen:HI bagh:HI me:HI farzi:EN andolan:HI or:EN roads:EN blok:EN kr:EN skte:HI ha:HI par:HI hindu:EN apne:HI desh:HI me:HI equal:EN laws:EN ki:HI maang:HI kre:HI to:HI secularism:EN khatre:HI me:HI agya:HI isupportashwiniupadhyay:HI isupportashwiniupadhyay:HI,andolan,shaheen bagh me farzi andolan or roads blok kr skte ha,0.389,0.649
510,modi ji yogi ji janata ko kya samajh rakha hai janata ko apne nahin hai 2022 5 5,modi:HI ji:HI yogi:HI ji:HI janata:HI ko:HI kya:HI samajh:HI rakha:HI hai:HI janata:HI ko:HI apne:HI nahin:HI hai:HI 2022:EN 5:EN 5:EN,yogi ji,janata ko kya samajh rakha hai janata ko apne nahin hai,0.1,0.75
343,sony walo humne tracker lga liya h apne andar app pr nazar h humari plz show dedo we want ipzn2,sony:EN walo:HI humne:HI tracker:EN lga:HI liya:HI h:EN apne:HI andar:HI app:EN pr:EN nazar:HI h:EN humari:HI plz:EN show:EN dedo:HI we:EN want:EN ipzn2:HI,app,nazar h humari,0.45,0.55
280,ye army pakistan ki juron me baith gai hai jo department utha kr dekh lo retired army ka bnda uska sadar bna betha ho ga pakistan inhon ne apne baap ki jageer samjha hua hai,ye:HI army:EN pakistan:EN ki:HI juron:HI me:HI baith:HI gai:HI hai:HI jo:HI department:EN utha:HI kr:EN dekh:HI lo:HI retired:EN army:EN ka:HI bnda:HI uska:HI sadar:HI bna:HI betha:HI ho:HI ga:HI pakistan:EN inhon:HI ne:HI apne:HI baap:HI ki:HI jageer:HI samjha:HI hua:HI hai:HI,department,utha kr dekh lo retired army ka bnda uska sadar bna betha ho ga,0.222,0.629
569,am nauman yeh dekh apne nalayak mulk ke nalayak log but tujhe shaaayad english na samajh aaye madrassa chaap,am:EN nauman:EN yeh:HI dekh:HI apne:HI nalayak:HI mulk:HI ke:HI nalayak:HI log:HI but:EN tujhe:HI shaaayad:HI english:EN na:HI samajh:HI aaye:HI madrassa:HI chaap:HI,log,nalayak,0.05,0.75
422,sir apne bola th k sare vacancy jldi bhri jaygi police bharti k form kb s aare 7 year ho gy,sir:HI apne:HI bola:HI th:EN k:HI sare:HI vacancy:EN jldi:HI bhri:HI jaygi:HI police:EN bharti:HI k:HI form:EN kb:HI s:EN aare:HI 7:EN year:EN ho:HI gy:EN,vacancy,7 year ho gy,0.05,0.85
337,neta rally mein bola bharatmatakijai election jeetne ke liye jab khiladi khele aur jeeta to poora bharat apne aap bola bharatmatakijai ye pharak hai dono mein olympics champions tokyo2020 paris2024 if you want pure emotion become a sports person jaihind,neta:HI rally:EN mein:HI bola:HI bharatmatakijai:HI election:EN jeetne:HI ke:HI liye:HI jab:HI khiladi:HI khele:HI aur:HI jeeta:HI to:HI poora:HI bharat:HI apne:HI aap:HI bola:HI bharatmatakijai:HI ye:HI pharak:HI hai:HI dono:HI mein:HI olympics:EN champions:EN tokyo2020:HI paris2024:HI if:EN you:EN want:EN pure:EN emotion:EN become:EN a:EN sports:EN person:EN jaihind:EN,neta,rally mein bola bharatmatakijai election jeetne ke liye,0.2,0.7
3,gill main first time bb13 ko apne friends ke yaha dekhi mujhe bigboss me koi intrest nahi tha but jaise hi shehnaaz ki entry huwi us din se bb13 ke har ek episodes dekhi but aaj bhi main bigboss house me shehnaaz ko hi dhoondhti hoo i miss you shehnaaz and miss you bb13 shehnaazgiii,gill:EN main:HI first:EN time:EN bb13:HI ko:HI apne:HI friends:EN ke:HI yaha:HI dekhi:HI mujhe:HI bigboss:HI me:HI koi:HI intrest:EN nahi:HI tha:HI but:EN jaise:HI hi:HI shehnaaz:HI ki:HI entry:EN huwi:HI us:HI din:HI se:HI bb13:HI ke:HI har:HI ek:HI episodes:EN dekhi:HI but:EN aaj:HI bhi:HI main:HI bigboss:HI house:EN me:HI shehnaaz:HI ko:HI hi:HI dhoondhti:HI hoo:HI i:EN miss:EN you:EN shehnaaz:HI and:EN miss:EN you:EN bb13:HI shehnaazgiii:HI,shehnaaz,i miss you shehnaaz,0.746,0.57
176,m zhabi su r apne su r bhai ye bolo in innocent ko g0li naa maarein,m:EN zhabi:HI su:HI r:EN apne:HI su:HI r:EN bhai:HI ye:HI bolo:HI in:EN innocent:EN ko:HI g0li:HI naa:HI maarein:HI,bhai,ye bolo in innocent ko g0li naa maarein,0.44,0.528
171,bla subscribe karke our apne followers ko bol ke karavo,bla:HI subscribe:EN karke:HI our:EN apne:HI followers:EN ko:HI bol:HI ke:HI karavo:HI,subscribe,subscribe karke our apne followers ko bol ke karavo,0.54,0.411
374,just abhi kl k opinion drame k darshan kr k ayi i understand ki sbki apne opinions or views ho skte h bt un views ko hme srf reel life tk hi rkhna chahiye what s the logic of commenting on the actors real life fansdemandsaakks2 shauryaauranokhikikahani,just:EN abhi:HI kl:EN k:HI opinion:EN drame:EN k:HI darshan:HI kr:EN k:HI ayi:HI i:EN understand:EN ki:HI sbki:HI apne:HI opinions:EN or:EN views:EN ho:HI skte:HI h:EN bt:HI un:HI views:EN ko:HI hme:HI srf:EN reel:EN life:EN tk:HI hi:HI rkhna:HI chahiye:HI what:EN s:EN the:EN logic:EN of:EN commenting:EN on:EN the:EN actors:EN real:EN life:EN fansdemandsaakks2:HI shauryaauranokhikikahani:HI,drama,drame k darshan kr k ayi,0.35,0.55
4,ek nari ko duniya ke samne apne nagan sarir ko pradarshan karna sobha nahi deta aisi isthiti kewal band kamre me apne pati ke sath hona chahiye apke pass srif 3 din hai ye sab rok do hari om namo narayan thanks,ek:HI nari:HI ko:HI duniya:HI ke:HI samne:HI apne:HI nagan:EN sarir:EN ko:HI pradarshan:HI karna:HI sobha:HI nahi:HI deta:HI aisi:HI isthiti:HI kewal:HI band:HI kamre:HI me:HI apne:HI pati:HI ke:HI sath:HI hona:HI chahiye:HI apke:HI pass:EN srif:HI 3:EN din:HI hai:HI ye:HI sab:HI rok:HI do:EN hari:HI om:HI namo:EN narayan:HI thanks:EN,ye sab,srif 3 din hai ye sab rok do,0.328,0.666
68,suno gor se soniyo walon buri nazar na hmpe dalo chahe jitna zor laglo sabse aage honge ipznians hamne kha hai tumbhi manolo aao hum miljulke waapis laaye apne show ko we want ipzn2,suno:HI gor:HI se:HI soniyo:HI walon:HI buri:HI nazar:HI na:HI hmpe:HI dalo:HI chahe:HI jitna:HI zor:HI laglo:HI sabse:HI aage:HI honge:HI ipznians:HI hamne:HI kha:HI hai:HI tumbhi:HI manolo:EN aao:HI hum:HI miljulke:HI waapis:HI laaye:HI apne:HI show:EN ko:HI we:EN want:EN ipzn2:HI,ipzn2,we want,0.726,0.713
394,sirf maa ko hi respect krta h or dusre ladki k disrespect yehi sikha h kia lol k liye kisi ladki ko kuch hi bol dega chal tujhe bolna hi bekar h or sun mujhe dm or spam mt kia kr or gandi baat mt bolna samjha apne haad me rha kr,sirf:HI maa:HI ko:HI hi:HI respect:EN krta:HI h:EN or:EN dusre:HI ladki:HI k:HI disrespect:EN yehi:HI sikha:HI h:EN kia:HI lol:HI k:HI liye:HI kisi:HI ladki:HI ko:HI kuch:HI hi:HI bol:HI dega:HI chal:HI tujhe:HI bolna:HI hi:HI bekar:HI h:EN or:EN sun:HI mujhe:HI dm:EN or:EN spam:EN mt:EN kia:HI kr:EN or:EN gandi:HI baat:HI mt:EN bolna:HI samjha:HI apne:HI haad:HI me:HI rha:HI kr:EN,dm,mujhe dm or spam mt kia kr,0.194,0.477
398,love virat ne apni story apne friend ke naam se bataya and sai is now telling virat how his friend should propose his love,love:EN virat:HI ne:HI apni:HI story:EN apne:HI friend:EN ke:HI naam:HI se:HI bataya:HI and:EN sai:HI is:EN now:EN telling:EN virat:HI how:EN his:EN friend:EN should:EN propose:EN his:EN love:EN,love,telling virat how his friend should propose his love,0.756,0.506
300,adarsh ha wo to hai ek film kya chal gyi ye chu log sochte h sb pan india star bnenge abhi jitta uchalna h uchalne do bro jisdin inki film flop jo itta budget lga ke pan india ka bhoot h wo apne aao utar jaayega chhod,adarsh:HI ha:HI wo:HI to:HI hai:HI ek:HI film:EN kya:HI chal:HI gyi:HI ye:HI chu:HI log:HI sochte:HI h:EN sb:EN pan:EN india:EN star:EN bnenge:HI abhi:HI jitta:HI uchalna:HI h:EN uchalne:HI do:EN bro:EN jisdin:HI inki:HI film:EN flop:EN jo:HI itta:HI budget:EN lga:HI ke:HI pan:EN india:EN ka:HI bhoot:HI h:EN wo:HI apne:HI aao:HI utar:HI jaayega:HI chhod:HI,film,kya chal gyi ye chu log sochte h sb pan india star bnenge,0.15,0.8
292,fb sau 454 7 stylish96 086 patwal 011 01 sab log nahi karte na apne log mai hi kami hai,fb:EN sau:HI 454:EN 7:EN stylish96:HI 086:EN patwal:EN 011:EN 01:EN sab:HI log:HI nahi:HI karte:HI na:HI apne:HI log:HI mai:HI hi:HI kami:HI hai:HI,log,apne log mai hi kami hai,0.531,0.542
573,tere jaise mandbudhi logo ko ab koi puchta nhi tumhara propaganda ye ghisa pita dialogue ab nhi chalega mere pyare ghonchumal isliye ab apne gyan ko dalo apni gand me shanti tum logo se nhi aa sakti tum logo se sirf gulami aa sakti ha jo pahle bhi aa chuki ha,tere:HI jaise:HI mandbudhi:HI logo:EN ko:HI ab:HI koi:HI puchta:HI nhi:HI tumhara:HI propaganda:EN ye:HI ghisa:EN pita:HI dialogue:EN ab:HI nhi:HI chalega:HI mere:HI pyare:HI ghonchumal:HI isliye:HI ab:HI apne:HI gyan:HI ko:HI dalo:HI apni:HI gand:HI me:HI shanti:HI tum:HI logo:EN se:HI nhi:HI aa:HI sakti:HI tum:HI logo:EN se:HI sirf:HI gulami:HI aa:HI sakti:HI ha:HI jo:HI pahle:HI bhi:HI aa:HI chuki:HI ha:HI,gulami,tum logo se sirf gulami aa sakti ha,0.26,0.498
542,stop giving false hopes to the armys out there maya apne mayajaal me phasana band karo logo ko in btwn i really appreciate the way u ask the fandom to respect bts keep up the good work,stop:EN giving:EN false:EN hopes:EN to:EN the:EN armys:EN out:EN there:EN maya:EN apne:HI mayajaal:HI me:HI phasana:HI band:HI karo:HI logo:EN ko:HI in:EN btwn:HI i:EN really:EN appreciate:EN the:EN way:EN u:EN ask:EN the:EN fandom:EN to:EN respect:EN bts:EN keep:EN up:EN the:EN good:EN work:EN,fandom,really appreciate the way u ask the fandom to respect bts keep up the good work,0.789,0.549
70,allah pak apne piyary habib hazrat muhammad mustafa saww kay sadqy mein ap kay walid sahb ko sehat e kamila shifa aur achi sehat wali lambi zindagi ata farmaye ameen summa ameen ya rabbul alameen,allah:HI pak:HI apne:HI piyary:HI habib:HI hazrat:HI muhammad:EN mustafa:HI saww:HI kay:HI sadqy:HI mein:HI ap:HI kay:HI walid:EN sahb:HI ko:HI sehat:HI e:EN kamila:EN shifa:HI aur:HI achi:HI sehat:HI wali:HI lambi:HI zindagi:HI ata:HI farmaye:HI ameen:HI summa:HI ameen:HI ya:HI rabbul:HI alameen:HI,walid sahb,sehat e kamila shifa aur achi sehat wali lambi zindagi ata farmaye,0.92,0.55
597,ji india shahed tum logon ke maata pita ne acchi parvarish ki hogi lekin tum logon ko badla hum musalmaan ne nahi balke bjp walon ne aur yati narsing saraswati jaise logon ne badal diya hai apne hate speeches se yehi satya hai tu chahe maan ya na maan tum log phirse desh ke tukde karaoge,ji:HI india:EN shahed:EN tum:HI logon:HI ke:HI maata:HI pita:HI ne:HI acchi:HI parvarish:HI ki:HI hogi:HI lekin:HI tum:HI logon:HI ko:HI badla:HI hum:HI musalmaan:HI ne:HI nahi:HI balke:HI bjp:EN walon:HI ne:HI aur:HI yati:EN narsing:HI saraswati:HI jaise:HI logon:HI ne:HI badal:HI diya:HI hai:HI apne:HI hate:EN speeches:EN se:HI yehi:HI satya:HI hai:HI tu:HI chahe:HI maan:HI ya:HI na:HI maan:HI tum:HI log:HI phirse:HI desh:HI ke:HI tukde:HI karaoge:HI,parvarish,acchi,0.65,0.4
312,tu apne friend ko bata da phir on dono ko mujce mila da we want ipzn2,tu:HI apne:HI friend:EN ko:HI bata:HI da:HI phir:HI on:EN dono:HI ko:HI mujce:HI mila:HI da:HI we:EN want:EN ipzn2:HI,ipzn2,we want ipzn2,0.676,0.663
591,mahrukh apne parents ke fav hu ap,mahrukh:EN apne:HI parents:EN ke:HI fav:EN hu:HI ap:HI,mahrukh,apne parents ke fav hu ap,0.85,0.4
384,hmm wapas laake rhenge apne ipzn 2 ko we want ipzn2,hmm:HI wapas:HI laake:HI rhenge:HI apne:HI ipzn:HI 2:EN ko:HI we:EN want:EN ipzn2:HI,ipzn 2,wapas laake rhenge,0.85,0.7
282,apne bacho ko apne relatives k samne na aane de q k bachy b namety hote he baz okat kch log unki umer se brdi baat bol jaty bila lihaz k toh baz un pr gandi nazar rkhne lgty aur mokay ki talsh me rehty k kb unhe kisi b trah kharab kry,apne:HI bacho:HI ko:HI apne:HI relatives:EN k:HI samne:HI na:HI aane:HI de:HI q:EN k:HI bachy:HI b:EN namety:HI hote:HI he:HI baz:HI okat:HI kch:EN log:HI unki:HI umer:HI se:HI brdi:HI baat:HI bol:HI jaty:HI bila:EN lihaz:HI k:HI toh:HI baz:HI un:HI pr:EN gandi:HI nazar:HI rkhne:HI lgty:HI aur:HI mokay:HI ki:HI talsh:HI me:HI rehty:HI k:HI kb:HI unhe:HI kisi:HI b:EN trah:HI kharab:HI kry:HI,bacho,gandi nazar rkhne lgty aur mokay ki talsh me rehty k kb unhe kisi b trah kharab kry,0.02,0.85
269,dimpy splitsvilla dating show hai ye show mein apne stands lene ka hai kuch bhi blind followers illogical povs pratik for the win pratiksehajpal biggbossott,dimpy:EN splitsvilla:EN dating:EN show:EN hai:HI ye:HI show:EN mein:HI apne:HI stands:EN lene:HI ka:HI hai:HI kuch:HI bhi:HI blind:EN followers:EN illogical:EN povs:HI pratik:HI for:EN the:EN win:EN pratiksehajpal:HI biggbossott:HI,show,dimpy splitsvilla dating show hai ye show mein apne stands lene ka hai,0.558,0.53
121,abdul k muh se mandir madarsa bol abdul aur ye madarsa bechare gareeb musalmano ki jameen hadap k bnai h are abdul tu to apne hi musalmano ka nhi ho paya re abdul tu humara kya hoga madrsa k bgl wale gao m ja poora ka poora muslim gao h waha k logo se puch abdul jake puch,abdul:EN k:HI muh:HI se:HI mandir:HI madarsa:HI bol:HI abdul:EN aur:HI ye:HI madarsa:HI bechare:HI gareeb:HI musalmano:HI ki:HI jameen:HI hadap:HI k:HI bnai:EN h:EN are:EN abdul:EN tu:HI to:HI apne:HI hi:HI musalmano:HI ka:HI nhi:HI ho:HI paya:HI re:HI abdul:EN tu:HI humara:HI kya:HI hoga:HI madrsa:HI k:HI bgl:EN wale:HI gao:HI m:EN ja:HI poora:HI ka:HI poora:HI muslim:EN gao:HI h:EN waha:HI k:HI logo:EN se:HI puch:HI abdul:EN jake:HI puch:HI,madarsa,bechare gareeb musalmano ki jameen hadap k bnai h,0.1,0.85
544,pan diya aur log us ilake ke name se darte hai maine jo apne kaam se suna wahi likh raha hu wo bade vyapari hai unke yaha samman lene jata hu bade city me ek ilaka hi hai pura ye fact jo kaan se suna wo bata raha hu fact ko verify kara chahoge to wo address de sakta hu,pan:EN diya:HI aur:HI log:HI us:HI ilake:HI ke:HI name:EN se:HI darte:HI hai:HI maine:HI jo:HI apne:HI kaam:HI se:HI suna:HI wahi:HI likh:HI raha:HI hu:HI wo:HI bade:HI vyapari:HI hai:HI unke:HI yaha:HI samman:HI lene:HI jata:HI hu:HI bade:HI city:EN me:HI ek:HI ilaka:HI hi:HI hai:HI pura:HI ye:HI fact:EN jo:HI kaan:HI se:HI suna:HI wo:HI bata:HI raha:HI hu:HI fact:EN ko:HI verify:EN kara:HI chahoge:HI to:HI wo:HI address:EN de:HI sakta:HI hu:HI,address,wo address de sakta hu,0.575,0.314
313,logo ka pta ni pr mujhe apne mu pr naak hi nazar ati,logo:EN ka:HI pta:HI ni:HI pr:EN mujhe:HI apne:HI mu:HI pr:EN naak:HI hi:HI nazar:HI ati:HI,mu,naak hi nazar ati,0.642,0.548
330,supreme court ne apne desh ke hit mein faisla diya hai aur jaanch ki baat kahi hai p justicefortraders,supreme:EN court:EN ne:HI apne:HI desh:HI ke:HI hit:EN mein:HI faisla:HI diya:HI hai:HI aur:HI jaanch:HI ki:HI baat:HI kahi:HI hai:HI p:EN justicefortraders:HI,faisla,desh ke hit mein faisla diya hai,0.609,0.642
8,phir tere katora khan ne kyu li vaccine bhikari tum logo ne terrorist ke alwa kuch banaya hai aajtak vaccine ki bhi bhik mang rahe kabhi humse kabhi apne dusare baap china se apni betiyon ko bech diya china me areee sharam kar kuch betiyon ki haram ki kmayi se desh chala rahe,phir:HI tere:HI katora:HI khan:EN ne:HI kyu:HI li:HI vaccine:EN bhikari:HI tum:HI logo:EN ne:HI terrorist:EN ke:HI alwa:HI kuch:HI banaya:HI hai:HI aajtak:HI vaccine:EN ki:HI bhi:HI bhik:HI mang:HI rahe:HI kabhi:HI humse:HI kabhi:HI apne:HI dusare:HI baap:HI china:EN se:HI apni:HI betiyon:HI ko:HI bech:HI diya:HI china:EN me:HI areee:HI sharam:HI kar:HI kuch:HI betiyon:HI ki:HI haram:HI ki:HI kmayi:HI se:HI desh:HI chala:HI rahe:HI,vaccine,ki bhi bhik mang rahe,0.08,0.88
10,aa gaya na apne idol wale form mein haan ab tera fc aur tera idol tere liye kuch to kar denge,aa:HI gaya:HI na:HI apne:HI idol:EN wale:HI form:EN mein:HI haan:HI ab:HI tera:HI fc:EN aur:HI tera:HI idol:EN tere:HI liye:HI kuch:HI to:EN kar:HI denge:HI,fc,tere liye kuch to kar denge,0.2,0.65
102,tuje bhi ye territorists dango m maar denge tu bhi mulla muslim hi h isliye aise logo ke khilaf aawaz utha apne talent ko insaniyat k liye use kr paiso ke liye apna jameer mt bechna paisa and life tempeory h dunia se jaane ki koi date fixed nhi h kisi ki bhi,tuje:HI bhi:HI ye:HI territorists:HI dango:EN m:EN maar:HI denge:HI tu:HI bhi:HI mulla:HI muslim:EN hi:HI h:EN isliye:HI aise:HI logo:EN ke:HI khilaf:HI aawaz:HI utha:HI apne:HI talent:EN ko:HI insaniyat:HI k:HI liye:HI use:HI kr:EN paiso:HI ke:HI liye:HI apna:HI jameer:EN mt:EN bechna:HI paisa:HI and:EN life:EN tempeory:HI h:EN dunia:HI se:HI jaane:HI ki:HI koi:HI date:EN fixed:EN nhi:HI h:EN kisi:HI ki:HI bhi:HI,talent,apne talent ko insaniyat k liye use kr,0.599,0.541
587,major dhyanchand ko bharat ratna award na milna bharat ratna ka hi apmaan h ab koi farq nhi padta dhyanchand apne usoolon k liye bhi jaane jaate rahenge,major:EN dhyanchand:EN ko:HI bharat:HI ratna:HI award:EN na:HI milna:HI bharat:HI ratna:HI ka:HI hi:HI apmaan:HI h:EN ab:HI koi:HI farq:HI nhi:HI padta:HI dhyanchand:EN apne:HI usoolon:HI k:HI liye:HI bhi:HI jaane:HI jaate:HI rahenge:HI,Bharat Ratna,na milna... apmaan h,0.15,0.75
143,csir net notification abh notification aayga abh examination hoga but exam ke time virus yaad aata hai but the same politicians doing rallies without mask and at that point of time there is no virus arey sir jrf age criteria apne hi set kra hai,csir:EN net:EN notification:EN abh:HI notification:EN aayga:HI abh:HI examination:EN hoga:HI but:EN exam:EN ke:HI time:EN virus:EN yaad:HI aata:HI hai:HI but:EN the:EN same:EN politicians:EN doing:EN rallies:EN without:EN mask:EN and:EN at:EN that:EN point:EN of:EN time:EN there:EN is:EN no:EN virus:EN arey:HI sir:HI jrf:HI age:EN criteria:EN apne:HI hi:HI set:EN kra:HI hai:HI,exam,exam ke time virus yaad aata hai,0.377,0.582
333,le hamare yha ek case hua tha jha ek ladki ne suhag raat ke din pida marke apne pati ka sir phod di thi baad me pta chala usko kuch pta nhi tha wo mna kar rahi thi to pati ko lga sarma rahi hai nakhre kar rahi hai sun nahi rha tha usne pit di dna dan sasural wale mayke walon ko,le:HI hamare:HI yha:HI ek:HI case:EN hua:HI tha:HI jha:HI ek:HI ladki:HI ne:HI suhag:HI raat:HI ke:HI din:HI pida:HI marke:HI apne:HI pati:HI ka:HI sir:EN phod:HI di:HI thi:HI baad:HI me:HI pta:HI chala:HI usko:HI kuch:HI pta:HI nhi:HI tha:HI wo:HI mna:HI kar:HI rahi:HI thi:HI to:HI pati:HI ko:HI lga:HI sarma:EN rahi:HI hai:HI nakhre:HI kar:HI rahi:HI hai:HI sun:HI nahi:HI rha:HI tha:HI usne:HI pit:EN di:HI dna:EN dan:EN sasural:HI wale:HI mayke:HI walon:HI ko:HI,case,suhag raat ke din pida marke apne pati ka sir phod di thi,0.316,0.606
569,am nauman yeh dekh apne nalayak mulk ke nalayak log but tujhe shaaayad english na samajh aaye madrassa chaap,am:EN nauman:EN yeh:HI dekh:HI apne:HI nalayak:HI mulk:HI ke:HI nalayak:HI log:HI but:EN tujhe:HI shaaayad:HI english:EN na:HI samajh:HI aaye:HI madrassa:HI chaap:HI,madrassa chaap,tujhe shaaayad english na samajh aaye,0.15,0.8
181,inko nafarat apne ap se h hindu hone se hai warna ye secularism ka dhong na krte hindu sedarta kon hai hindu ko dara kar rkhne wale darne ki baat karte tbi aaye din desh ko badnam krte hindu dharm sanskriti ko gali dete allah k naam pe inke chehre khil jate lekin apne,inko:HI nafarat:HI apne:HI ap:HI se:HI h:EN hindu:EN hone:HI se:HI hai:HI warna:HI ye:HI secularism:EN ka:HI dhong:EN na:HI krte:HI hindu:EN sedarta:HI kon:HI hai:HI hindu:EN ko:HI dara:HI kar:HI rkhne:HI wale:HI darne:HI ki:HI baat:HI karte:HI tbi:EN aaye:HI din:HI desh:HI ko:HI badnam:HI krte:HI hindu:EN dharm:HI sanskriti:HI ko:HI gali:HI dete:HI allah:HI k:HI naam:HI pe:HI inke:HI chehre:HI khil:HI jate:HI lekin:HI apne:HI,secularism,dhong,0.15,0.75
14,iz back o bhai jan international stats compare krke fakhar or apne abu fixer ke tere ghr walon me tujhe tameez sikhai hoti na to tujhe pta hota fixer ko abu nai bbanate or jo fixer ko abu banate hen wo khud bhi apni country ke saath do numberi krsakte hen,iz:EN back:EN o:EN bhai:HI jan:HI international:EN stats:EN compare:EN krke:HI fakhar:EN or:EN apne:HI abu:HI fixer:EN ke:HI tere:HI ghr:HI walon:HI me:HI tujhe:HI tameez:HI sikhai:HI hoti:HI na:HI to:HI tujhe:HI pta:HI hota:HI fixer:EN ko:HI abu:HI nai:HI bbanate:HI or:EN jo:HI fixer:EN ko:HI abu:HI banate:HI hen:HI wo:HI khud:HI bhi:HI apni:HI country:EN ke:HI saath:HI do:HI numberi:HI krsakte:HI hen:HI,fixer,abu nai bbanate,0.1,0.8
328,14 16 par 20 nahi banae balke 20 balls par 14 runs banaye aur issi tarah 20 balls par 16 runs banaye aur secondly apne kaha duniya ke konse hitters aise khelte is liye khushdil ka bata raha,14:EN 16:EN par:HI 20:EN nahi:HI banae:HI balke:HI 20:EN balls:EN par:HI 14:EN runs:EN banaye:HI aur:HI issi:HI tarah:HI 20:EN balls:EN par:HI 16:EN runs:EN banaye:HI aur:HI secondly:EN apne:HI kaha:HI duniya:HI ke:HI konse:HI hitters:EN aise:HI khelte:HI is:HI liye:HI khushdil:HI ka:HI bata:HI raha:HI,khiladi,duniya ke konse hitters aise khelte is liye khushdil ka bata raha,0.35,0.6
38,kashmir yhi socha or kha hoga mere pitaji rashtrwadi hai apne hindusthan or sanatan sanskriti ko bachane k liye yudh kr rhe hai,kashmir:HI yhi:HI socha:HI or:EN kha:HI hoga:HI mere:HI pitaji:HI rashtrwadi:HI hai:HI apne:HI hindusthan:EN or:EN sanatan:HI sanskriti:HI ko:HI bachane:HI k:HI liye:HI yudh:HI kr:EN rhe:HI hai:HI,pitaji,rashtrwadi hai,0.8,0.65
319,bhaiya ji app rehne do politics mei apka tab pta chl gya tha jab aaap silent the gov ko question krne k bjaye chaatne ki klla full kri apne i m your viewer i usually don t care about ur political view but u r one sided,bhaiya:HI ji:HI app:EN rehne:HI do:HI politics:EN mei:HI apka:HI tab:HI pta:HI chl:HI gya:HI tha:HI jab:HI aaap:HI silent:EN the:EN gov:EN ko:HI question:EN krne:HI k:HI bjaye:HI chaatne:HI ki:HI klla:HI full:EN kri:EN apne:HI i:EN m:EN your:EN viewer:EN i:EN usually:EN don:EN t:EN care:EN about:EN ur:EN political:EN view:EN but:EN u:EN r:EN one:EN sided:EN,politics,tab pta chl gya tha jab aaap silent the gov ko question krne k bjaye chaatne ki klla full kri apne,0.273,0.588
534,dhuup nikalti hain apne saath subah mein roshnii laati hui haryali phuul pattiyaan khilte hain phuulon pe birds butterflies baithti hain rang birangi titiliyaan fly karti rehti hain uparwale ne dharti kitni pyaari banayi hain dekhiye nature ne phuulon ko kitna pyaara,dhuup:HI nikalti:HI hain:HI apne:HI saath:HI subah:HI mein:HI roshnii:HI laati:HI hui:HI haryali:EN phuul:HI pattiyaan:HI khilte:EN hain:HI phuulon:HI pe:HI birds:EN butterflies:EN baithti:HI hain:HI rang:EN birangi:EN titiliyaan:HI fly:EN karti:HI rehti:HI hain:HI uparwale:HI ne:HI dharti:HI kitni:HI pyaari:HI banayi:HI hain:HI dekhiye:HI nature:EN ne:HI phuulon:HI ko:HI kitna:HI pyaara:HI,haryali,phuul pattiyaan khilte hain,0.9,0.4
81,indians ek baar ko apna phir se katwane apne ex ke paas chale jayenge but uss golgappe wale ke pass dubara kabhi nhi jayenge jisne free ki sukhi papdi dene se mna kra ho indiantweets desimemes indianmemes,indians:EN ek:HI baar:HI ko:HI apna:HI phir:HI se:HI katwane:HI apne:HI ex:EN ke:HI paas:HI chale:HI jayenge:HI but:EN uss:HI golgappe:HI wale:HI ke:HI pass:EN dubara:HI kabhi:HI nhi:HI jayenge:HI jisne:HI free:EN ki:HI sukhi:HI papdi:HI dene:HI se:HI mna:HI kra:HI ho:HI indiantweets:HI desimemes:HI indianmemes:HI,golgappe wale,dubara kabhi nhi jayenge jisne free ki sukhi papdi dene se mna kra ho,0.548,0.6
298,ab jab problem me samjh nhi aa rha kya bole to apne step father china ko yaad karlo yahi aukat hai porkistanis ki 4 war hindustan se hare 93000 coward soldiers ne surrender kiya kargil me marva li phir bhi kashmir chahiye beggers ko,ab:HI jab:HI problem:EN me:HI samjh:HI nhi:HI aa:HI rha:HI kya:HI bole:HI to:HI apne:HI step:EN father:EN china:EN ko:HI yaad:HI karlo:HI yahi:HI aukat:HI hai:HI porkistanis:HI ki:HI 4:EN war:EN hindustan:HI se:HI hare:HI 93000:HI coward:EN soldiers:EN ne:HI surrender:EN kiya:HI kargil:HI me:HI marva:EN li:HI phir:HI bhi:HI kashmir:HI chahiye:HI beggers:HI ko:HI,soldiers,93000 coward soldiers ne surrender kiya,0.079,0.622
219,m nirajchopra ye modiji ke jeb se kiya gaya kharacha nahi hai har nation ka kaam hota hai apne apne athletes ko behtar banake apne country ke liye aage karne ka humari government ne bhi yehi kiya hai public ke paise se inhe best training di hai,m:EN nirajchopra:HI ye:HI modiji:HI ke:HI jeb:HI se:HI kiya:HI gaya:HI kharacha:HI nahi:HI hai:HI har:HI nation:EN ka:HI kaam:HI hota:HI hai:HI apne:HI apne:HI athletes:EN ko:HI behtar:HI banake:HI apne:HI country:EN ke:HI liye:HI aage:HI karne:HI ka:HI humari:HI government:EN ne:HI bhi:HI yehi:HI kiya:HI hai:HI public:EN ke:HI paise:HI se:HI inhe:HI best:EN training:EN di:HI hai:HI,athletes,behtar banake apne country ke liye aage karne ka,0.739,0.422
592,ye bahr se strategy bna krr aaya h isko bss ldna h sbse apne partner tk ko nhi smjh rha h kucch smita setty se bina mtlb ld gya introduction time m hi ajib namunaa h ye niki dumboli h iss season kaa,ye:HI bahr:HI se:HI strategy:EN bna:HI krr:HI aaya:HI h:EN isko:HI bss:EN ldna:HI h:EN sbse:HI apne:HI partner:EN tk:HI ko:HI nhi:HI smjh:HI rha:HI h:EN kucch:HI smita:HI setty:HI se:HI bina:HI mtlb:HI ld:EN gya:HI introduction:EN time:EN m:EN hi:HI ajib:HI namunaa:HI h:EN ye:HI niki:EN dumboli:HI h:EN iss:HI season:EN kaa:HI,namunaa,ajib,0.15,0.7
419,patel aghori baba hote hai na jo apne vastra ka tyaag kar dete hai ameesha patel ji bhi unn mein se hai bas aage ke peeche ke ball chupane ke liye jitne kapde chahiye utna pehenti hai saali kutiya,patel:HI aghori:EN baba:HI hote:HI hai:HI na:HI jo:HI apne:HI vastra:EN ka:HI tyaag:HI kar:HI dete:HI hai:HI ameesha:EN patel:HI ji:HI bhi:HI unn:HI mein:HI se:HI hai:HI bas:HI aage:HI ke:HI peeche:HI ke:HI ball:EN chupane:HI ke:HI liye:HI jitne:HI kapde:HI chahiye:HI utna:HI pehenti:HI hai:HI saali:HI kutiya:HI,ameesha patel,bas aage ke peeche ke ball chupane ke liye jitne kapde chahiye utna pehenti hai saali kutiya,0.375,0.689
380,aise bahut se log aapko apne aas paas mil jayenge jo apse is baat per ladenge ki nehru ji muslim the ek to ye bolne lage aaj tak saree history hi galat padhai gayi hai kyoki sare education minister muslim the had hai,aise:HI bahut:HI se:HI log:HI aapko:HI apne:HI aas:HI paas:HI mil:HI jayenge:HI jo:HI apse:HI is:HI baat:HI per:HI ladenge:HI ki:HI nehru:HI ji:HI muslim:EN the:HI ek:HI to:HI ye:HI bolne:HI lage:HI aaj:HI tak:HI saree:HI history:EN hi:HI galat:HI padhai:HI gayi:HI hai:HI kyoki:HI sare:HI education:EN minister:EN muslim:EN the:EN had:EN hai:HI,education minister,sare muslim the,0.2,0.7
308,national jaleel sab jail mein hai teri mako chod rahe hai kaha se mila ye data bhosdike apne baap modi ko dekh khula ghum raha hai or pm bhi bana hai or gujraat mein kaand karke or galat nai hota to wo time ki report video or google ne 10 pe rakha tha most criminals mein or usa ne banned kiya th,national:EN jaleel:HI sab:HI jail:EN mein:HI hai:HI teri:HI mako:EN chod:HI rahe:HI hai:HI kaha:HI se:HI mila:HI ye:HI data:EN bhosdike:HI apne:HI baap:HI modi:HI ko:HI dekh:HI khula:HI ghum:HI raha:HI hai:HI or:EN pm:EN bhi:HI bana:HI hai:HI or:EN gujraat:HI mein:HI kaand:EN karke:HI or:EN galat:HI nai:HI hota:HI to:HI wo:HI time:EN ki:HI report:EN video:EN or:EN google:EN ne:HI 10:EN pe:HI rakha:HI tha:HI most:EN criminals:EN mein:HI or:EN usa:EN ne:HI banned:EN kiya:HI th:HI,pm,bana hai,0.3,0.85
520,pehle research kro jaake kisi bhi topic pe conment krne se pehle news channel dekh ke apne opinions mat banao kaun kya karta hai uske baare mein pata kro and uski respect kro,pehle:HI research:EN kro:HI jaake:HI kisi:HI bhi:HI topic:EN pe:HI conment:HI krne:HI se:HI pehle:HI news:EN channel:EN dekh:HI ke:HI apne:HI opinions:EN mat:HI banao:HI kaun:HI kya:HI karta:HI hai:HI uske:HI baare:HI mein:HI pata:HI kro:HI and:EN uski:HI respect:EN kro:HI,research,pehle research kro,0.617,0.582
255,har kisike aur ha hamare 35 koti bhagwan ka chehra to dekhne layak he himmat he to apne khuda ki photo dikha i mean ek baar allah ki photo to dikhana unke messenger ke saath i wanted to know just curious ab iss baat pe mera gala mat kaat dena ola uber,har:HI kisike:HI aur:HI ha:HI hamare:HI 35:EN koti:HI bhagwan:HI ka:HI chehra:HI to:HI dekhne:HI layak:HI he:HI himmat:HI he:HI to:HI apne:HI khuda:HI ki:HI photo:EN dikha:HI i:EN mean:EN ek:HI baar:HI allah:HI ki:HI photo:EN to:EN dikhana:HI unke:HI messenger:EN ke:HI saath:HI i:EN wanted:EN to:EN know:EN just:EN curious:EN ab:HI iss:HI baat:HI pe:HI mera:HI gala:HI mat:HI kaat:HI dena:HI ola:EN uber:EN,allah,photo to dikhana unke messenger ke saath,0.471,0.56
72,roohi11 logo ki baaton pe dhyaan mat do apne aapko itna strong bana lo ki kisike baaton se affect na ho bhagwaan apke saath hain raasta woh hi dikhayega,roohi11:HI logo:EN ki:HI baaton:HI pe:HI dhyaan:HI mat:HI do:HI apne:HI aapko:HI itna:HI strong:EN bana:HI lo:HI ki:HI kisike:HI baaton:HI se:HI affect:EN na:HI ho:HI bhagwaan:HI apke:HI saath:HI hain:HI raasta:HI woh:HI hi:HI dikhayega:HI,bhagwaan,apke saath hain raasta woh hi dikhayega,0.867,0.648
519,com kya chal raha hai ye tu bengal mein hindu khatam karke dar faila ke kya prove karna chahati hai teri politics ke chakkar mein gen0cide aur r ho rahe hain hinduon ke sharm aani chahiye tujhe apne aurat hone par mar jaa doob ke,com:EN kya:HI chal:HI raha:HI hai:HI ye:HI tu:HI bengal:HI mein:HI hindu:EN khatam:HI karke:HI dar:HI faila:HI ke:HI kya:HI prove:EN karna:HI chahati:HI hai:HI teri:HI politics:EN ke:HI chakkar:HI mein:HI gen0cide:HI aur:HI r:EN ho:HI rahe:HI hain:HI hinduon:EN ke:HI sharm:HI aani:HI chahiye:HI tujhe:HI apne:HI aurat:HI hone:HI par:HI mar:HI jaa:HI doob:HI ke:HI,politics,teri politics ke chakkar mein gen0cide aur r ho rahe hain,0.193,0.716
586,not before 5 years check karo apne kids sa tange han educator mothers,not:EN before:EN 5:EN years:EN check:EN karo:HI apne:HI kids:EN sa:HI tange:EN han:HI educator:EN mothers:EN,educator,not before 5 years check karo apne kids sa tange han,0.21,0.72
579,vanya me unhi me se nhi hu me vhi hu jo shi ko shi aur galat ko galat kahta hu aur tum bhi ho jo apne bare me sachai sunne se darte hain mai chilla chilla kar bol sakta hu ki aaj jo samaj ki aaj condition h vo kisi aur ki vajah se nhi manu smriti se h joki brahmin tha yhi kadwa sach h,vanya:EN me:HI unhi:HI me:HI se:HI nhi:HI hu:HI me:HI vhi:HI hu:HI jo:HI shi:HI ko:HI shi:HI aur:HI galat:HI ko:HI galat:HI kahta:HI hu:HI aur:HI tum:HI bhi:HI ho:HI jo:HI apne:HI bare:HI me:HI sachai:HI sunne:HI se:HI darte:HI hain:HI mai:HI chilla:HI chilla:HI kar:HI bol:HI sakta:HI hu:HI ki:HI aaj:HI jo:HI samaj:HI ki:HI aaj:HI condition:EN h:EN vo:HI kisi:HI aur:HI ki:HI vajah:HI se:HI nhi:HI manu:HI smriti:HI se:HI h:EN joki:HI brahmin:EN tha:HI yhi:HI kadwa:HI sach:HI h:EN,samaj,aaj condition h vo kisi aur ki vajah se nhi manu smriti se h,0.325,0.609
153,jain 2104 apne dimag k ghode mt chla zyda bc,jain:HI 2104:EN apne:HI dimag:HI k:HI ghode:HI mt:EN chla:HI zyda:HI bc:EN,dimag,apne dimag k ghode mt chla zyda,0.1,0.8
82,50000 vacancy ko baro sc st obc k back log post ko baro bahujano apne sarkar banaye recruit scstobc teachers,50000:EN vacancy:EN ko:HI baro:HI sc:EN st:EN obc:EN k:HI back:EN log:HI post:EN ko:HI baro:HI bahujano:HI apne:HI sarkar:HI banaye:HI recruit:EN scstobc:HI teachers:EN,scstobc teachers,recruit,0.526,0.652
596,bajajfinance personal loan ki madad se maine apne start up ko touchwood expand kar lia abhi bohat sahi chal raha hai sab,bajajfinance:HI personal:EN loan:EN ki:HI madad:HI se:HI maine:HI apne:HI start:EN up:EN ko:HI touchwood:EN expand:EN kar:HI lia:HI abhi:HI bohat:HI sahi:HI chal:HI raha:HI hai:HI sab:HI,personal loan,ki madad se maine apne start up ko touchwood expand kar lia,0.807,0.514
29,chalo 600k ho gaya ab rat tak 900k pura karna hain lag jao kam par apne saakk ke liye apne sakhi ke liye please tweet karte raho and use 2 hastagag fansdemandsaakks2,chalo:HI 600k:HI ho:HI gaya:HI ab:HI rat:EN tak:HI 900k:HI pura:HI karna:HI hain:HI lag:HI jao:HI kam:HI par:HI apne:HI saakk:HI ke:HI liye:HI apne:HI sakhi:HI ke:HI liye:HI please:EN tweet:EN karte:HI raho:HI and:EN use:EN 2:EN hastagag:HI fansdemandsaakks2:HI,hastagag,use 2 hastagag fansdemandsaakks2,0.569,0.504
179,tum dono n apne fav bna liye y ni,tum:HI dono:HI n:EN apne:HI fav:EN bna:HI liye:HI y:EN ni:HI,fav,apne fav bna liye y ni,0.5,0.4
159,scindia kab kiya bhai maratha ne raaj ir maratha lootere the unhone apne sath mulle pindari ko sath rakha or jo aapne padha wo itihash nahi unka pr h maratha khood mughal ke naukar ke naukar the or itihash kholu parathao ka,scindia:HI kab:HI kiya:HI bhai:HI maratha:HI ne:HI raaj:HI ir:EN maratha:HI lootere:HI the:HI unhone:HI apne:HI sath:HI mulle:EN pindari:EN ko:HI sath:HI rakha:HI or:EN jo:HI aapne:HI padha:HI wo:HI itihash:HI nahi:HI unka:HI pr:EN h:EN maratha:HI khood:HI mughal:HI ke:HI naukar:HI ke:HI naukar:HI the:HI or:EN itihash:HI kholu:HI parathao:HI ka:HI,maratha,maratha lootere the unhone apne sath mulle pindari ko sath rakha,0.05,0.85
513,khan apne mulk ko pahle dakho baki bad me sochna khane ko roti nahi nikla kasmir lane,khan:EN apne:HI mulk:HI ko:HI pahle:HI dakho:HI baki:HI bad:EN me:HI sochna:HI khane:HI ko:HI roti:HI nahi:HI nikla:HI kasmir:EN lane:EN,kasmir,nikla kasmir lane,0.15,0.8
537,mujhe nahi lagta ki aap koi generalist ho ya india ke bare mein kuchh janti ho appko shayad sirf india ki burai karne ki salary di jati hai kuchh apne senior logo se he seekh lo pakistan her field mein india se bahut peechhe hai,mujhe:HI nahi:HI lagta:HI ki:HI aap:HI koi:HI generalist:EN ho:HI ya:HI india:EN ke:HI bare:HI mein:HI kuchh:HI janti:HI ho:HI appko:HI shayad:HI sirf:HI india:EN ki:HI burai:HI karne:HI ki:HI salary:EN di:HI jati:HI hai:HI kuchh:HI apne:HI senior:EN logo:EN se:HI he:HI seekh:HI lo:HI pakistan:EN her:EN field:EN mein:HI india:EN se:HI bahut:HI peechhe:HI hai:HI,india,pakistan her field mein india se bahut peechhe hai,0.635,0.504
35,ahaan to ishqi jaise main tumare iss ring ko apne pass rakha main tumhe bhi apne pass save rakhna chata hoon tumhe protect karna chata hoon we want ipzn2,ahaan:HI to:EN ishqi:HI jaise:HI main:HI tumare:HI iss:HI ring:EN ko:HI apne:HI pass:EN rakha:HI main:HI tumhe:HI bhi:HI apne:HI pass:EN save:EN rakhna:HI chata:HI hoon:HI tumhe:HI protect:EN karna:HI chata:HI hoon:HI we:EN want:EN ipzn2:HI,tumhe,save rakhna chata hoon tumhe protect karna chata hoon,0.823,0.613
63,bhai jahan ka officer kaam keray ga woi inauguration karaye ga na ap apne ac ko pochain,bhai:HI jahan:HI ka:HI officer:EN kaam:HI keray:HI ga:HI woi:HI inauguration:EN karaye:HI ga:HI na:HI ap:HI apne:HI ac:EN ko:HI pochain:HI,officer,kaam keray ga woi inauguration karaye ga na,0.648,0.606
71,apna maal apne pas rakho ooo bhaee ma mazak kri thi mujh nh chahiye,apna:HI maal:HI apne:HI pas:HI rakho:HI ooo:EN bhaee:HI ma:HI mazak:HI kri:EN thi:HI mujh:HI nh:EN chahiye:HI,maal,apne pas rakho,0.37,0.497
418,sharma anju bobby george ka interview apne suna hai agar nahi to jaake sun lijiye,sharma:HI anju:HI bobby:EN george:EN ka:HI interview:EN apne:HI suna:HI hai:HI agar:HI nahi:HI to:HI jaake:HI sun:HI lijiye:HI,interview,apne suna hai agar nahi to jaake sun lijiye,0.644,0.425
582,waheed494 acha mtlb apke khene ka ya hay apke ghar me behaye wala channel arhe hay dramas me ptv etc ya adds me behaye wali chezay arhi unko bnd karne ki bajyen ap apne chotay ya barho ko ya kahengy k ap log na dekhe magar khr hay k pemra chala rahi hay waheed bhai logic se khali hay,waheed494:HI acha:HI mtlb:HI apke:HI khene:HI ka:HI ya:HI hay:EN apke:HI ghar:HI me:HI behaye:HI wala:HI channel:EN arhe:HI hay:EN dramas:EN me:HI ptv:EN etc:EN ya:HI adds:EN me:HI behaye:HI wali:HI chezay:HI arhi:HI unko:HI bnd:EN karne:HI ki:HI bajyen:HI ap:HI apne:HI chotay:HI ya:HI barho:HI ko:HI ya:HI kahengy:HI k:HI ap:HI log:HI na:HI dekhe:HI magar:HI khr:HI hay:EN k:HI pemra:EN chala:HI rahi:HI hay:EN waheed:EN bhai:HI logic:EN se:HI khali:HI hay:EN,dramas,behaye wala channel arhe hay,0.34,0.4
490,rakibul sule tu kya hai na ajne apne baap ki aulad hai ya fir kisi gutter ka namuna,rakibul:EN sule:EN tu:HI kya:HI hai:HI na:HI ajne:HI apne:HI baap:HI ki:HI aulad:HI hai:HI ya:HI fir:HI kisi:HI gutter:EN ka:HI namuna:HI,rakibul sule,kya hai na ajne apne baap ki aulad hai ya fir kisi gutter ka namuna,0.272,0.559
366,wo pochna ye tha ye jo logg apne hi reply pe reply dete hai bhae konsa nasha karte hooo,wo:HI pochna:HI ye:HI tha:HI ye:HI jo:HI logg:EN apne:HI hi:HI reply:EN pe:HI reply:EN dete:HI hai:HI bhae:HI konsa:HI nasha:HI karte:HI hooo:HI,nasha,konsa nasha karte hooo,0.12,0.8
32,aap log bhi apne desh ko support karo aur india ke offline business ko support karo aur ek achcha insan bano justicefortraders,aap:HI log:HI bhi:HI apne:HI desh:HI ko:HI support:EN karo:HI aur:HI india:EN ke:HI offline:EN business:EN ko:HI support:EN karo:HI aur:HI ek:HI achcha:HI insan:HI bano:HI justicefortraders:HI,insan,achcha,0.85,0.55
323,yogendrayadav sab thik tha yogendrayadav ji ye rascist comment krna jroori tha kya isme ya apne buddhijivi hone ka sara proof iss kavita mai he dena jroori tha had ho gyii yr,yogendrayadav:HI sab:HI thik:HI tha:HI yogendrayadav:HI ji:HI ye:HI rascist:HI comment:EN krna:HI jroori:HI tha:HI kya:HI isme:HI ya:HI apne:HI buddhijivi:HI hone:HI ka:HI sara:HI proof:EN iss:HI kavita:HI mai:HI he:HI dena:HI jroori:HI tha:HI had:EN ho:HI gyii:HI yr:EN,comment,rascist comment krna jroori tha kya,0.12,0.78
476,more power to u bhaijan allah apne hifazat me rakhe apko ameen,more:EN power:EN to:EN u:EN bhaijan:HI allah:HI apne:HI hifazat:HI me:HI rakhe:HI apko:HI ameen:HI,bhaijan,more power to u bhaijan allah apne hifazat me rakhe apko ameen,0.817,0.628
576,esa karne walo ka kuch nhi ho skta upper caste dusro se jalne me he barbaad ho seats hoti h unke liye ye pdh nhi pate jo reserved h uspe tym waste krte h bahana mil gya apne inability chupane ka,esa:HI karne:HI walo:HI ka:HI kuch:HI nhi:HI ho:HI skta:HI upper:EN caste:EN dusro:HI se:HI jalne:HI me:HI he:HI barbaad:HI ho:HI seats:EN hoti:HI h:EN unke:HI liye:HI ye:HI pdh:EN nhi:HI pate:HI jo:HI reserved:EN h:EN uspe:HI tym:HI waste:EN krte:HI h:EN bahana:HI mil:HI gya:HI apne:HI inability:EN chupane:HI ka:HI,seats,reserved h uspe tym waste krte h,0.259,0.532
52,y congres hindu berodhi h yse hi thodehi kharab pati ban gaye antonio mayno nakli gandhi parewar y kabhi apne abba jaan ke abba phiroz khan ki mazar pr gaye h nahi,y:EN congres:EN hindu:EN berodhi:HI h:EN yse:HI hi:HI thodehi:HI kharab:HI pati:HI ban:HI gaye:HI antonio:EN mayno:HI nakli:HI gandhi:HI parewar:HI y:EN kabhi:HI apne:HI abba:HI jaan:HI ke:HI abba:HI phiroz:HI khan:EN ki:HI mazar:EN pr:EN gaye:HI h:EN nahi:HI,congres,hindu berodhi h,0.3,0.675
315,all players should come together and tell to media about the struggle and truth of infrastructure and facilities they got while preparing for olympics credit lene sab aa gaye we all know gaon se nikle players sirf iss liye khelte taki apne desh aur apne gaon ke liye kuch kar sake,all:EN players:EN should:EN come:EN together:EN and:EN tell:EN to:EN media:EN about:EN the:EN struggle:EN and:EN truth:EN of:EN infrastructure:EN and:EN facilities:EN they:EN got:EN while:EN preparing:EN for:EN olympics:EN credit:EN lene:HI sab:HI aa:HI gaye:HI we:EN all:EN know:EN gaon:HI se:HI nikle:HI players:EN sirf:HI iss:HI liye:HI khelte:HI taki:HI apne:HI desh:HI aur:HI apne:HI gaon:HI ke:HI liye:HI kuch:HI kar:HI sake:HI,credit,credit lene sab aa gaye,0.25,0.7
353,gill garre speaks delhi police or law apne system se kaam kr raha h hme takleef h tum logo ne sikho ka naam khrab kiya h,gill:EN garre:EN speaks:EN delhi:EN police:EN or:EN law:EN apne:HI system:EN se:HI kaam:HI kr:EN raha:HI h:EN hme:HI takleef:HI h:EN tum:HI logo:EN ne:HI sikho:HI ka:HI naam:HI khrab:HI kiya:HI h:EN,sikho,naam khrab kiya h,0.325,0.625
557,kisa shame kaha raha ha huma tu na apne baji ka rishta dia tha ik ko da rishta chawal admi 1 fazool se game ka peecha hum logo ko shame kah raha ha dalaaaa,kisa:HI shame:EN kaha:HI raha:HI ha:HI huma:HI tu:HI na:HI apne:HI baji:HI ka:HI rishta:HI dia:EN tha:HI ik:HI ko:HI da:HI rishta:HI chawal:HI admi:HI 1:EN fazool:HI se:HI game:EN ka:HI peecha:HI hum:HI logo:EN ko:HI shame:EN kah:HI raha:HI ha:HI dalaaaa:HI,game,fazool se,0.05,0.85
21,well honey there is no democracy in china even you cant criticize chinese govt like like you are doing with indian govt u are exercising maximum no of freedom in indian demo but can t do in china apne thali main chhed karne bale khud kyon nahi gold le aye,well:EN honey:EN there:EN is:EN no:EN democracy:EN in:EN china:EN even:EN you:EN cant:EN criticize:EN chinese:EN govt:EN like:EN like:EN you:EN are:EN doing:EN with:EN indian:EN govt:EN u:EN are:EN exercising:EN maximum:EN no:EN of:EN freedom:EN in:EN indian:EN demo:EN but:EN can:EN t:EN do:EN in:EN china:EN apne:HI thali:HI main:HI chhed:HI karne:HI bale:EN khud:HI kyon:HI nahi:HI gold:EN le:HI aye:HI,chinese govt,cant criticize,0.195,0.557
478,hagg tu rhi h chikkita such a looser u r of kkk11 or ho to accept kro na or apne gadho ko bhi bolo accept kre nhi to jo ye tere 2 4 pr h na vo bhi nhi rhenge,hagg:EN tu:HI rhi:HI h:EN chikkita:HI such:EN a:EN looser:EN u:EN r:EN of:EN kkk11:HI or:EN ho:HI to:HI accept:EN kro:HI na:HI or:EN apne:HI gadho:HI ko:HI bhi:HI bolo:HI accept:EN kre:HI nhi:HI to:HI jo:HI ye:HI tere:HI 2:EN 4:EN pr:EN h:EN na:HI vo:HI bhi:HI nhi:HI rhenge:HI,chikkita,hagg tu rhi h chikkita such a looser u r,0.201,0.637
208,pehle apne jasminbhasin or jasly fans ko bolo kisne trolling start ki who is real negative otherwise m kyu jasminbhasin ko troll karu likes se hi pata chal raha h ki sara fandom kesa h koi 1 2 nahi h,pehle:HI apne:HI jasminbhasin:HI or:EN jasly:HI fans:EN ko:HI bolo:HI kisne:HI trolling:EN start:EN ki:HI who:EN is:EN real:EN negative:EN otherwise:EN m:EN kyu:HI jasminbhasin:HI ko:HI troll:EN karu:HI likes:EN se:HI hi:HI pata:HI chal:HI raha:HI h:EN ki:HI sara:HI fandom:EN kesa:HI h:EN koi:HI 1:EN 2:EN nahi:HI h:EN,jasminbhasin,m kyu jasminbhasin ko troll karu,0.364,0.639
18,jamaat walon par to kejriwal ko fir ki badi jaldi thi ab kal jo hua uska kya apne logon se laraya h jo koi dar h,jamaat:EN walon:HI par:HI to:EN kejriwal:EN ko:HI fir:HI ki:HI badi:HI jaldi:HI thi:HI ab:HI kal:HI jo:HI hua:HI uska:HI kya:HI apne:HI logon:HI se:HI laraya:HI h:EN jo:HI koi:HI dar:HI h:EN,fir,badi jaldi thi,0.25,0.7
69,firse apne awkath peh aa gaye hey editors of mhrw,firse:HI apne:HI awkath:HI peh:HI aa:HI gaye:HI hey:EN editors:EN of:EN mhrw:HI,editors of mhrw,firse apne awkath peh aa gaye hey,0.349,0.599
350,teri ummeed pe thukraa raha hoon duniya ko tujhe bhi apne pe ye aitbaar hai ki nahin the million dollar question as always soulfully sung,teri:HI ummeed:HI pe:HI thukraa:HI raha:HI hoon:HI duniya:HI ko:HI tujhe:HI bhi:HI apne:HI pe:HI ye:HI aitbaar:HI hai:HI ki:HI nahin:HI the:EN million:EN dollar:EN question:EN as:EN always:EN soulfully:EN sung:EN,question,the million dollar question,0.665,0.556
45,meer shaiq pura pakistan tumhare bap ka nahi hai pehley pashtun ko unke hisseki jameen de aur fir aapne pakistan ko apne dalde,meer:HI shaiq:HI pura:HI pakistan:EN tumhare:HI bap:HI ka:HI nahi:HI hai:HI pehley:HI pashtun:EN ko:HI unke:HI hisseki:HI jameen:HI de:HI aur:HI fir:HI aapne:HI pakistan:EN ko:HI apne:HI dalde:HI,pura pakistan,tumhare bap ka nahi hai,0.1,0.85
83,kyon chhode kitne cm ne apne state ke issue par chup rehne par kusri chhodi hai aur aap batoge ki usko kursi chhod deni chahiye,kyon:HI chhode:HI kitne:HI cm:EN ne:HI apne:HI state:EN ke:HI issue:EN par:HI chup:HI rehne:HI par:HI kusri:HI chhodi:HI hai:HI aur:HI aap:HI batoge:HI ki:HI usko:HI kursi:HI chhod:HI deni:HI chahiye:HI,cm,apne state ke issue par chup rehne par kusri chhodi hai,0.439,0.585
456,sir mai private job krta hu bt income itna hi ho pata hai jis se ghar chal sake bt mai or jyada paisa kamana chahta hu taki apne sapno ko hakikat me badal saku apne desh ke liye olympic me gold medal jit saku pr koi rasta nhi mil rha,sir:HI mai:HI private:EN job:EN krta:HI hu:HI bt:HI income:EN itna:HI hi:HI ho:HI pata:HI hai:HI jis:HI se:HI ghar:HI chal:HI sake:HI bt:HI mai:HI or:EN jyada:HI paisa:HI kamana:HI chahta:HI hu:HI taki:HI apne:HI sapno:HI ko:HI hakikat:HI me:HI badal:HI saku:HI apne:HI desh:HI ke:HI liye:HI olympic:EN me:HI gold:EN medal:EN jit:HI saku:HI pr:EN koi:HI rasta:HI nhi:HI mil:HI rha:HI,paisaf,or jyada paisa kamana chahta hu taki apne sapno ko hakikat me badal saku,0.6,0.7
467,wrong on jab aap apne desh ki raksha krte hai to dharm ki raksha apne aap ho jaati hai truth is jab aap apne dharm ki raksha krte hai to desh ki raksha apne aap ho jaati hai,wrong:EN on:EN jab:HI aap:HI apne:HI desh:HI ki:HI raksha:HI krte:HI hai:HI to:HI dharm:HI ki:HI raksha:HI apne:HI aap:HI ho:HI jaati:HI hai:HI truth:EN is:EN jab:HI aap:HI apne:HI dharm:HI ki:HI raksha:HI krte:HI hai:HI to:HI desh:HI ki:HI raksha:HI apne:HI aap:HI ho:HI jaati:HI hai:HI,dharm,jab aap apne dharm ki raksha krte hai to desh ki raksha apne aap ho jaati hai,0.571,0.58
411,or tu sun kabhi kisi ladki k conversation k bich ja kr app haveli pr mt bolna agr tu apne maa ko respect krta h to kisi dusre ladki ko bhi respect kr samjha,or:EN tu:HI sun:HI kabhi:HI kisi:HI ladki:HI k:HI conversation:EN k:HI bich:HI ja:HI kr:EN app:EN haveli:HI pr:EN mt:EN bolna:HI agr:HI tu:HI apne:HI maa:HI ko:HI respect:EN krta:HI h:EN to:EN kisi:HI dusre:HI ladki:HI ko:HI bhi:HI respect:EN kr:EN samjha:HI,respect,apne maa ko respect krta h to kisi dusre ladki ko bhi respect kr,0.792,0.548
136,hindu mislim karke apni dukaan chalaenge dikha kar jhute khaab hath me hatiyar pakdaenge auro ke bachchon se ine kya lena dena ye sirf apne bachchon ko padhaenge,hindu:EN mislim:EN karke:HI apni:HI dukaan:HI chalaenge:HI dikha:HI kar:HI jhute:HI khaab:HI hath:HI me:HI hatiyar:HI pakdaenge:HI auro:HI ke:HI bachchon:HI se:HI ine:EN kya:HI lena:HI dena:HI ye:HI sirf:HI apne:HI bachchon:HI ko:HI padhaenge:HI,neta,hindu mislim karke apni dukaan chalaenge,0.275,0.65
331,phr bhi hm sb chahte h inko apne pass pass we want sarlu nd ginni pls come back we want ipzn2,phr:EN bhi:HI hm:HI sb:EN chahte:HI h:EN inko:HI apne:HI pass:EN pass:EN we:EN want:EN sarlu:HI nd:EN ginni:EN pls:EN come:EN back:EN we:EN want:EN ipzn2:HI,ipzn2,we want,0.726,0.663
394,sirf maa ko hi respect krta h or dusre ladki k disrespect yehi sikha h kia lol k liye kisi ladki ko kuch hi bol dega chal tujhe bolna hi bekar h or sun mujhe dm or spam mt kia kr or gandi baat mt bolna samjha apne haad me rha kr,sirf:HI maa:HI ko:HI hi:HI respect:EN krta:HI h:EN or:EN dusre:HI ladki:HI k:HI disrespect:EN yehi:HI sikha:HI h:EN kia:HI lol:HI k:HI liye:HI kisi:HI ladki:HI ko:HI kuch:HI hi:HI bol:HI dega:HI chal:HI tujhe:HI bolna:HI hi:HI bekar:HI h:EN or:EN sun:HI mujhe:HI dm:EN or:EN spam:EN mt:EN kia:HI kr:EN or:EN gandi:HI baat:HI mt:EN bolna:HI samjha:HI apne:HI haad:HI me:HI rha:HI kr:EN,respect,sirf maa ko hi respect krta h,0.54,0.61
401,nature ke liye toh jitna bhi likhiye utna hi kam hain kyunki uparwale ne nature ko itna pyaara banaya hain aur nature apne pyaarepan se hamesha khushi hi deta hain sabhi dekhiye ki tree ped ki ek tehni par pattiyaan bhi lagti hain phuul bhi khilte hain,nature:EN ke:HI liye:HI toh:HI jitna:HI bhi:HI likhiye:HI utna:HI hi:HI kam:HI hain:HI kyunki:HI uparwale:HI ne:HI nature:EN ko:HI itna:HI pyaara:HI banaya:HI hain:HI aur:HI nature:EN apne:HI pyaarepan:HI se:HI hamesha:HI khushi:HI hi:HI deta:HI hain:HI sabhi:HI dekhiye:HI ki:HI tree:EN ped:HI ki:HI ek:HI tehni:HI par:HI pattiyaan:HI bhi:HI lagti:HI hain:HI phuul:HI bhi:HI khilte:EN hain:HI,nature,itna pyaara banaya hain,0.95,0.6
496,kshtriye hai sirf brahmano baniyo ki ghulami karne ke liye naa dalit brahman jaise apne samaj ki awaaz uthata hai naa koi kaam kiya hoga samaj me liye saare kshtriye dogle bas apne pet bharte hai or paisa banate hai itihaas gawah hai jssc or jharkhand me muh nahi khulta,kshtriye:HI hai:HI sirf:HI brahmano:HI baniyo:EN ki:HI ghulami:EN karne:HI ke:HI liye:HI naa:HI dalit:HI brahman:HI jaise:HI apne:HI samaj:HI ki:HI awaaz:HI uthata:HI hai:HI naa:HI koi:HI kaam:HI kiya:HI hoga:HI samaj:HI me:HI liye:HI saare:HI kshtriye:HI dogle:HI bas:HI apne:HI pet:EN bharte:HI hai:HI or:EN paisa:HI banate:HI hai:HI itihaas:HI gawah:HI hai:HI jssc:HI or:EN jharkhand:HI me:HI muh:HI nahi:HI khulta:HI,brahman,apne samaj ki awaaz uthata hai,0.65,0.6
86,wo mene 20 scores btaye wanra koi innings 160 se sr ki jhi btayi thi 7 me apne waha btayi thi 25 off 16,wo:HI mene:HI 20:EN scores:EN btaye:HI wanra:HI koi:HI innings:EN 160:EN se:HI sr:EN ki:HI jhi:HI btayi:HI thi:HI 7:EN me:HI apne:HI waha:HI btayi:HI thi:HI 25:EN off:EN 16:EN,innings,160 se sr ki jhi btayi thi,0.45,0.5
484,rukna nahi hain srkians apne cute superstar ko 300k krke dena hain 8yearsofatgchennaiexpress,rukna:HI nahi:HI hain:HI srkians:HI apne:HI cute:EN superstar:EN ko:HI 300k:EN krke:HI dena:HI hain:HI 8yearsofatgchennaiexpress:HI,superstar,cute superstar ko 300k krke dena hain,0.901,0.747
382,it s not about hypocrites lmao sab ke apne reason hote hain but seems like too much work in my opinion,it:EN s:EN not:EN about:EN hypocrites:EN lmao:HI sab:HI ke:HI apne:HI reason:EN hote:HI hain:HI but:EN seems:EN like:EN too:EN much:EN work:EN in:EN my:EN opinion:EN,hypocrites,not about,0.475,0.4
235,kabhi muzlim christian ko dekha wo apne log ko obc sc st nahi karte aur bjp ko dekha wo khud divide karra aaj hi laya na reservation obc bill pehla vote manga hindu ke naam pe jab fail ho gaya kuch nahi kiya hindu ka to log sawal utane lage to lag gaya bjp rss dalit obc karne,kabhi:HI muzlim:HI christian:EN ko:HI dekha:HI wo:HI apne:HI log:HI ko:HI obc:EN sc:EN st:EN nahi:HI karte:HI aur:HI bjp:EN ko:HI dekha:HI wo:HI khud:HI divide:EN karra:HI aaj:HI hi:HI laya:HI na:HI reservation:EN obc:EN bill:EN pehla:HI vote:EN manga:HI hindu:EN ke:HI naam:HI pe:HI jab:HI fail:EN ho:HI gaya:HI kuch:HI nahi:HI kiya:HI hindu:EN ka:HI to:EN log:HI sawal:HI utane:HI lage:HI to:HI lag:HI gaya:HI bjp:EN rss:EN dalit:HI obc:EN karne:HI,reservation,pehla vote manga hindu ke naam pe jab fail ho gaya kuch nahi kiya,0.307,0.709
219,m nirajchopra ye modiji ke jeb se kiya gaya kharacha nahi hai har nation ka kaam hota hai apne apne athletes ko behtar banake apne country ke liye aage karne ka humari government ne bhi yehi kiya hai public ke paise se inhe best training di hai,m:EN nirajchopra:HI ye:HI modiji:HI ke:HI jeb:HI se:HI kiya:HI gaya:HI kharacha:HI nahi:HI hai:HI har:HI nation:EN ka:HI kaam:HI hota:HI hai:HI apne:HI apne:HI athletes:EN ko:HI behtar:HI banake:HI apne:HI country:EN ke:HI liye:HI aage:HI karne:HI ka:HI humari:HI government:EN ne:HI bhi:HI yehi:HI kiya:HI hai:HI public:EN ke:HI paise:HI se:HI inhe:HI best:EN training:EN di:HI hai:HI,training,best,0.877,0.485
440,king1 par tumhara mulk certified bhikari hai jo bina aid k apne logo ko khana bhi nahi khila sakta hai imran aur bajwa dono ka ek hi kaam hai kiski jeb saaf karna hai tum arab countries aur china ke paltu kutte ho agar wo roti na dale to tumhari kom bhuki mar jaye,king1:HI par:HI tumhara:HI mulk:HI certified:EN bhikari:HI hai:HI jo:HI bina:HI aid:EN k:HI apne:HI logo:EN ko:HI khana:HI bhi:HI nahi:HI khila:HI sakta:HI hai:HI imran:HI aur:HI bajwa:HI dono:HI ka:HI ek:HI hi:HI kaam:HI hai:HI kiski:HI jeb:HI saaf:HI karna:HI hai:HI tum:HI arab:EN countries:EN aur:HI china:EN ke:HI paltu:HI kutte:HI ho:HI agar:HI wo:HI roti:HI na:HI dale:HI to:HI tumhari:HI kom:HI bhuki:HI mar:HI jaye:HI,mulk,certified bhikari hai jo bina aid k apne logo ko khana bhi nahi khila sakta,0.346,0.651
186,assist all ready kar chuka dm apne number,assist:EN all:EN ready:EN kar:HI chuka:HI dm:EN apne:HI number:EN,dm,apne number,0.503,0.266
379,bhaiya mere parivaar ko baccha lijiye bhaiya main apne parivaar ko khona nahi chahta hoon bhaiya mere parivaar ko paise ki bahut jyada jarurat hai bhaiya main apna body donate kar ke aapka sara rupya wapasnkae dunga please bhaiya,bhaiya:HI mere:HI parivaar:HI ko:HI baccha:HI lijiye:HI bhaiya:HI main:HI apne:HI parivaar:HI ko:HI khona:HI nahi:HI chahta:HI hoon:HI bhaiya:HI mere:HI parivaar:HI ko:HI paise:HI ki:HI bahut:HI jyada:HI jarurat:HI hai:HI bhaiya:HI main:HI apna:HI body:EN donate:EN kar:HI ke:HI aapka:HI sara:HI rupya:HI wapasnkae:HI dunga:HI please:EN bhaiya:HI,parivaar,khona nahi chahta hoon,0.15,0.85
539,how did u decide that i haven t done khud hi apne narratives banti ho tum ring master and y shld i believe u that u hv done tumne scuba karne ka aur underwater phobia nalle ko hai ya nhi iska kya connection hai rahulvaidya,how:EN did:EN u:EN decide:EN that:EN i:EN haven:EN t:EN done:EN khud:HI hi:HI apne:HI narratives:EN banti:HI ho:HI tum:HI ring:EN master:EN and:EN y:EN shld:EN i:EN believe:EN u:EN that:EN u:EN hv:EN done:EN tumne:HI scuba:EN karne:HI ka:HI aur:HI underwater:EN phobia:EN nalle:EN ko:HI hai:HI ya:HI nhi:HI iska:HI kya:HI connection:EN hai:HI rahulvaidya:HI,scuba,scuba karne ka aur underwater phobia nalle ko hai ya nhi,0.278,0.628
331,phr bhi hm sb chahte h inko apne pass pass we want sarlu nd ginni pls come back we want ipzn2,phr:EN bhi:HI hm:HI sb:EN chahte:HI h:EN inko:HI apne:HI pass:EN pass:EN we:EN want:EN sarlu:HI nd:EN ginni:EN pls:EN come:EN back:EN we:EN want:EN ipzn2:HI,sarlu nd ginni,come back,0.667,0.505
327,bhai bhagwaan ne tujhe achi popularity di hai biggboss ke baad ye aise baar baar apne songs ki promotions ke liye bhikmanga mat ban jaaya kar aisa lagta hai tu darrta hai kahin teri fan following naa zero ho jaaye,bhai:HI bhagwaan:HI ne:HI tujhe:HI achi:HI popularity:EN di:HI hai:HI biggboss:HI ke:HI baad:HI ye:HI aise:HI baar:HI baar:HI apne:HI songs:EN ki:HI promotions:EN ke:HI liye:HI bhikmanga:HI mat:HI ban:HI jaaya:HI kar:HI aisa:HI lagta:HI hai:HI tu:HI darrta:HI hai:HI kahin:HI teri:HI fan:EN following:EN naa:HI zero:EN ho:HI jaaye:HI,fan following,kahin teri fan following naa zero ho jaaye,0.441,0.565
10,aa gaya na apne idol wale form mein haan ab tera fc aur tera idol tere liye kuch to kar denge,aa:HI gaya:HI na:HI apne:HI idol:EN wale:HI form:EN mein:HI haan:HI ab:HI tera:HI fc:EN aur:HI tera:HI idol:EN tere:HI liye:HI kuch:HI to:EN kar:HI denge:HI,idol,tere liye kuch to kar denge,0.2,0.65
394,sirf maa ko hi respect krta h or dusre ladki k disrespect yehi sikha h kia lol k liye kisi ladki ko kuch hi bol dega chal tujhe bolna hi bekar h or sun mujhe dm or spam mt kia kr or gandi baat mt bolna samjha apne haad me rha kr,sirf:HI maa:HI ko:HI hi:HI respect:EN krta:HI h:EN or:EN dusre:HI ladki:HI k:HI disrespect:EN yehi:HI sikha:HI h:EN kia:HI lol:HI k:HI liye:HI kisi:HI ladki:HI ko:HI kuch:HI hi:HI bol:HI dega:HI chal:HI tujhe:HI bolna:HI hi:HI bekar:HI h:EN or:EN sun:HI mujhe:HI dm:EN or:EN spam:EN mt:EN kia:HI kr:EN or:EN gandi:HI baat:HI mt:EN bolna:HI samjha:HI apne:HI haad:HI me:HI rha:HI kr:EN,bolna,chal tujhe bolna hi bekar h,0.492,0.673
285,faltoo k kaam krte ho yrr tum log hbx aaj tak laumch nahi ki tum log khud apne pairo par kulhadi maarte ho pata nahi kaun ceo hai kaisa staff hai jo kachhuve ki chaal chal rha hai hbx cng variant should be launch tiago cng launch ho jana chahiye gha ab tak but nahi fuck of,faltoo:EN k:HI kaam:HI krte:HI ho:HI yrr:HI tum:HI log:HI hbx:HI aaj:HI tak:HI laumch:HI nahi:HI ki:HI tum:HI log:HI khud:HI apne:HI pairo:HI par:HI kulhadi:HI maarte:HI ho:HI pata:HI nahi:HI kaun:HI ceo:EN hai:HI kaisa:HI staff:EN hai:HI jo:HI kachhuve:HI ki:HI chaal:HI chal:HI rha:HI hai:HI hbx:HI cng:EN variant:EN should:EN be:EN launch:EN tiago:EN cng:EN launch:EN ho:HI jana:HI chahiye:HI gha:EN ab:HI tak:HI but:EN nahi:HI fuck:EN of:EN,staff,kaisa staff hai jo kachhuve ki chaal chal rha hai,0.398,0.487
480,ksaurav guide tab kiya ja sakta hai jab koi guidance ko follow karna chahe yahan bohut sare aise log bhi hai jo apne aap ko pm samajhte hai aur am not the leader tagline leke ghumte hai aise log bas apni marji ke maafik kaam kartein hai kisiko sunne ki jarurat nahi samajhte,ksaurav:HI guide:EN tab:HI kiya:HI ja:HI sakta:HI hai:HI jab:HI koi:HI guidance:EN ko:HI follow:EN karna:HI chahe:HI yahan:HI bohut:HI sare:HI aise:HI log:HI bhi:HI hai:HI jo:HI apne:HI aap:HI ko:HI pm:EN samajhte:HI hai:HI aur:HI am:EN not:EN the:EN leader:EN tagline:EN leke:HI ghumte:HI hai:HI aise:HI log:HI bas:HI apni:HI marji:HI ke:HI maafik:HI kaam:HI kartein:HI hai:HI kisiko:HI sunne:HI ki:HI jarurat:HI nahi:HI samajhte:HI,log,apne aap ko pm samajhte hai aur am not the leader tagline leke ghumte hai aise log bas apni marji ke maafik kaam kartein hai kisiko sunne ki jarurat nahi samajhte,0.381,0.605
146,issi baat p tea pilao apne haatho s,issi:HI baat:HI p:EN tea:EN pilao:HI apne:HI haatho:HI s:EN,tea,pilao apne haatho s,0.8,0.5
532,beta has denied her entry agr apne asli roop main jati gaaliyaan deti to shayad beta dar k enter hone deta,beta:HI has:EN denied:EN her:EN entry:EN agr:HI apne:HI asli:HI roop:HI main:HI jati:HI gaaliyaan:HI deti:HI to:HI shayad:HI beta:HI dar:HI k:HI enter:EN hone:HI deta:HI,beta,denied her entry,0.36,0.489
161,rathee agar kisi din dange huye to ye sab naare lagane wale apne ghar mein baithenge aur pata hai marega kaun tum aur tumhara parivar mai aur mera parivar aur bahut sare humare jaise aam log ye rss bjp walon ko hinduo ki kuchh nahi padi inhe bad election jeetne se matlab hai,rathee:EN agar:HI kisi:HI din:HI dange:HI huye:HI to:HI ye:HI sab:HI naare:HI lagane:HI wale:HI apne:HI ghar:HI mein:HI baithenge:HI aur:HI pata:HI hai:HI marega:HI kaun:HI tum:HI aur:HI tumhara:HI parivar:HI mai:HI aur:HI mera:HI parivar:HI aur:HI bahut:HI sare:HI humare:HI jaise:HI aam:HI log:HI ye:HI rss:EN bjp:EN walon:HI ko:HI hinduo:HI ki:HI kuchh:HI nahi:HI padi:HI inhe:HI bad:EN election:EN jeetne:HI se:HI matlab:HI hai:HI,rss bjp,hinduo ki kuchh nahi padi inhe bad election jeetne se matlab hai,0.237,0.711
77,abe apne ghar me dekh lo pehle aapke apne sheher delhi mein jantar mantar par kya ho raha hai uspe to muh nahi khulega you are the same as the bigots from across the border no difference at all,abe:HI apne:HI ghar:HI me:HI dekh:HI lo:HI pehle:HI aapke:HI apne:HI sheher:HI delhi:EN mein:HI jantar:HI mantar:HI par:HI kya:HI ho:HI raha:HI hai:HI uspe:HI to:EN muh:HI nahi:HI khulega:HI you:EN are:EN the:EN same:EN as:EN the:EN bigots:EN from:EN across:EN the:EN border:EN no:EN difference:EN at:EN all:EN,you,same as the bigots from across the border no difference at all,0.277,0.678
78,exam center par koi security nhi thi log apne hisab se system par baith rhe the or aapas me baat kar ke paper solve kar rhe the,exam:EN center:EN par:HI koi:HI security:EN nhi:HI thi:HI log:HI apne:HI hisab:HI se:HI system:EN par:HI baith:HI rhe:HI the:HI or:EN aapas:HI me:HI baat:HI kar:HI ke:HI paper:EN solve:EN kar:HI rhe:HI the:HI,paper,aapas me baat kar ke paper solve kar rhe the,0.354,0.553
560,read somewhere that jis sey bhi tum allah sey ziyada muhabbat karo gy jispe maan hoga allah ussi sey tumhein toray ga aur apne pass lay aaye ga and i think you need to hear this,read:EN somewhere:EN that:EN jis:HI sey:HI bhi:HI tum:HI allah:HI sey:HI ziyada:HI muhabbat:HI karo:HI gy:EN jispe:HI maan:HI hoga:HI allah:HI ussi:HI sey:HI tumhein:HI toray:EN ga:HI aur:HI apne:HI pass:EN lay:HI aaye:HI ga:HI and:EN i:EN think:EN you:EN need:EN to:EN hear:EN this:EN,maan,jispe maan hoga,0.4,0.5
217,uditraj ch0mu pehle tweet main c0 apne abb ko bataya tha decide kar le coach hai kaun k k,uditraj:HI ch0mu:HI pehle:HI tweet:EN main:HI c0:EN apne:HI abb:HI ko:HI bataya:HI tha:HI decide:EN kar:HI le:HI coach:EN hai:HI kaun:HI k:HI k:HI,coach,decide kar le coach hai kaun,0.2,0.65
534,dhuup nikalti hain apne saath subah mein roshnii laati hui haryali phuul pattiyaan khilte hain phuulon pe birds butterflies baithti hain rang birangi titiliyaan fly karti rehti hain uparwale ne dharti kitni pyaari banayi hain dekhiye nature ne phuulon ko kitna pyaara,dhuup:HI nikalti:HI hain:HI apne:HI saath:HI subah:HI mein:HI roshnii:HI laati:HI hui:HI haryali:EN phuul:HI pattiyaan:HI khilte:EN hain:HI phuulon:HI pe:HI birds:EN butterflies:EN baithti:HI hain:HI rang:EN birangi:EN titiliyaan:HI fly:EN karti:HI rehti:HI hain:HI uparwale:HI ne:HI dharti:HI kitni:HI pyaari:HI banayi:HI hain:HI dekhiye:HI nature:EN ne:HI phuulon:HI ko:HI kitna:HI pyaara:HI,dharti,kitni pyaari banayi hain,0.95,0.6
26,for me asif can be way better player at 4 agr aqal istimal kre inme se ifti sohaib will still do better than asif at 6 pr yeah azam asif hain us position ke bs pr ye sab apne kaha team me hone chaye,for:EN me:HI asif:HI can:EN be:EN way:EN better:EN player:EN at:EN 4:EN agr:HI aqal:HI istimal:HI kre:HI inme:HI se:HI ifti:HI sohaib:HI will:EN still:EN do:EN better:EN than:EN asif:HI at:EN 6:EN pr:EN yeah:EN azam:HI asif:HI hain:HI us:HI position:EN ke:HI bs:EN pr:EN ye:HI sab:HI apne:HI kaha:HI team:EN me:HI hone:HI chaye:HI,ye sab,apne kaha team me hone chaye,0.699,0.463
55,india sabhi ke liye call yahan ka apna constitution ha ke apne rule regulation form companiyon ko yahan ke rule manya justicefortraders,india:EN sabhi:HI ke:HI liye:HI call:EN yahan:HI ka:HI apna:HI constitution:EN ha:HI ke:HI apne:HI rule:EN regulation:EN form:EN companiyon:EN ko:HI yahan:HI ke:HI rule:EN manya:HI justicefortraders:HI,rule regulation,manya,0.5,0.45
116,dusit rajnitik mansik aapda se to apne aapko bacha nahi paye aur natural aapada se bachane ki bat karte hai mp atitith sikshak isaka jeeta jagata example hai not true maternal uncle of mp s people,dusit:EN rajnitik:HI mansik:HI aapda:HI se:HI to:HI apne:HI aapko:HI bacha:HI nahi:HI paye:HI aur:HI natural:EN aapada:HI se:HI bachane:HI ki:HI bat:EN karte:HI hai:HI mp:EN atitith:HI sikshak:HI isaka:EN jeeta:HI jagata:HI example:EN hai:HI not:EN true:EN maternal:EN uncle:EN of:EN mp:EN s:EN people:EN,mp atitith sikshak,isaka jeeta jagata example hai,0.346,0.518
188,bahi fallow to kr diya mgr app apne follower or fallowing ko b dekhe na bahi app b fallow back de,bahi:HI fallow:EN to:EN kr:EN diya:HI mgr:EN app:EN apne:HI follower:EN or:EN fallowing:EN ko:HI b:EN dekhe:HI na:HI bahi:HI app:EN b:EN fallow:EN back:EN de:HI,fallowing,apne follower or fallowing ko b dekhe na,0.548,0.444
68,suno gor se soniyo walon buri nazar na hmpe dalo chahe jitna zor laglo sabse aage honge ipznians hamne kha hai tumbhi manolo aao hum miljulke waapis laaye apne show ko we want ipzn2,suno:HI gor:HI se:HI soniyo:HI walon:HI buri:HI nazar:HI na:HI hmpe:HI dalo:HI chahe:HI jitna:HI zor:HI laglo:HI sabse:HI aage:HI honge:HI ipznians:HI hamne:HI kha:HI hai:HI tumbhi:HI manolo:EN aao:HI hum:HI miljulke:HI waapis:HI laaye:HI apne:HI show:EN ko:HI we:EN want:EN ipzn2:HI,ipznians,sabse aage honge,0.82,0.75
347,wo bahut hi yogya or shalin insan rahe hai onke sanghars ka prtychh darshi raha hu wo apne chhote bhai k liye mai bjp k varisht netao se anurodh karunga ki onko onka haq de kr sammanit kiya jaye,wo:HI bahut:HI hi:HI yogya:HI or:EN shalin:HI insan:HI rahe:HI hai:HI onke:HI sanghars:HI ka:HI prtychh:HI darshi:HI raha:HI hu:HI wo:HI apne:HI chhote:HI bhai:HI k:HI liye:HI mai:HI bjp:EN k:HI varisht:HI netao:HI se:HI anurodh:HI karunga:HI ki:HI onko:HI onka:HI haq:HI de:HI kr:EN sammanit:HI kiya:HI jaye:HI,insan,bahut hi yogya or shalin,0.877,0.573
405,ia subh apne apne grades se satisfy honge and phir party karenge ikathe,ia:HI subh:HI apne:HI apne:HI grades:EN se:HI satisfy:EN honge:HI and:EN phir:HI party:EN karenge:HI ikathe:HI,grades,apne apne grades se satisfy honge,0.772,0.535
9,dwary ye adhikari apne power ka galat use kr rha hai mukhyamantri ji ispe action lijiye,dwary:HI ye:HI adhikari:HI apne:HI power:EN ka:HI galat:HI use:HI kr:EN rha:HI hai:HI mukhyamantri:EN ji:HI ispe:HI action:EN lijiye:HI,mukhyamantri ji,ispe action lijiye,0.58,0.774
104,a n i sh pathan ds 4141 khan2 ye hum log isko toot bolte hai apne gaun men jab paj jati hai bahot mithi rahti hai bahot khate hai hum log,a:EN n:EN i:EN sh:EN pathan:HI ds:EN 4141:HI khan2:HI ye:HI hum:HI log:HI isko:HI toot:HI bolte:HI hai:HI apne:HI gaun:HI men:EN jab:HI paj:EN jati:HI hai:HI bahot:HI mithi:HI rahti:HI hai:HI bahot:HI khate:HI hai:HI hum:HI log:HI,toot,bahot mithi rahti hai bahot khate hai,0.85,0.5
251,irctc bhi app apne portfolio me add kar sakte hai debt free and monopoly company hai aapp ko long terms me accha returns de sakta hai,irctc:EN bhi:HI app:EN apne:HI portfolio:EN me:HI add:EN kar:HI sakte:HI hai:HI debt:EN free:EN and:EN monopoly:EN company:EN hai:HI aapp:HI ko:HI long:EN terms:EN me:HI accha:HI returns:EN de:HI sakta:HI hai:HI,returns,long terms me accha returns de sakta hai,0.708,0.479
37,aap log bhi apne view jarur shahar karo ko join in karke justicefortraders,aap:HI log:HI bhi:HI apne:HI view:EN jarur:HI shahar:HI karo:HI ko:HI join:EN in:EN karke:HI justicefortraders:HI,view,jarur shahar karo,0.65,0.5
229,ajittyagi achaa ek baat btao india ke savi private company band krke sabko gov apne hath me le le nhi na desh ki abadi badhne ke sath sath private company ko v badhava dena hoga bhai ye baat samjh lo jara socho desh me private school private hospital nhi hota to kitna maramari hota,ajittyagi:HI achaa:HI ek:HI baat:HI btao:HI india:EN ke:HI savi:EN private:EN company:EN band:HI krke:HI sabko:HI gov:EN apne:HI hath:HI me:HI le:HI le:HI nhi:HI na:HI desh:HI ki:HI abadi:EN badhne:HI ke:HI sath:HI sath:HI private:EN company:EN ko:HI v:EN badhava:HI dena:HI hoga:HI bhai:HI ye:HI baat:HI samjh:HI lo:HI jara:HI socho:HI desh:HI me:HI private:EN school:EN private:EN hospital:EN nhi:HI hota:HI to:HI kitna:HI maramari:HI hota:HI,private school,nhi hota to kitna maramari hota,0.575,0.525
545,lmao pm ne thodi paise bheje hai apne bheje hai na me bhul gya tha aur apni khud ki baat pe to tik lo bhai saab,lmao:EN pm:EN ne:HI thodi:HI paise:HI bheje:HI hai:HI apne:HI bheje:HI hai:HI na:HI me:HI bhul:HI gya:HI tha:HI aur:HI apni:HI khud:HI ki:HI baat:HI pe:HI to:EN tik:EN lo:HI bhai:HI saab:HI,baat,apni khud ki baat pe to tik lo bhai saab,0.15,0.7
469,news lagtaa h apne prada ke kapde aur joote bech diye modiji ne,news:EN lagtaa:HI h:EN apne:HI prada:EN ke:HI kapde:HI aur:HI joote:HI bech:HI diye:HI modiji:HI ne:HI,news,lagtaa h apne prada ke kapde aur joote bech diye,0.2,0.7
566,pehli bar complaint jab ki thi dc ka nam salman lodhi tha ab sanaullah or aac topi bhi koi or tha ab mehran khan bas ham awan ko inho ne kutta samjha hoa ha ham bas bhonkty rahengy apne jaiz haq k liye bhi,pehli:HI bar:EN complaint:EN jab:HI ki:HI thi:HI dc:EN ka:HI nam:HI salman:HI lodhi:HI tha:HI ab:HI sanaullah:EN or:EN aac:EN topi:EN bhi:HI koi:HI or:EN tha:HI ab:HI mehran:EN khan:EN bas:HI ham:HI awan:HI ko:HI inho:HI ne:HI kutta:HI samjha:HI hoa:HI ha:HI ham:HI bas:HI bhonkty:HI rahengy:HI apne:HI jaiz:HI haq:HI k:HI liye:HI bhi:HI,awan,inho ne kutta samjha hoa ha ham bas bhonkty rahengy,0.15,0.8
117,1 i am i ve really supporting friends and cousin bas wo bechare fikar na karein islie sad thoughts fekne yahan ati 2 tauba tauba koi dhang ka kam kar lijiye dosto ko itna affection diya hota apne to aaj mere secret msg me ake apni tanhai ka shor nahi macha rhe hote,1:EN i:EN am:EN i:EN ve:HI really:EN supporting:EN friends:EN and:EN cousin:EN bas:HI wo:HI bechare:HI fikar:HI na:HI karein:HI islie:HI sad:EN thoughts:EN fekne:HI yahan:HI ati:HI 2:EN tauba:HI tauba:HI koi:HI dhang:HI ka:HI kam:HI kar:HI lijiye:HI dosto:HI ko:HI itna:HI affection:EN diya:HI hota:HI apne:HI to:HI aaj:HI mere:HI secret:EN msg:HI me:HI ake:HI apni:HI tanhai:HI ka:HI shor:HI nahi:HI macha:HI rhe:HI hote:HI,cousin,cousin bas wo bechare fikar na karein,0.588,0.372
466,india beta meri english thik h jake google translate kr le or rhi baat modi v un politician k naam htakar apne naam kr leta hai to fark kya rah gya dono me chokidar hi chor h na pta h na or ha english ka paisa tum duba diya yaar modi dudh ka dhula nhi h double stranded person h,india:EN beta:HI meri:HI english:EN thik:HI h:EN jake:HI google:EN translate:EN kr:EN le:HI or:EN rhi:HI baat:HI modi:HI v:EN un:HI politician:EN k:HI naam:HI htakar:HI apne:HI naam:HI kr:EN leta:HI hai:HI to:HI fark:HI kya:HI rah:HI gya:HI dono:HI me:HI chokidar:HI hi:HI chor:HI h:EN na:HI pta:HI h:EN na:HI or:EN ha:HI english:EN ka:HI paisa:HI tum:HI duba:HI diya:HI yaar:HI modi:HI dudh:HI ka:HI dhula:HI nhi:HI h:EN double:EN stranded:EN person:EN h:EN,english,paisa tum duba diya yaar,0.15,0.7
39,why homosexual people are not treated well in society apne punjab ch yr they are also humans apa nu balanced chromosomes mile ha rabb da shukr kro ghut ghut ke nhi jeena penda me school to leke ajj tk kde kise te ni hassi pta ni rabb ne phla to smatt diti a respect kro,why:EN homosexual:EN people:EN are:EN not:EN treated:EN well:EN in:EN society:EN apne:HI punjab:HI ch:EN yr:EN they:EN are:EN also:EN humans:EN apa:HI nu:EN balanced:EN chromosomes:EN mile:HI ha:HI rabb:EN da:HI shukr:HI kro:HI ghut:HI ghut:HI ke:HI nhi:HI jeena:HI penda:EN me:HI school:EN to:EN leke:HI ajj:HI tk:HI kde:HI kise:HI te:HI ni:HI hassi:HI pta:HI ni:HI rabb:EN ne:HI phla:HI to:EN smatt:HI diti:HI a:EN respect:EN kro:HI,homosexual people,not treated well in society,0.543,0.534
252,are bhai chamcho ka bhi to koi ilaj nhi h hmesha chatne me lge rhte h maine pura interview nhi dekha h or na hi dekhna chahta hu aap agar kisi ka interview le rhe ho to uske muh m apne shabd mat dalo ye jante ho ya nhi,are:EN bhai:HI chamcho:HI ka:HI bhi:HI to:HI koi:HI ilaj:HI nhi:HI h:EN hmesha:HI chatne:HI me:HI lge:HI rhte:HI h:EN maine:HI pura:HI interview:EN nhi:HI dekha:HI h:EN or:EN na:HI hi:HI dekhna:HI chahta:HI hu:HI aap:HI agar:HI kisi:HI ka:HI interview:EN le:HI rhe:HI ho:HI to:HI uske:HI muh:HI m:EN apne:HI shabd:HI mat:HI dalo:HI ye:HI jante:HI ho:HI ya:HI nhi:HI,interview,uske muh m apne shabd mat dalo,0.304,0.485
62,up ab nyaay hoga jo galti purane b tech walo ne ki ab wo naye b tech holder nhi krenge wo ladenge apne haq ke liye apne liye aur future aspirants ke liye jai hind jai bharat jai up,up:EN ab:HI nyaay:HI hoga:HI jo:HI galti:HI purane:HI b:EN tech:EN walo:HI ne:HI ki:HI ab:HI wo:HI naye:HI b:EN tech:EN holder:EN nhi:HI krenge:HI wo:HI ladenge:HI apne:HI haq:HI ke:HI liye:HI apne:HI liye:HI aur:HI future:EN aspirants:EN ke:HI liye:HI jai:HI hind:EN jai:HI bharat:HI jai:HI up:EN,naye b tech holder,nhi krenge wo ladenge apne haq ke liye,0.78,0.75
434,bilkul sir shi kha apne plz hum students ko support krein,bilkul:HI sir:EN shi:HI kha:HI apne:HI plz:EN hum:HI students:EN ko:HI support:EN krein:HI,students,hum students ko support krein,0.725,0.517
66,ab hamesha har bb movie me aise hi trend karna top 4 trend me apne hi rakhna srkian 8 years of blockbuster express 8yearsofatgchennaiexpress,ab:HI hamesha:HI har:HI bb:EN movie:EN me:HI aise:HI hi:HI trend:EN karna:HI top:EN 4:EN trend:EN me:HI apne:HI hi:HI rakhna:HI srkian:HI 8:EN years:EN of:EN blockbuster:EN express:EN 8yearsofatgchennaiexpress:HI,blockbuster express,8 years of blockbuster express,0.755,0.616
553,you know what nobody s in this world is yours except yourself stop giving your good and time on people who don t care know your worth ok let s get straight to the point kabhi socha tha apne life ke 20 second aise bhi waste karoge,you:EN know:EN what:EN nobody:EN s:EN in:EN this:EN world:EN is:EN yours:EN except:EN yourself:EN stop:EN giving:EN your:EN good:EN and:EN time:EN on:EN people:EN who:EN don:EN t:EN care:EN know:EN your:EN worth:EN ok:EN let:EN s:EN get:EN straight:EN to:EN the:EN point:EN kabhi:HI socha:HI tha:HI apne:HI life:EN ke:HI 20:EN second:EN aise:HI bhi:HI waste:EN karoge:HI,life,kabhi socha tha apne life ke 20 second aise bhi waste karoge,0.15,0.75
73,ind ye mandir masjid mein reh gaya bharat ka naam tabhi badhega jb development hoga satta nai desh sambhalna seekhao apne guruji ko,ind:EN ye:HI mandir:HI masjid:HI mein:HI reh:HI gaya:HI bharat:HI ka:HI naam:HI tabhi:HI badhega:HI jb:EN development:EN hoga:HI satta:HI nai:HI desh:HI sambhalna:HI seekhao:HI apne:HI guruji:HI ko:HI,development,bharat ka naam tabhi badhega jb development hoga,0.557,0.55
310,yhi confidence apne relatives ke saamne plis,yhi:HI confidence:EN apne:HI relatives:EN ke:HI saamne:HI plis:EN,confidence,yhi confidence apne relatives ke saamne plis,0.2,0.7
268,you know vishal acha player hae par over confidence usmein saaf dikhai dee raha hae is season mein varun toh pata ni kya samajhta hae apne aap ko body banane or stunts karne mein difference hae or tamboli toh khair bamboli hae,you:EN know:EN vishal:HI acha:HI player:EN hae:HI par:HI over:EN confidence:EN usmein:HI saaf:HI dikhai:HI dee:HI raha:HI hae:HI is:HI season:EN mein:HI varun:HI toh:HI pata:HI ni:HI kya:HI samajhta:HI hae:HI apne:HI aap:HI ko:HI body:EN banane:HI or:EN stunts:EN karne:HI mein:HI difference:EN hae:HI or:EN tamboli:EN toh:HI khair:HI bamboli:EN hae:HI,player,acha player hae par over confidence usmein saaf dikhai dee raha hae,0.554,0.532
85,tumhare paas apne claim ko prove karne ka koi authentic chiz to hai nai to ird gird ki batei karke khudka majak udwate ho,tumhare:HI paas:HI apne:HI claim:EN ko:HI prove:EN karne:HI ka:HI koi:HI authentic:EN chiz:HI to:EN hai:HI nai:HI to:EN ird:HI gird:HI ki:HI batei:HI karke:HI khudka:HI majak:HI udwate:HI ho:HI,batei,ird gird ki batei karke khudka majak udwate ho,0.314,0.757
65,agher apne physics chemistry maths ke exams lene he the to selective subjects pr time kiun zaya kia gya,agher:HI apne:HI physics:EN chemistry:EN maths:EN ke:HI exams:EN lene:HI he:HI the:EN to:EN selective:EN subjects:EN pr:EN time:EN kiun:HI zaya:HI kia:HI gya:HI,physics chemistry maths ke exams,lene he the,0.578,0.5
311,mujhe unfollow karoge fir meri yaad me pal pal maroge apne tl se hataa ke mujhe meri hi yaad me aahe bharoge,mujhe:HI unfollow:HI karoge:HI fir:HI meri:HI yaad:HI me:HI pal:EN pal:EN maroge:HI apne:HI tl:EN se:HI hataa:HI ke:HI mujhe:HI meri:HI hi:HI yaad:HI me:HI aahe:HI bharoge:HI,unfollow,meri yaad me pal pal maroge,0.731,0.563
17,93 apne hi idol ki bolte please gym jao is pic ke bad,93:EN apne:HI hi:HI idol:EN ki:HI bolte:HI please:EN gym:EN jao:HI is:EN pic:EN ke:HI bad:EN,idol,please gym jao is pic ke bad,0.25,0.65
143,csir net notification abh notification aayga abh examination hoga but exam ke time virus yaad aata hai but the same politicians doing rallies without mask and at that point of time there is no virus arey sir jrf age criteria apne hi set kra hai,csir:EN net:EN notification:EN abh:HI notification:EN aayga:HI abh:HI examination:EN hoga:HI but:EN exam:EN ke:HI time:EN virus:EN yaad:HI aata:HI hai:HI but:EN the:EN same:EN politicians:EN doing:EN rallies:EN without:EN mask:EN and:EN at:EN that:EN point:EN of:EN time:EN there:EN is:EN no:EN virus:EN arey:HI sir:HI jrf:HI age:EN criteria:EN apne:HI hi:HI set:EN kra:HI hai:HI,examination,abh examination hoga,0.439,0.579
268,you know vishal acha player hae par over confidence usmein saaf dikhai dee raha hae is season mein varun toh pata ni kya samajhta hae apne aap ko body banane or stunts karne mein difference hae or tamboli toh khair bamboli hae,you:EN know:EN vishal:HI acha:HI player:EN hae:HI par:HI over:EN confidence:EN usmein:HI saaf:HI dikhai:HI dee:HI raha:HI hae:HI is:HI season:EN mein:HI varun:HI toh:HI pata:HI ni:HI kya:HI samajhta:HI hae:HI apne:HI aap:HI ko:HI body:EN banane:HI or:EN stunts:EN karne:HI mein:HI difference:EN hae:HI or:EN tamboli:EN toh:HI khair:HI bamboli:EN hae:HI,varun,pata ni kya samajhta hae apne aap ko body banane or stunts karne mein difference hae,0.378,0.593
535,seriously is tarh se apne image bana and politics me ana bht bdi baat h being bahijan and a lady it s too difficult to stand in this weak mentality society everyone should respect her as an human,seriously:EN is:EN tarh:HI se:HI apne:HI image:EN bana:HI and:EN politics:EN me:HI ana:HI bht:EN bdi:HI baat:HI h:EN being:EN bahijan:HI and:EN a:EN lady:EN it:EN s:EN too:EN difficult:EN to:EN stand:EN in:EN this:EN weak:EN mentality:EN society:EN everyone:EN should:EN respect:EN her:EN as:EN an:EN human:EN,image,is tarh se apne image bana and politics me ana bht bdi baat h,0.669,0.557
327,bhai bhagwaan ne tujhe achi popularity di hai biggboss ke baad ye aise baar baar apne songs ki promotions ke liye bhikmanga mat ban jaaya kar aisa lagta hai tu darrta hai kahin teri fan following naa zero ho jaaye,bhai:HI bhagwaan:HI ne:HI tujhe:HI achi:HI popularity:EN di:HI hai:HI biggboss:HI ke:HI baad:HI ye:HI aise:HI baar:HI baar:HI apne:HI songs:EN ki:HI promotions:EN ke:HI liye:HI bhikmanga:HI mat:HI ban:HI jaaya:HI kar:HI aisa:HI lagta:HI hai:HI tu:HI darrta:HI hai:HI kahin:HI teri:HI fan:EN following:EN naa:HI zero:EN ho:HI jaaye:HI,songs,baar baar apne songs ki promotions ke liye bhikmanga mat ban jaaya kar,0.226,0.603
431,haa ache se acting mat karvaana ache kapde nahi dena ache makeup nahi dena ache dialogues nahi dena ache story bhi nahi dena lekin promo zaroor dena oh bhai promo apne paas hi rakhiye aapke aur bhi shows hai jinhe promos chahiye ghumhaikisikeypyaarmeiin,haa:HI ache:HI se:HI acting:EN mat:HI karvaana:HI ache:HI kapde:HI nahi:HI dena:HI ache:HI makeup:EN nahi:HI dena:HI ache:HI dialogues:EN nahi:HI dena:HI ache:HI story:EN bhi:HI nahi:HI dena:HI lekin:HI promo:EN zaroor:HI dena:HI oh:EN bhai:HI promo:EN apne:HI paas:HI hi:HI rakhiye:HI aapke:HI aur:HI bhi:HI shows:EN hai:HI jinhe:HI promos:EN chahiye:HI ghumhaikisikeypyaarmeiin:HI,makeup,ache makeup nahi dena,0.15,0.65
376,momma aa hi jati hai apne son k sahi track pe lane,momma:HI aa:HI hi:HI jati:HI hai:HI apne:HI son:EN k:HI sahi:HI track:EN pe:HI lane:EN,momma,aa hi jati hai apne son k sahi track pe lane,0.74,0.486
194,mr daksh aibla agr bacho ko guide karna ya fir unko sahi galt smjhana yaa fir unko motivate karna apne hkk ki aawaj uthana yaa apne hkk k liye koyi bat rkhna bhadkna hai to theek hai hm bacho ko koyi problem ni hai or apne safe future k liye sir k sath hn hm b badkne or bhadkane k lia ready h,mr:EN daksh:HI aibla:HI agr:HI bacho:HI ko:HI guide:EN karna:HI ya:HI fir:HI unko:HI sahi:HI galt:HI smjhana:HI yaa:HI fir:HI unko:HI motivate:EN karna:HI apne:HI hkk:HI ki:HI aawaj:HI uthana:HI yaa:HI apne:HI hkk:HI k:HI liye:HI koyi:HI bat:EN rkhna:HI bhadkna:HI hai:HI to:HI theek:HI hai:HI hm:HI bacho:HI ko:HI koyi:HI problem:EN ni:HI hai:HI or:EN apne:HI safe:EN future:EN k:HI liye:HI sir:EN k:HI sath:HI hn:HI hm:HI b:EN badkne:HI or:EN bhadkane:HI k:HI lia:HI ready:EN h:EN,guide,agr bacho ko guide karna... bhadkna hai to theek hai,0.722,0.529
369,bhutiya do ghante kesar dekhte hain 12 ghante ki aur 4 ghante overtime lagate hain uska overtime bhi hamen nahin milta hai sar apne aap hi kha jaate sar isliye aap se nivedan hai ki aap kaarvayi karen,bhutiya:EN do:HI ghante:HI kesar:HI dekhte:HI hain:HI 12:EN ghante:HI ki:HI aur:HI 4:EN ghante:HI overtime:EN lagate:HI hain:HI uska:HI overtime:EN bhi:HI hamen:HI nahin:HI milta:HI hai:HI sar:HI apne:HI aap:HI hi:HI kha:HI jaate:HI sar:HI isliye:HI aap:HI se:HI nivedan:HI hai:HI ki:HI aap:HI kaarvayi:HI karen:HI,sar,apne aap hi kha jaate,0.467,0.723
255,har kisike aur ha hamare 35 koti bhagwan ka chehra to dekhne layak he himmat he to apne khuda ki photo dikha i mean ek baar allah ki photo to dikhana unke messenger ke saath i wanted to know just curious ab iss baat pe mera gala mat kaat dena ola uber,har:HI kisike:HI aur:HI ha:HI hamare:HI 35:EN koti:HI bhagwan:HI ka:HI chehra:HI to:HI dekhne:HI layak:HI he:HI himmat:HI he:HI to:HI apne:HI khuda:HI ki:HI photo:EN dikha:HI i:EN mean:EN ek:HI baar:HI allah:HI ki:HI photo:EN to:EN dikhana:HI unke:HI messenger:EN ke:HI saath:HI i:EN wanted:EN to:EN know:EN just:EN curious:EN ab:HI iss:HI baat:HI pe:HI mera:HI gala:HI mat:HI kaat:HI dena:HI ola:EN uber:EN,khuda,photo dikha,0.514,0.513
309,itni jaldi tweet kar dia apne purane record ke hisab se ek week baad tweet karte aur neeraj ki jagah neerja ko wish karte,itni:HI jaldi:HI tweet:EN kar:HI dia:EN apne:HI purane:HI record:EN ke:HI hisab:HI se:HI ek:HI week:EN baad:HI tweet:EN karte:HI aur:HI neeraj:HI ki:HI jagah:HI neerja:HI ko:HI wish:EN karte:HI,tweet,itni jaldi tweet kar dia,0.15,0.7
352,30 aree mera naam trend kr tha tha it doesn t matter ki apne kittne tweet kite hai,30:EN aree:HI mera:HI naam:HI trend:EN kr:EN tha:HI tha:HI it:EN doesn:EN t:EN matter:EN ki:HI apne:HI kittne:HI tweet:EN kite:EN hai:HI,naam,trend kr tha tha,0.537,0.504
461,sir ye wrx coin memo token jesa kyu chal raha re achanak 400 ke upar or abhi 91 ke upar ja hi sab coin pump ho rahe he wrx 80 90 holding ke chakkar me fas gaya hu parso vol 62l the aajto 25l ke niche aaye the kuch apne paise kharch karke 150 tak bhagao sell karke ache me entr,sir:HI ye:HI wrx:HI coin:EN memo:EN token:EN jesa:HI kyu:HI chal:HI raha:HI re:HI achanak:HI 400:EN ke:HI upar:HI or:EN abhi:HI 91:EN ke:HI upar:HI ja:HI hi:HI sab:HI coin:EN pump:EN ho:HI rahe:HI he:HI wrx:HI 80:EN 90:EN holding:EN ke:HI chakkar:HI me:HI fas:HI gaya:HI hu:HI parso:HI vol:EN 62l:HI the:EN aajto:HI 25l:EN ke:HI niche:HI aaye:HI the:HI kuch:HI apne:HI paise:HI kharch:HI karke:HI 150:EN tak:HI bhagao:HI sell:EN karke:HI ache:HI me:HI entr:EN,wrx coin,memo token jesa kyu chal raha re achanak 400 ke upar or abhi 91 ke upar ja hi sab coin pump ho rahe he wrx 80 90 holding ke chakkar me fas gaya,0.394,0.646
286,aruem nothing international armys ed sheeran ko trend krti hain aur philippines armys apne singer ko trend kr rahi hain isliye hum bhi krte hain,aruem:HI nothing:EN international:EN armys:EN ed:EN sheeran:EN ko:HI trend:EN krti:HI hain:HI aur:HI philippines:EN armys:EN apne:HI singer:EN ko:HI trend:EN kr:EN rahi:HI hain:HI isliye:HI hum:HI bhi:HI krte:HI hain:HI,singer,trend kr rahi hain,0.562,0.429
144,ma am ey chij 1947 se honi chahiye thi to aaj apne pas aur medal hote per in berojgar patrakaro ko kaun samjaye,ma:HI am:EN ey:HI chij:HI 1947:EN se:HI honi:HI chahiye:HI thi:HI to:HI aaj:HI apne:HI pas:HI aur:HI medal:EN hote:HI per:HI in:EN berojgar:HI patrakaro:HI ko:HI kaun:HI samjaye:HI,patrakaro,berojgar patrakaro ko kaun samjaye,0.15,0.75
354,abe black tickatiye ise kehte hai sanskar jo tum jaeso ke andar nahi diwali me har kisi ko mithai or holi me ham apni dusmani mitane ke liye apne dusmano ko bhi gale laga lete hai jitna mota sharir utna mota dimag,abe:HI black:EN tickatiye:HI ise:HI kehte:HI hai:HI sanskar:HI jo:HI tum:HI jaeso:HI ke:HI andar:HI nahi:HI diwali:HI me:HI har:HI kisi:HI ko:HI mithai:HI or:EN holi:HI me:HI ham:HI apni:HI dusmani:HI mitane:HI ke:HI liye:HI apne:HI dusmano:HI ko:HI bhi:HI gale:EN laga:HI lete:HI hai:HI jitna:HI mota:HI sharir:HI utna:HI mota:HI dimag:HI,sanskar,ise kehte hai sanskar jo tum jaeso ke andar nahi,0.15,0.75
555,in ind ye baba toh apne aagle career ki tayari mein joote hai na paris mein jo jaani hai isbar ek athlete ke taur pe,in:EN ind:EN ye:HI baba:HI toh:HI apne:HI aagle:HI career:EN ki:HI tayari:HI mein:HI joote:HI hai:HI na:HI paris:EN mein:HI jo:HI jaani:HI hai:HI isbar:HI ek:HI athlete:EN ke:HI taur:HI pe:HI,baba,apne aagle career ki tayari mein joote hai,0.2,0.65
417,yeh sab picture me hi acha lgta hai reality me to mulle apne behen k v bhai nh hote,yeh:HI sab:HI picture:EN me:HI hi:HI acha:HI lgta:HI hai:HI reality:EN me:HI to:EN mulle:EN apne:HI behen:HI k:HI v:EN bhai:HI nh:EN hote:HI,reality,mulle apne behen k v bhai nh hote,0.05,0.85
386,ajj ke baad kisi se interact nhi krunga bas sarre apne app ko celeb smjhte,ajj:HI ke:HI baad:HI kisi:HI se:HI interact:EN nhi:HI krunga:HI bas:HI sarre:HI apne:HI app:EN ko:HI celeb:EN smjhte:HI,celeb,sarre apne app ko celeb smjhte,0.15,0.75
463,aman567 yup best numbering apne qismat may seeda nikah likha hai,aman567:HI yup:EN best:EN numbering:EN apne:HI qismat:HI may:EN seeda:HI nikah:HI likha:HI hai:HI,numbering,best,0.917,0.535
453,please ab aajtaksports pr koi or acha chehra laiye bor hogye hain vikrant gupta se bahut bor krta hai ab to indiansports bhi badlega please vikrant gupta ko off camera kr do ye ab faltu bakswas jyada krta hai apne hi kisse sunata rehta aajtak cheers4india olympics,please:EN ab:HI aajtaksports:HI pr:EN koi:HI or:EN acha:HI chehra:HI laiye:HI bor:EN hogye:HI hain:HI vikrant:HI gupta:HI se:HI bahut:HI bor:EN krta:HI hai:HI ab:HI to:HI indiansports:HI bhi:HI badlega:HI please:EN vikrant:HI gupta:HI ko:HI off:EN camera:EN kr:EN do:EN ye:HI ab:HI faltu:HI bakswas:HI jyada:HI krta:HI hai:HI apne:HI hi:HI kisse:HI sunata:HI rehta:HI aajtak:HI cheers4india:HI olympics:EN,vikrant gupta,bahut bor krta hai ab to indiansports bhi badlega please vikrant gupta ko off camera kr do ye ab faltu bakswas jyada krta hai,0.302,0.645
262,pratik ne galat nahi kiya uska todha tone bolne ka sweet nahi hai but uska intention galat nahi tha shamita madam apne jiju ka frustration nikal rahi hai and divya vaidya jaise bajj rahi hai har ladai me and gandi galiyaan de rahi hai aur log usko rubi se compare kre hai,pratik:HI ne:HI galat:HI nahi:HI kiya:HI uska:HI todha:HI tone:EN bolne:HI ka:HI sweet:EN nahi:HI hai:HI but:EN uska:HI intention:EN galat:HI nahi:HI tha:HI shamita:HI madam:EN apne:HI jiju:HI ka:HI frustration:EN nikal:HI rahi:HI hai:HI and:EN divya:HI vaidya:HI jaise:HI bajj:HI rahi:HI hai:HI har:HI ladai:HI me:HI and:EN gandi:HI galiyaan:HI de:HI rahi:HI hai:HI aur:HI log:HI usko:HI rubi:HI se:HI compare:EN kre:HI hai:HI,intention,galat nahi tha,0.6,0.3
36,or wo egg ap teacher log apne ghar le jaye ge midemil puri tarah fail h school me sara rasan teacher le jate h ab boy girl ko khane ko khana purti krte h koi alag yojna bnao sir,or:EN wo:HI egg:EN ap:HI teacher:EN log:HI apne:HI ghar:HI le:HI jaye:HI ge:HI midemil:HI puri:HI tarah:HI fail:EN h:EN school:EN me:HI sara:HI rasan:HI teacher:EN le:HI jate:HI h:EN ab:HI boy:EN girl:EN ko:HI khane:HI ko:HI khana:HI purti:HI krte:HI h:EN koi:HI alag:HI yojna:HI bnao:HI sir:EN,yojna,koi alag yojna bnao,0.35,0.55
202,bas kr sebi bhut ho gya kab hum sahara sebi case k piche bhagte rhenge apne paiso k lye paisa wapas kro sebi,bas:HI kr:EN sebi:HI bhut:HI ho:HI gya:HI kab:HI hum:HI sahara:EN sebi:HI case:EN k:HI piche:HI bhagte:HI rhenge:HI apne:HI paiso:HI k:HI lye:EN paisa:HI wapas:HI kro:HI sebi:HI,paisa,paisa wapas kro,0.2,0.7
248,hamare vill tilakhara azamgarh 276203 up me ration card apne apne member ko bante ja rahe h chahe o patra ho ya n ho jab chaho list se name kat do mannmarji chal rahi h bahut hi ghotala ho raha h,hamare:HI vill:EN tilakhara:HI azamgarh:HI 276203:HI up:EN me:HI ration:EN card:EN apne:HI apne:HI member:EN ko:HI bante:HI ja:HI rahe:HI h:EN chahe:HI o:EN patra:HI ho:HI ya:HI n:EN ho:HI jab:HI chaho:HI list:EN se:HI name:EN kat:HI do:EN mannmarji:HI chal:HI rahi:HI h:EN bahut:HI hi:HI ghotala:EN ho:HI raha:HI h:EN,ration card,apne apne member ko bante ja rahe h chahe o patra ho ya n ho jab chaho list se name kat do mannmarji chal rahi h bahut hi ghotala ho raha h,0.332,0.63
514,someone you are a dog me sachi apne meri mammi ki mun ki baat cheen li,someone:EN you:EN are:EN a:EN dog:EN me:HI sachi:HI apne:HI meri:HI mammi:HI ki:HI mun:HI ki:HI baat:HI cheen:HI li:HI,dog,you are a dog,0.351,0.6
420,lost girl92 ye apne youth se khud hi pareshan hai other youth let s take decision on future for better living pakistan s youth hey bro which ammo is for this gun and where imraan khan wants some medals at world stages,lost:EN girl92:HI ye:HI apne:HI youth:EN se:HI khud:HI hi:HI pareshan:HI hai:HI other:EN youth:EN let:EN s:EN take:EN decision:EN on:EN future:EN for:EN better:EN living:EN pakistan:EN s:EN youth:EN hey:EN bro:EN which:EN ammo:EN is:EN for:EN this:EN gun:EN and:EN where:EN imraan:HI khan:EN wants:EN some:EN medals:EN at:EN world:EN stages:EN,youth,apne youth se khud hi pareshan hai,0.618,0.626
585,aap apni nazron ki fikr karo uss k parday ki fikr uss pe chorro sb apne apne amaal k zimedar hain hisaab kitab allah ka kaam hai aap ka ya mera nahi aur dilon ka haal b sirf allah janta hai apko munkir nakeer kisi ne nahi rakha hua k dusron ka swab o jaza ginte raho beth k,aap:HI apni:HI nazron:HI ki:HI fikr:HI karo:HI uss:HI k:HI parday:HI ki:HI fikr:HI uss:HI pe:HI chorro:HI sb:EN apne:HI apne:HI amaal:HI k:HI zimedar:HI hain:HI hisaab:HI kitab:HI allah:HI ka:HI kaam:HI hai:HI aap:HI ka:HI ya:HI mera:HI nahi:HI aur:HI dilon:HI ka:HI haal:HI b:EN sirf:HI allah:HI janta:HI hai:HI apko:HI munkir:HI nakeer:HI kisi:HI ne:HI nahi:HI rakha:HI hua:HI k:HI dusron:HI ka:HI swab:EN o:EN jaza:HI ginte:HI raho:HI beth:HI k:HI,hisaab kitab,hisaab kitab allah ka kaam hai,0.6,0.35
298,ab jab problem me samjh nhi aa rha kya bole to apne step father china ko yaad karlo yahi aukat hai porkistanis ki 4 war hindustan se hare 93000 coward soldiers ne surrender kiya kargil me marva li phir bhi kashmir chahiye beggers ko,ab:HI jab:HI problem:EN me:HI samjh:HI nhi:HI aa:HI rha:HI kya:HI bole:HI to:HI apne:HI step:EN father:EN china:EN ko:HI yaad:HI karlo:HI yahi:HI aukat:HI hai:HI porkistanis:HI ki:HI 4:EN war:EN hindustan:HI se:HI hare:HI 93000:HI coward:EN soldiers:EN ne:HI surrender:EN kiya:HI kargil:HI me:HI marva:EN li:HI phir:HI bhi:HI kashmir:HI chahiye:HI beggers:HI ko:HI,porkistanis,yahi aukat hai porkistanis ki,0.05,0.85
185,singh waise oci card ka size kya hota hai apne bete se puchh ke bataiye,singh:HI waise:HI oci:EN card:EN ka:HI size:EN kya:HI hota:HI hai:HI apne:HI bete:HI se:HI puchh:HI ke:HI bataiye:HI,oci card,size kya hota hai apne bete se puchh ke bataiye,0.15,0.75
528,dekh bhal wse tum hmare bhai ho lekin jb sruwat tum kroge to ham bi chup na rhne wale ham lahor bus le kr gay tum kargil me aa gay kya mila dil chota na kr bas apne walo ko samja ki ase koe harket na kre ki ajay sir ko fir asi movie bnani pde jai hind,dekh:HI bhal:HI wse:HI tum:HI hmare:HI bhai:HI ho:HI lekin:HI jb:EN sruwat:HI tum:HI kroge:HI to:HI ham:HI bi:EN chup:HI na:HI rhne:HI wale:HI ham:HI lahor:EN bus:EN le:HI kr:EN gay:EN tum:HI kargil:HI me:HI aa:HI gay:EN kya:HI mila:HI dil:HI chota:HI na:HI kr:EN bas:HI apne:HI walo:HI ko:HI samja:HI ki:HI ase:HI koe:HI harket:EN na:HI kre:HI ki:HI ajay:HI sir:EN ko:HI fir:HI asi:HI movie:EN bnani:HI pde:HI jai:HI hind:EN,movie,asi movie bnani pde,0.646,0.48
51,introvert s things mujhe apne log irdgird achay lagtay hain,introvert:EN s:EN things:EN mujhe:HI apne:HI log:HI irdgird:HI achay:HI lagtay:HI hain:HI,apne log,irdgird achay lagtay hain,0.75,0.4
199,pakistan pr nae pakistanke genral aur siystadano pr lagni chiye jino me afgani kuto ko pakistan me panah de aur un kuto le auz milne walo paiso se apne bacho ko uk aur us me parhaya aur wha settle kia sanctionpakistan,pakistan:EN pr:EN nae:HI pakistanke:HI genral:HI aur:HI siystadano:HI pr:EN lagni:HI chiye:HI jino:HI me:HI afgani:HI kuto:HI ko:HI pakistan:EN me:HI panah:HI de:HI aur:HI un:HI kuto:HI le:HI auz:HI milne:HI walo:HI paiso:HI se:HI apne:HI bacho:HI ko:HI uk:EN aur:HI us:HI me:HI parhaya:HI aur:HI wha:HI settle:EN kia:HI sanctionpakistan:HI,genral,lagni chiye,0.05,0.85
62,up ab nyaay hoga jo galti purane b tech walo ne ki ab wo naye b tech holder nhi krenge wo ladenge apne haq ke liye apne liye aur future aspirants ke liye jai hind jai bharat jai up,up:EN ab:HI nyaay:HI hoga:HI jo:HI galti:HI purane:HI b:EN tech:EN walo:HI ne:HI ki:HI ab:HI wo:HI naye:HI b:EN tech:EN holder:EN nhi:HI krenge:HI wo:HI ladenge:HI apne:HI haq:HI ke:HI liye:HI apne:HI liye:HI aur:HI future:EN aspirants:EN ke:HI liye:HI jai:HI hind:EN jai:HI bharat:HI jai:HI up:EN,nyaay,ab nyaay hoga,0.82,0.7
266,chopra1 mujhe iski koi jarurat nahin hai tum apne gaan me daal lo bc main sabhi actor actress ki ijjat karta hun,chopra1:HI mujhe:HI iski:HI koi:HI jarurat:HI nahin:HI hai:HI tum:HI apne:HI gaan:EN me:HI daal:HI lo:HI bc:EN main:HI sabhi:HI actor:EN actress:EN ki:HI ijjat:HI karta:HI hun:HI,actor,main sabhi actor actress ki ijjat karta hun,0.636,0.456
190,aman history ki kise padi h inhone apne fayde ke hisaab se pic share krdi sir ji buzurg h pension ka sahara b to chahiye islye lge rehte h dalali krne kya pta koi pad mil jaye,aman:HI history:EN ki:HI kise:HI padi:HI h:EN inhone:HI apne:HI fayde:HI ke:HI hisaab:HI se:HI pic:EN share:EN krdi:HI sir:HI ji:HI buzurg:HI h:EN pension:EN ka:HI sahara:EN b:EN to:EN chahiye:HI islye:HI lge:HI rehte:HI h:EN dalali:HI krne:HI kya:HI pta:HI koi:HI pad:HI mil:HI jaye:HI,dalali,lge rehte h,0.1,0.75
380,aise bahut se log aapko apne aas paas mil jayenge jo apse is baat per ladenge ki nehru ji muslim the ek to ye bolne lage aaj tak saree history hi galat padhai gayi hai kyoki sare education minister muslim the had hai,aise:HI bahut:HI se:HI log:HI aapko:HI apne:HI aas:HI paas:HI mil:HI jayenge:HI jo:HI apse:HI is:HI baat:HI per:HI ladenge:HI ki:HI nehru:HI ji:HI muslim:EN the:HI ek:HI to:HI ye:HI bolne:HI lage:HI aaj:HI tak:HI saree:HI history:EN hi:HI galat:HI padhai:HI gayi:HI hai:HI kyoki:HI sare:HI education:EN minister:EN muslim:EN the:EN had:EN hai:HI,history,galat padhai gayi hai,0.15,0.65
25,aapne apne kafil ko kyu dhoka diya bhai sab pehle se hi plan tha na india jaakr biwi k sath youtube pr numaaish kr k haram ka paisa kamaana tha halal ki roti to hazam nhi horahi thi right na bhai nvr expected,aapne:HI apne:HI kafil:HI ko:HI kyu:HI dhoka:HI diya:HI bhai:HI sab:HI pehle:HI se:HI hi:HI plan:EN tha:HI na:HI india:EN jaakr:HI biwi:HI k:HI sath:HI youtube:EN pr:EN numaaish:HI kr:EN k:HI haram:HI ka:HI paisa:HI kamaana:HI tha:HI halal:HI ki:HI roti:HI to:EN hazam:HI nhi:HI horahi:HI thi:HI right:EN na:HI bhai:HI nvr:EN expected:EN,kafil,dhoka diya,0.12,0.85
549,ankit ye sab kaam hume nahi sikhaya jata vese yahi soch ke sath aaj kal kai festival bhi kharab kar diye gye h apne indian jese holi and navratri vagarh ye soch galat h bhai,ankit:HI ye:HI sab:HI kaam:HI hume:HI nahi:HI sikhaya:HI jata:HI vese:HI yahi:HI soch:HI ke:HI sath:HI aaj:HI kal:HI kai:HI festival:EN bhi:HI kharab:HI kar:HI diye:HI gye:HI h:EN apne:HI indian:EN jese:HI holi:HI and:EN navratri:HI vagarh:HI ye:HI soch:HI galat:HI h:EN bhai:HI,navratri,kharab kar diye gye h,0.15,0.7
259,olympics me medal har kisi ko chahie but har kisi ko apne bacho ko khelte hue bhi ni dekha jata,olympics:EN me:HI medal:EN har:HI kisi:HI ko:HI chahie:HI but:EN har:HI kisi:HI ko:HI apne:HI bacho:HI ko:HI khelte:HI hue:HI bhi:HI ni:HI dekha:HI jata:HI,medal,har kisi ko chahie,0.5,0.4
96,baat theek ey jo hua zulm ey pr aj kl jo maa baap apne bachon ko zrorat se ziada azadi date hain to yh sb hota ey,baat:HI theek:HI ey:HI jo:HI hua:HI zulm:HI ey:HI pr:EN aj:HI kl:EN jo:HI maa:HI baap:HI apne:HI bachon:HI ko:HI zrorat:HI se:HI ziada:HI azadi:HI date:EN hain:HI to:HI yh:EN sb:EN hota:HI ey:HI,azadi,zrorat se ziada azadi date hain to yh sb hota ey,0.376,0.508
361,mishra chewingum padh to le kya likha hai tum lynching genocide enjoy krte ho karlo pr ganga yamuna se apne logo ki laashe uthalo phle,mishra:HI chewingum:EN padh:HI to:EN le:HI kya:HI likha:HI hai:HI tum:HI lynching:EN genocide:EN enjoy:EN krte:HI ho:HI karlo:HI pr:EN ganga:HI yamuna:HI se:HI apne:HI logo:EN ki:HI laashe:HI uthalo:HI phle:HI,laashe,ganga yamuna se apne logo ki uthalo phle,0.26,0.538
483,desh mein jahar bechane waale ye chand log hain enko apne aap sudhar karne ki jaroorat hai agar aisa nahi karte to enka complete bahiskar karana chahiye tabhi ye laaton ke bhoot maanege jay hind,desh:HI mein:HI jahar:EN bechane:HI waale:HI ye:HI chand:HI log:HI hain:HI enko:HI apne:HI aap:HI sudhar:HI karne:HI ki:HI jaroorat:HI hai:HI agar:HI aisa:HI nahi:HI karte:HI to:HI enka:EN complete:EN bahiskar:HI karana:HI chahiye:HI tabhi:HI ye:HI laaton:EN ke:HI bhoot:HI maanege:HI jay:HI hind:EN,log,desh mein jahar bechane waale ye chand log hain enko apne aap sudhar karne ki jaroorat hai,0.298,0.627
394,sirf maa ko hi respect krta h or dusre ladki k disrespect yehi sikha h kia lol k liye kisi ladki ko kuch hi bol dega chal tujhe bolna hi bekar h or sun mujhe dm or spam mt kia kr or gandi baat mt bolna samjha apne haad me rha kr,sirf:HI maa:HI ko:HI hi:HI respect:EN krta:HI h:EN or:EN dusre:HI ladki:HI k:HI disrespect:EN yehi:HI sikha:HI h:EN kia:HI lol:HI k:HI liye:HI kisi:HI ladki:HI ko:HI kuch:HI hi:HI bol:HI dega:HI chal:HI tujhe:HI bolna:HI hi:HI bekar:HI h:EN or:EN sun:HI mujhe:HI dm:EN or:EN spam:EN mt:EN kia:HI kr:EN or:EN gandi:HI baat:HI mt:EN bolna:HI samjha:HI apne:HI haad:HI me:HI rha:HI kr:EN,haad,apne haad me rha kr,0.1,0.75
432,kiska kaam hain usko kaaboo mein rakne ke liye agar theek se pad lete humare neta toh jaan jaate kaise karna hain aur kaise public ko jyada bhugata nahi padega agar entire political science ke degree main nahi padaya toh kam se kam apne finance minister ko padhate,kiska:HI kaam:HI hain:HI usko:HI kaaboo:HI mein:HI rakne:HI ke:HI liye:HI agar:HI theek:HI se:HI pad:HI lete:HI humare:HI neta:HI toh:HI jaan:HI jaate:HI kaise:HI karna:HI hain:HI aur:HI kaise:HI public:EN ko:HI jyada:HI bhugata:HI nahi:HI padega:HI agar:HI entire:EN political:EN science:EN ke:HI degree:EN main:HI nahi:HI padaya:HI toh:HI kam:HI se:HI kam:HI apne:HI finance:EN minister:EN ko:HI padhate:HI,neta,theek se pad lete toh jaan jaate kaise karna hain,0.442,0.465
588,meenamma jab bhi main apne appa ke saamne tumhe dekhti tum mundi hilana rahul kya hilana 8 years of blockbustr express 8yearsofatgchennaiexpress,meenamma:EN jab:HI bhi:HI main:HI apne:HI appa:HI ke:HI saamne:HI tumhe:HI dekhti:HI tum:HI mundi:HI hilana:HI rahul:HI kya:HI hilana:HI 8:EN years:EN of:EN blockbustr:HI express:EN 8yearsofatgchennaiexpress:HI,acting,mundi hilana,0.2,0.7
227,kaash mein jitni parwaah kart hun logo ki aap bhi karte aapko toh sirf apne credit apne karma aur sirf aapne aap se matlab hota hai you are not able to treat right to one person who can give everything for the world overall mein permanent nahi but aap toh ho,kaash:HI mein:HI jitni:HI parwaah:HI kart:EN hun:HI logo:EN ki:HI aap:HI bhi:HI karte:HI aapko:HI toh:HI sirf:HI apne:HI credit:EN apne:HI karma:EN aur:HI sirf:HI aapne:HI aap:HI se:HI matlab:HI hota:HI hai:HI you:EN are:EN not:EN able:EN to:EN treat:EN right:EN to:EN one:EN person:EN who:EN can:EN give:EN everything:EN for:EN the:EN world:EN overall:EN mein:HI permanent:EN nahi:HI but:EN aap:HI toh:HI ho:HI,aap,permanent nahi,0.2,0.7
531,sid ke fans hi bhut hain sid ko pyaar dene ke liye tum apne nalle ki tension lo kahi twitter per aana band naa kar de,sid:EN ke:HI fans:EN hi:HI bhut:HI hain:HI sid:EN ko:HI pyaar:HI dene:HI ke:HI liye:HI tum:HI apne:HI nalle:EN ki:HI tension:EN lo:HI kahi:HI twitter:EN per:HI aana:HI band:HI naa:HI kar:HI de:HI,nalle,tension lo kahi twitter per aana band naa kar de,0.317,0.769
593,isko band kardo aur in jaison ko band karo ya apne mulk us bhejdo,isko:HI band:EN kardo:HI aur:HI in:EN jaison:EN ko:HI band:HI karo:HI ya:HI apne:HI mulk:HI us:HI bhejdo:HI,isko,band kardo,0.399,0.651
530,aajao 1v1 phir mai bhi apne yt pe dalunga this girl call me noob wali videos bhaisab views hi views honge,aajao:HI 1v1:HI phir:HI mai:HI bhi:HI apne:HI yt:EN pe:HI dalunga:HI this:EN girl:EN call:EN me:EN noob:EN wali:HI videos:EN bhaisab:HI views:EN hi:HI views:EN honge:HI,videos,bhaisab views hi views honge,0.817,0.773
61,mai dholak sir ko mandir chhod aata waha pandit apne trike se baja dete iss dholki wale ko sir waise kanpur mai kya kr rhe ho dholakpur chle jaao chhota bheem intezar kar raha hoga aapka,mai:HI dholak:EN sir:EN ko:HI mandir:HI chhod:HI aata:HI waha:HI pandit:HI apne:HI trike:EN se:HI baja:HI dete:HI iss:HI dholki:EN wale:HI ko:HI sir:EN waise:HI kanpur:HI mai:HI kya:HI kr:EN rhe:HI ho:HI dholakpur:HI chle:HI jaao:HI chhota:HI bheem:HI intezar:HI kar:HI raha:HI hoga:HI aapka:HI,iss dholki wale ko,kanpur mai kya kr rhe ho dholakpur chle jaao chhota bheem intezar kar raha hoga aapka,0.18,0.72
98,halat dekho 1 decade se ban rha khel gao m hockey ka utghatan hua h ye halat h sports ki india m ye dono patries apne apne time m isse inaugurate hi kre jaa rhe h aur zameen bech rhe pvt school ko cc to chutiya parties of india,halat:HI dekho:HI 1:EN decade:EN se:HI ban:HI rha:HI khel:HI gao:HI m:EN hockey:EN ka:HI utghatan:HI hua:HI h:EN ye:HI halat:HI h:EN sports:EN ki:HI india:EN m:EN ye:HI dono:HI patries:HI apne:HI apne:HI time:EN m:EN isse:HI inaugurate:EN hi:HI kre:HI jaa:HI rhe:HI h:EN aur:HI zameen:HI bech:HI rhe:HI pvt:EN school:EN ko:HI cc:EN to:EN chutiya:HI parties:EN of:EN india:EN,khel,1 decade se ban rha,0.209,0.623
321,indo apne purvajo k religion ko follow kr k unki aatmaao ko saanti de sako sab aap log to bahot badhiya kab tak dusre religion ka bhaar dhote rahoge,indo:EN apne:HI purvajo:HI k:HI religion:EN ko:HI follow:EN kr:EN k:HI unki:HI aatmaao:HI ko:HI saanti:HI de:HI sako:HI sab:HI aap:HI log:HI to:HI bahot:HI badhiya:HI kab:HI tak:HI dusre:HI religion:EN ka:HI bhaar:HI dhote:EN rahoge:HI,religion,apne purvajo k religion ko follow kr k unki aatmaao ko saanti de sako sab aap log to bahot badhiya kab tak dusre religion ka bhaar dhote rahoge,0.15,0.8
58,bro ismein apni nakami wali konsi bat hai pakistani backward areas apne dekhe nhi hain waqif hotin to ye comment na detin meri itni intelligent classfellows ko sirf larki hone ki waja se opportunities avail nhi karne din it s your luck ke apko ache log mil gaye,bro:EN ismein:HI apni:HI nakami:HI wali:HI konsi:HI bat:EN hai:HI pakistani:EN backward:EN areas:EN apne:HI dekhe:HI nhi:HI hain:HI waqif:HI hotin:EN to:HI ye:HI comment:EN na:HI detin:HI meri:HI itni:HI intelligent:EN classfellows:HI ko:HI sirf:HI larki:HI hone:HI ki:HI waja:HI se:HI opportunities:EN avail:EN nhi:HI karne:HI din:HI it:EN s:EN your:EN luck:EN ke:HI apko:HI ache:HI log:HI mil:HI gaye:HI,ache log,it s your luck ke apko ache log mil gaye,0.635,0.489
254,u r diverting this is not my answer atleast u should be on your point baby otherwise us joote par thookio aur apne muh pe de maro,u:EN r:EN diverting:EN this:EN is:EN not:EN my:EN answer:EN atleast:EN u:EN should:EN be:EN on:EN your:EN point:EN baby:EN otherwise:EN us:HI joote:HI par:HI thookio:HI aur:HI apne:HI muh:HI pe:HI de:HI maro:HI,answer,u r diverting this is not my answer,0.317,0.593
452,biryanii but aside they also need someone to be there alwaaays for them how matter worst the situation is ham hai hamesha but har kisi ke apne jagah hote hai that can t be replaced,biryanii:HI but:EN aside:EN they:EN also:EN need:EN someone:EN to:EN be:EN there:EN alwaaays:HI for:EN them:EN how:EN matter:EN worst:EN the:EN situation:EN is:EN ham:HI hai:HI hamesha:HI but:EN har:HI kisi:HI ke:HI apne:HI jagah:HI hote:HI hai:HI that:EN can:EN t:EN be:EN replaced:EN,biryanii,but aside they also need someone to be there alwaaays for them,0.51,0.427
491,jasminbhasin kya samjhayegi apne negative fans ko wo khud negativity amp jealousy ki dukan h that s why public ne use top10 se bahar kar diya jabki nikkitamboli abhi young h but kafi mature h hamesa nikkians ko positivity sikhati h is best but,jasminbhasin:HI kya:HI samjhayegi:HI apne:HI negative:EN fans:EN ko:HI wo:HI khud:HI negativity:EN amp:EN jealousy:EN ki:HI dukan:HI h:EN that:EN s:EN why:EN public:EN ne:HI use:HI top10:EN se:HI bahar:HI kar:HI diya:HI jabki:HI nikkitamboli:HI abhi:HI young:EN h:EN but:EN kafi:HI mature:EN h:EN hamesa:HI nikkians:HI ko:HI positivity:EN sikhati:HI h:EN is:EN best:EN but:EN,jasminbhasin,negativity amp jealousy ki dukan h,0.133,0.683
244,fake corona positive walo ka bhi physical conduct kraya apne chance dia unko hme bhi ek chance dedo please hm bhi fake corona bnwa skte the pr humne apna genuine reason rkha to mam ap bhi thoda cooperate kare please or physical date provide kare thanq,fake:EN corona:EN positive:EN walo:HI ka:HI bhi:HI physical:EN conduct:EN kraya:HI apne:HI chance:EN dia:EN unko:HI hme:HI bhi:HI ek:HI chance:EN dedo:HI please:EN hm:HI bhi:HI fake:EN corona:EN bnwa:HI skte:HI the:HI pr:EN humne:HI apna:HI genuine:EN reason:EN rkha:HI to:HI mam:EN ap:HI bhi:HI thoda:HI cooperate:EN kare:HI please:EN or:EN physical:EN date:EN provide:EN kare:HI thanq:HI,physical date,cooperate kare please or physical date provide kare,0.61,0.509
204,han agar situation aisi thi to kuch bhi nahi ho sakta tha but manage acha kar sakte thai aik din pehle ki flight and aik din gap deke wapsi ki taake beech me rest bhi hojata aur usually tourneys apne time sai aage hi jate hain lan pe,han:HI agar:HI situation:EN aisi:HI thi:HI to:HI kuch:HI bhi:HI nahi:HI ho:HI sakta:HI tha:HI but:EN manage:EN acha:HI kar:HI sakte:HI thai:EN aik:HI din:HI pehle:HI ki:HI flight:EN and:EN aik:HI din:HI gap:EN deke:HI wapsi:HI ki:HI taake:HI beech:EN me:HI rest:EN bhi:HI hojata:HI aur:HI usually:EN tourneys:EN apne:HI time:EN sai:HI aage:HI hi:HI jate:HI hain:HI lan:EN pe:HI,manage,acha kar sakte thai,0.45,0.5
223,ha apne bachon ko dikhane ke lia rakh sakte hai pr tb tk ghar walo ke hat lag gye to na shadi hogi aur na bacche,ha:HI apne:HI bachon:HI ko:HI dikhane:HI ke:HI lia:HI rakh:HI sakte:HI hai:HI pr:EN tb:EN tk:HI ghar:HI walo:HI ke:HI hat:EN lag:HI gye:HI to:HI na:HI shadi:HI hogi:HI aur:HI na:HI bacche:HI,shadi,na shadi hogi,0.15,0.55
119,that s not dar fear that s emotional intelligence an art to not get provoked unnecessarily jis din samajh paaoge to apne aap samajh jaaoge emotional intelligence is the name of the game,that:EN s:EN not:EN dar:HI fear:EN that:EN s:EN emotional:EN intelligence:EN an:EN art:EN to:EN not:EN get:EN provoked:EN unnecessarily:EN jis:HI din:HI samajh:HI paaoge:HI to:HI apne:HI aap:HI samajh:HI jaaoge:HI emotional:EN intelligence:EN is:EN the:EN name:EN of:EN the:EN game:EN,emotional intelligence,an art to not get provoked unnecessarily,0.674,0.582
522,ma am please help me mai aap ko bahut dino se sms kar raha hu par shayad aap ne dekha he nahi please 1chance ma am meri hell kar do please mujhe kaam ki jarurat hai aap ke ek chote se help se mera career start ho gaye ga mai bhi apne ma papa ke liye kuch kar pauga,ma:HI am:EN please:EN help:EN me:EN mai:HI aap:HI ko:HI bahut:HI dino:HI se:HI sms:EN kar:HI raha:HI hu:HI par:HI shayad:HI aap:HI ne:HI dekha:HI he:HI nahi:HI please:EN 1chance:HI ma:HI am:EN meri:HI hell:EN kar:HI do:HI please:EN mujhe:HI kaam:HI ki:HI jarurat:HI hai:HI aap:HI ke:HI ek:HI chote:HI se:HI help:EN se:HI mera:HI career:EN start:EN ho:HI gaye:HI ga:HI mai:HI bhi:HI apne:HI ma:HI papa:EN ke:HI liye:HI kuch:HI kar:HI pauga:HI,help,please help me mai aap ko bahut dino se sms kar raha hu par shayad aap ne dekha he nahi,0.501,0.539
366,wo pochna ye tha ye jo logg apne hi reply pe reply dete hai bhae konsa nasha karte hooo,wo:HI pochna:HI ye:HI tha:HI ye:HI jo:HI logg:EN apne:HI hi:HI reply:EN pe:HI reply:EN dete:HI hai:HI bhae:HI konsa:HI nasha:HI karte:HI hooo:HI,logg,apne hi reply pe reply dete hai,0.15,0.75
595,nalla squad aur naazians twitter pe fake salmanic banne ka drama band kar de to accha hoga salmanic or sidhearts dono hatred face karte hai apne idol ki age ko lekar apne idol ki success ko lekar tumhara drama smjh aata kyu ki tumhe lagta hai bhai naaz aur nalle ko cast,nalla:HI squad:EN aur:HI naazians:HI twitter:EN pe:HI fake:EN salmanic:HI banne:HI ka:HI drama:EN band:HI kar:HI de:HI to:HI accha:HI hoga:HI salmanic:HI or:EN sidhearts:HI dono:HI hatred:EN face:EN karte:HI hai:HI apne:HI idol:EN ki:HI age:EN ko:HI lekar:HI apne:HI idol:EN ki:HI success:EN ko:HI lekar:HI tumhara:HI drama:EN smjh:HI aata:HI kyu:HI ki:HI tumhe:HI lagta:HI hai:HI bhai:HI naaz:HI aur:HI nalle:EN ko:HI cast:EN,success,hatred face karte hai,0.252,0.63
217,uditraj ch0mu pehle tweet main c0 apne abb ko bataya tha decide kar le coach hai kaun k k,uditraj:HI ch0mu:HI pehle:HI tweet:EN main:HI c0:EN apne:HI abb:HI ko:HI bataya:HI tha:HI decide:EN kar:HI le:HI coach:EN hai:HI kaun:HI k:HI k:HI,uditraj,ch0mu,0.15,0.75
188,bahi fallow to kr diya mgr app apne follower or fallowing ko b dekhe na bahi app b fallow back de,bahi:HI fallow:EN to:EN kr:EN diya:HI mgr:EN app:EN apne:HI follower:EN or:EN fallowing:EN ko:HI b:EN dekhe:HI na:HI bahi:HI app:EN b:EN fallow:EN back:EN de:HI,follower,apne follower or fallowing ko b dekhe na,0.548,0.444
36,or wo egg ap teacher log apne ghar le jaye ge midemil puri tarah fail h school me sara rasan teacher le jate h ab boy girl ko khane ko khana purti krte h koi alag yojna bnao sir,or:EN wo:HI egg:EN ap:HI teacher:EN log:HI apne:HI ghar:HI le:HI jaye:HI ge:HI midemil:HI puri:HI tarah:HI fail:EN h:EN school:EN me:HI sara:HI rasan:HI teacher:EN le:HI jate:HI h:EN ab:HI boy:EN girl:EN ko:HI khane:HI ko:HI khana:HI purti:HI krte:HI h:EN koi:HI alag:HI yojna:HI bnao:HI sir:EN,teacher,sara rasan teacher le jate h,0.43,0.602
90,correction it started with sar tan se juda apne hi religion ko dhang se pahdlo madam,correction:EN it:EN started:EN with:EN sar:HI tan:EN se:HI juda:HI apne:HI hi:HI religion:EN ko:HI dhang:HI se:HI pahdlo:HI madam:EN,religion,sar tan se juda apne hi religion ko dhang se pahdlo,0.404,0.688
56,traders ko justice tbi mil payga jb govt inke favour me kuch faisle lega jisse ye apne business me profits kama paaayee justicefortraders,traders:EN ko:HI justice:EN tbi:EN mil:HI payga:HI jb:EN govt:EN inke:HI favour:EN me:HI kuch:HI faisle:HI lega:HI jisse:HI ye:HI apne:HI business:EN me:HI profits:EN kama:HI paaayee:HI justicefortraders:HI,business,profits kama paaayee,0.45,0.55
230,kitna baar dokha kahogay when they are minority they trend this type of tag but when they are majority they become hinduphobic in par bharosa krna matlab apne per par kulhadi marna hinduo savdhan yh sirf dikhava hai jab tk yh minority me h,kitna:HI baar:HI dokha:HI kahogay:HI when:EN they:EN are:EN minority:EN they:EN trend:EN this:EN type:EN of:EN tag:EN but:EN when:EN they:EN are:EN majority:EN they:EN become:EN hinduphobic:HI in:EN par:HI bharosa:HI krna:HI matlab:HI apne:HI per:HI par:HI kulhadi:HI marna:HI hinduo:HI savdhan:HI yh:EN sirf:HI dikhava:HI hai:HI jab:HI tk:HI yh:EN minority:EN me:HI h:EN,dikhava,yh sirf dikhava hai,0.15,0.7
573,tere jaise mandbudhi logo ko ab koi puchta nhi tumhara propaganda ye ghisa pita dialogue ab nhi chalega mere pyare ghonchumal isliye ab apne gyan ko dalo apni gand me shanti tum logo se nhi aa sakti tum logo se sirf gulami aa sakti ha jo pahle bhi aa chuki ha,tere:HI jaise:HI mandbudhi:HI logo:EN ko:HI ab:HI koi:HI puchta:HI nhi:HI tumhara:HI propaganda:EN ye:HI ghisa:EN pita:HI dialogue:EN ab:HI nhi:HI chalega:HI mere:HI pyare:HI ghonchumal:HI isliye:HI ab:HI apne:HI gyan:HI ko:HI dalo:HI apni:HI gand:HI me:HI shanti:HI tum:HI logo:EN se:HI nhi:HI aa:HI sakti:HI tum:HI logo:EN se:HI sirf:HI gulami:HI aa:HI sakti:HI ha:HI jo:HI pahle:HI bhi:HI aa:HI chuki:HI ha:HI,shanti,tum logo se nhi aa sakti,0.309,0.448
132,hun yawr ayein bro shout dun recent tweet pr ja kr apne handle drop krdein,hun:HI yawr:HI ayein:HI bro:EN shout:EN dun:HI recent:EN tweet:EN pr:EN ja:HI kr:EN apne:HI handle:EN drop:EN krdein:HI,tweet,shout dun recent tweet pr ja kr apne handle drop krdein,0.585,0.534
48,mein v changa mera peo v changa meri maa v changi ristdaar baki apko pata hi hain suna hoga apne b yeh song,mein:HI v:EN changa:HI mera:HI peo:HI v:EN changa:HI meri:HI maa:HI v:EN changi:EN ristdaar:HI baki:HI apko:HI pata:HI hi:HI hain:HI suna:HI hoga:HI apne:HI b:EN yeh:HI song:EN,ristdaar,baki apko pata hi hain,0.35,0.55
8,phir tere katora khan ne kyu li vaccine bhikari tum logo ne terrorist ke alwa kuch banaya hai aajtak vaccine ki bhi bhik mang rahe kabhi humse kabhi apne dusare baap china se apni betiyon ko bech diya china me areee sharam kar kuch betiyon ki haram ki kmayi se desh chala rahe,phir:HI tere:HI katora:HI khan:EN ne:HI kyu:HI li:HI vaccine:EN bhikari:HI tum:HI logo:EN ne:HI terrorist:EN ke:HI alwa:HI kuch:HI banaya:HI hai:HI aajtak:HI vaccine:EN ki:HI bhi:HI bhik:HI mang:HI rahe:HI kabhi:HI humse:HI kabhi:HI apne:HI dusare:HI baap:HI china:EN se:HI apni:HI betiyon:HI ko:HI bech:HI diya:HI china:EN me:HI areee:HI sharam:HI kar:HI kuch:HI betiyon:HI ki:HI haram:HI ki:HI kmayi:HI se:HI desh:HI chala:HI rahe:HI,katora khan,ne kyu li vaccine bhikari,0.275,0.71
195,pratik ne bhi aaj galiyan di hai anpad gawaar bhi kaha fake toh pratik hai jabse aaya hai divya aur varun ke piche pada hai paglo jaise apne dam pe nahi khel sakta fake arrogance dikhata hai bas,pratik:HI ne:HI bhi:HI aaj:HI galiyan:HI di:HI hai:HI anpad:HI gawaar:HI bhi:HI kaha:HI fake:EN toh:HI pratik:HI hai:HI jabse:HI aaya:HI hai:HI divya:HI aur:HI varun:HI ke:HI piche:HI pada:HI hai:HI paglo:HI jaise:HI apne:HI dam:EN pe:HI nahi:HI khel:HI sakta:HI fake:EN arrogance:EN dikhata:HI hai:HI bas:HI,pratik,fake toh pratik hai,0.111,0.602
216,pehli baar 10 min dekha bbott aur apne pe gussa aa rha kyu dekha sab ke sab drama kar rhe h abhi tak kuch buht shareef ban rhe h aur kuch chilla rhe h after 2 week in rkv style shuru ke hafte the na bhai sab sharafat se aa rhe the ab sab ki sharafat bahr aa rahi hain,pehli:HI baar:HI 10:EN min:EN dekha:HI bbott:HI aur:HI apne:HI pe:HI gussa:HI aa:HI rha:HI kyu:HI dekha:HI sab:HI ke:HI sab:HI drama:EN kar:HI rhe:HI h:EN abhi:HI tak:HI kuch:HI buht:HI shareef:HI ban:HI rhe:HI h:EN aur:HI kuch:HI chilla:HI rhe:HI h:EN after:EN 2:EN week:EN in:EN rkv:HI style:EN shuru:HI ke:HI hafte:HI the:EN na:HI bhai:HI sab:HI sharafat:HI se:HI aa:HI rhe:HI the:HI ab:HI sab:HI ki:HI sharafat:HI bahr:HI aa:HI rahi:HI hain:HI,bbott,pehli baar 10 min dekha,0.35,0.4
598,sir ap buhat sincere hai apne kaam ko leke no doubt but sir ek request hai jo b directives ap issue kre covid kelye uspr implementation b karwaye na tu pvt offices taiyar hai staff minimum bulane ko na apke govt office wale please apne govt office mai tu sops implement karwaale,sir:HI ap:HI buhat:HI sincere:EN hai:HI apne:HI kaam:HI ko:HI leke:HI no:EN doubt:EN but:EN sir:EN ek:HI request:EN hai:HI jo:HI b:EN directives:EN ap:HI issue:EN kre:HI covid:HI kelye:HI uspr:HI implementation:EN b:EN karwaye:HI na:HI tu:HI pvt:EN offices:EN taiyar:HI hai:HI staff:EN minimum:EN bulane:HI ko:HI na:HI apke:HI govt:EN office:EN wale:HI please:EN apne:HI govt:EN office:EN mai:HI tu:HI sops:EN implement:EN karwaale:HI,govt office,sops implement karwaale,0.485,0.611
226,desh hit mai apne abhi tak kya kiya sirf nafrat key ilawa apka logo ka ek he agenda sirf ek jatti dhram ko gali 2 logo mai nafrat bato yeah hai apki deshbhaqti,desh:HI hit:EN mai:HI apne:HI abhi:HI tak:HI kya:HI kiya:HI sirf:HI nafrat:HI key:HI ilawa:HI apka:HI logo:EN ka:HI ek:HI he:HI agenda:EN sirf:HI ek:HI jatti:HI dhram:HI ko:HI gali:HI 2:EN logo:EN mai:HI nafrat:HI bato:HI yeah:EN hai:HI apki:HI deshbhaqti:HI,agenda,logo ka ek he agenda sirf ek jatti dhram ko gali,0.341,0.542
344,ye kesa pm h jo apne desh k logo k liye healthy anaj bhi nhi available kra pa rha h or apne advt m desh k logo ka paisa waist kiye ja rha h nhi sambhal rha h desh to kursi s utar kyu nhi jate ho 1947 m le jakr hi manoge kya utaro kursi s,ye:HI kesa:HI pm:EN h:EN jo:HI apne:HI desh:HI k:HI logo:EN k:HI liye:HI healthy:EN anaj:HI bhi:HI nhi:HI available:EN kra:HI pa:HI rha:HI h:EN or:EN apne:HI advt:HI m:EN desh:HI k:HI logo:EN ka:HI paisa:HI waist:EN kiye:HI ja:HI rha:HI h:EN nhi:HI sambhal:HI rha:HI h:EN desh:HI to:EN kursi:HI s:EN utar:HI kyu:HI nhi:HI jate:HI ho:HI 1947:EN m:EN le:HI jakr:HI hi:HI manoge:HI kya:HI utaro:HI kursi:HI s:EN,kursi,nhi sambhal rha h desh to kursi s utar kyu nhi jate ho,0.3,0.675
75,apne baap ko sabse neeche rakha hai khiloda gt gt gt gt gt chindi star,apne:HI baap:HI ko:HI sabse:HI neeche:HI rakha:HI hai:HI khiloda:HI gt:EN gt:EN gt:EN gt:EN gt:EN chindi:EN star:EN,khiloda,apne baap ko sabse neeche rakha hai,0.08,0.85
500,qureshi1 hug srf apne shohor ko karo baki koi dukh batna hai tw allah se se bato woh dil halka nanoseconds s3 bhi jldi krta hai,qureshi1:HI hug:EN srf:EN apne:HI shohor:HI ko:HI karo:HI baki:HI koi:HI dukh:HI batna:HI hai:HI tw:HI allah:HI se:HI se:HI bato:HI woh:HI dil:HI halka:HI nanoseconds:EN s3:EN bhi:HI jldi:HI krta:HI hai:HI,dukh,allah se se bato woh dil halka nanoseconds s3 bhi jldi krta hai,0.85,0.7
349,ham sab log chhoti credit ko support karenge to apne india ko support karenge bus yahi soch kar hamen india ke chhote traders ko support karna hai justicefortraders,ham:HI sab:HI log:HI chhoti:HI credit:EN ko:HI support:EN karenge:HI to:HI apne:HI india:EN ko:HI support:EN karenge:HI bus:EN yahi:HI soch:HI kar:HI hamen:HI india:EN ke:HI chhote:HI traders:EN ko:HI support:EN karna:HI hai:HI justicefortraders:HI,chhoti credit,support karenge,0.831,0.461
188,bahi fallow to kr diya mgr app apne follower or fallowing ko b dekhe na bahi app b fallow back de,bahi:HI fallow:EN to:EN kr:EN diya:HI mgr:EN app:EN apne:HI follower:EN or:EN fallowing:EN ko:HI b:EN dekhe:HI na:HI bahi:HI app:EN b:EN fallow:EN back:EN de:HI,fallow back,app b fallow back de,0.484,0.444
534,dhuup nikalti hain apne saath subah mein roshnii laati hui haryali phuul pattiyaan khilte hain phuulon pe birds butterflies baithti hain rang birangi titiliyaan fly karti rehti hain uparwale ne dharti kitni pyaari banayi hain dekhiye nature ne phuulon ko kitna pyaara,dhuup:HI nikalti:HI hain:HI apne:HI saath:HI subah:HI mein:HI roshnii:HI laati:HI hui:HI haryali:EN phuul:HI pattiyaan:HI khilte:EN hain:HI phuulon:HI pe:HI birds:EN butterflies:EN baithti:HI hain:HI rang:EN birangi:EN titiliyaan:HI fly:EN karti:HI rehti:HI hain:HI uparwale:HI ne:HI dharti:HI kitni:HI pyaari:HI banayi:HI hain:HI dekhiye:HI nature:EN ne:HI phuulon:HI ko:HI kitna:HI pyaara:HI,titiliyaan,rang birangi fly karti rehti hain,0.779,0.727
221,who has seen god food parmatma apne atmaon ko kabhi kasht nahin hone dete jo unki sharan mein hain call braham jo 84 lakh yoni mein dal ke rakhta hai hai vah unhen 84 lakh yoni se nikalne nahin deta purn parmatma unhen apni bhakti dekar nikale jaate hain gyan ganga padhen,who:EN has:EN seen:EN god:EN food:EN parmatma:EN apne:HI atmaon:HI ko:HI kabhi:HI kasht:HI nahin:HI hone:HI dete:HI jo:HI unki:HI sharan:HI mein:HI hain:HI call:EN braham:EN jo:HI 84:EN lakh:HI yoni:HI mein:HI dal:HI ke:HI rakhta:HI hai:HI hai:HI vah:HI unhen:HI 84:EN lakh:HI yoni:HI se:HI nikalne:HI nahin:HI deta:HI purn:HI parmatma:EN unhen:HI apni:HI bhakti:HI dekar:HI nikale:HI jaate:HI hain:HI gyan:HI ganga:HI padhen:HI,food,who has seen god,0.539,0.404
80,ejecteject defense joint failure fighter 17 pakistani yo apne ghabrana nehi,ejecteject:HI defense:EN joint:EN failure:EN fighter:EN 17:EN pakistani:EN yo:EN apne:HI ghabrana:HI nehi:HI,fighter 17,defense joint failure,0.299,0.652
275,sirf apne chehre pe 2 pimpels hone se preshaan si ho gyi ab us pagal ko kon samjaaye daag to chaand pe bhi hua krte h,sirf:HI apne:HI chehre:HI pe:HI 2:EN pimpels:HI hone:HI se:HI preshaan:HI si:HI ho:HI gyi:HI ab:HI us:HI pagal:HI ko:HI kon:HI samjaaye:HI daag:HI to:EN chaand:HI pe:HI bhi:HI hua:HI krte:HI h:EN,chehre,2 pimpels hone se preshaan si ho gyi,0.519,0.496
120,i was also watching live sir one teacher perhaps was of physical he took direct your name saying apne bola ki cm nai chahate aplog ki appointments faltu man pta nai kaun tha sir,i:EN was:EN also:EN watching:EN live:EN sir:EN one:EN teacher:EN perhaps:EN was:EN of:EN physical:EN he:HI took:EN direct:EN your:EN name:EN saying:EN apne:HI bola:HI ki:HI cm:EN nai:HI chahate:HI aplog:HI ki:HI appointments:EN faltu:HI man:EN pta:HI nai:HI kaun:HI tha:HI sir:EN,teacher,took direct your name saying apne bola ki cm nai chahate aplog ki appointments faltu man,0.476,0.543
100,adarniya mukhyamantri g apna u p bharat me jansankhya ke drshii se sabase bada state hai bahut dukh ke sath kahana pad rha hai ki apna u p olympic me ek bhi khiladi nahi gya jisase apne u p ka durbhagya hai u p me talents ki kami nahi hai kripya isape vichar kare,adarniya:HI mukhyamantri:EN g:HI apna:HI u:EN p:EN bharat:HI me:HI jansankhya:HI ke:HI drshii:HI se:HI sabase:HI bada:HI state:EN hai:HI bahut:HI dukh:HI ke:HI sath:HI kahana:HI pad:HI rha:HI hai:HI ki:HI apna:HI u:EN p:EN olympic:EN me:HI ek:HI bhi:HI khiladi:HI nahi:HI gya:HI jisase:HI apne:HI u:EN p:EN ka:HI durbhagya:HI hai:HI u:EN p:EN me:HI talents:EN ki:HI kami:HI nahi:HI hai:HI kripya:HI isape:HI vichar:HI kare:HI,talents,talents ki kami nahi hai,0.7,0.5
33,jaise he orange shirt wale ne mulle jab kaate jayenge kaha pointed banda apne dost ko lekar waha se nikal pada isko delhi pe bharosa nahi hai,jaise:HI he:HI orange:EN shirt:EN wale:HI ne:HI mulle:EN jab:HI kaate:HI jayenge:HI kaha:HI pointed:EN banda:HI apne:HI dost:HI ko:HI lekar:HI waha:HI se:HI nikal:HI pada:HI isko:HI delhi:EN pe:HI bharosa:HI nahi:HI hai:HI,delhi,bharosa nahi hai,0.2,0.55
3,gill main first time bb13 ko apne friends ke yaha dekhi mujhe bigboss me koi intrest nahi tha but jaise hi shehnaaz ki entry huwi us din se bb13 ke har ek episodes dekhi but aaj bhi main bigboss house me shehnaaz ko hi dhoondhti hoo i miss you shehnaaz and miss you bb13 shehnaazgiii,gill:EN main:HI first:EN time:EN bb13:HI ko:HI apne:HI friends:EN ke:HI yaha:HI dekhi:HI mujhe:HI bigboss:HI me:HI koi:HI intrest:EN nahi:HI tha:HI but:EN jaise:HI hi:HI shehnaaz:HI ki:HI entry:EN huwi:HI us:HI din:HI se:HI bb13:HI ke:HI har:HI ek:HI episodes:EN dekhi:HI but:EN aaj:HI bhi:HI main:HI bigboss:HI house:EN me:HI shehnaaz:HI ko:HI hi:HI dhoondhti:HI hoo:HI i:EN miss:EN you:EN shehnaaz:HI and:EN miss:EN you:EN bb13:HI shehnaazgiii:HI,shehnaaz ki entry,us din se bb13 ke har ek episodes dekhi,0.702,0.579
1,sanatan 0809 tiding luna in ham bowling krte hai aap apne stump bhjao,sanatan:HI 0809:HI tiding:EN luna:EN in:EN ham:HI bowling:EN krte:HI hai:HI aap:HI apne:HI stump:EN bhjao:HI,bowling,ham bowling krte hai,0.592,0.369
493,people say making friends is a big task main toh sidha crush ko ask out karta hoon apne aap hi friends bante hai,people:EN say:EN making:EN friends:EN is:EN a:EN big:EN task:EN main:HI toh:HI sidha:HI crush:EN ko:HI ask:EN out:EN karta:HI hoon:HI apne:HI aap:HI hi:HI friends:EN bante:HI hai:HI,friends,making friends is a big task main toh sidha crush ko ask out karta hoon apne aap hi friends bante hai,0.726,0.519
34,mast joke mara re jaise bhagwan ne buddhi alag alag bana ke de rakhi h bhai mere privileged log rote h khilouno ke liye garib ke bache kuch bhi utha ke khilaouna bana lete h apne liye,mast:EN joke:EN mara:HI re:HI jaise:HI bhagwan:HI ne:HI buddhi:HI alag:HI alag:HI bana:HI ke:HI de:HI rakhi:HI h:EN bhai:HI mere:HI privileged:EN log:HI rote:HI h:EN khilouno:HI ke:HI liye:HI garib:HI ke:HI bache:HI kuch:HI bhi:HI utha:HI ke:HI khilaouna:HI bana:HI lete:HI h:EN apne:HI liye:HI,garib ke bache,kuch bhi utha ke khilaouna bana lete h apne liye,0.55,0.45
318,sahi kaha apne brother congress sarkar ke 70 saal ke period mein ek bhi gunda nhi tha sab itne kitne khush the or charon taraf jobs bhi thi log bahut rich hua karte the roads bhi silver ki thi and everywhere there was prosperity but modi sarkar mein sab barbad ho gaye,sahi:HI kaha:HI apne:HI brother:EN congress:EN sarkar:HI ke:HI 70:EN saal:HI ke:HI period:EN mein:HI ek:HI bhi:HI gunda:HI nhi:HI tha:HI sab:HI itne:HI kitne:HI khush:HI the:HI or:EN charon:HI taraf:HI jobs:EN bhi:HI thi:HI log:HI bahut:HI rich:EN hua:HI karte:HI the:HI roads:EN bhi:HI silver:EN ki:HI thi:HI and:EN everywhere:EN there:EN was:EN prosperity:EN but:EN modi:HI sarkar:HI mein:HI sab:HI barbad:HI ho:HI gaye:HI,sarkar,sab barbad ho gaye,0.1,0.7
437,m par kya karun apne seerat se majboor hoon eternal love of mayukar mayukarforever,m:EN par:HI kya:HI karun:HI apne:HI seerat:HI se:HI majboor:HI hoon:HI eternal:EN love:EN of:EN mayukar:HI mayukarforever:HI,seerat,apne seerat se majboor hoon,0.5,0.4
455,mondaythoughts apne lye hi sab karte h koi dusro ke lye nhi karta mondaymotivation but dusro ke lye karke dekho kabhi bohat acha lagega,mondaythoughts:HI apne:HI lye:EN hi:HI sab:HI karte:HI h:EN koi:HI dusro:HI ke:HI lye:EN nhi:HI karta:HI mondaymotivation:HI but:EN dusro:HI ke:HI lye:EN karke:HI dekho:HI kabhi:HI bohat:HI acha:HI lagega:HI,mondaymotivation,dusro ke lye karke dekho kabhi bohat acha lagega,0.614,0.548
567,to tu hi to apne dharam se hata hai sikhs were the rulers of undivided punjab and j amp k mere laal history padh kaun bhikhari aur kaun raja,to:HI tu:HI hi:HI to:HI apne:HI dharam:HI se:HI hata:HI hai:HI sikhs:EN were:EN the:EN rulers:EN of:EN undivided:EN punjab:HI and:EN j:EN amp:EN k:HI mere:HI laal:HI history:EN padh:HI kaun:HI bhikhari:EN aur:HI kaun:HI raja:HI,raja,kaun bhikhari aur kaun raja,0.2,0.75
273,bhaiya agar apko amdani itni he badh gayi hai to kyu nahi ap aj se he 200 dekr petrol khareedna shuru krdete ho ise he andhbhakti kehte hai 2014 ke badse waise bohat kuch badhgya hai berojgari apne charam par hai 40saal ke record tod diya inhone,bhaiya:HI agar:HI apko:HI amdani:HI itni:HI he:HI badh:HI gayi:HI hai:HI to:HI kyu:HI nahi:HI ap:HI aj:HI se:HI he:HI 200:EN dekr:HI petrol:EN khareedna:HI shuru:HI krdete:HI ho:HI ise:HI he:HI andhbhakti:HI kehte:HI hai:HI 2014:EN ke:HI badse:HI waise:HI bohat:HI kuch:HI badhgya:HI hai:HI berojgari:HI apne:HI charam:HI par:HI hai:HI 40saal:HI ke:HI record:EN tod:EN diya:HI inhone:HI,amdani,itni he badh gayi hai,0.15,0.75
459,sir ye wala tweet apne delete q kr diya agar waiting list nikalti h to hm logo ka fayda hoga,sir:HI ye:HI wala:HI tweet:EN apne:HI delete:EN q:EN kr:EN diya:HI agar:HI waiting:EN list:EN nikalti:HI h:EN to:EN hm:HI logo:EN ka:HI fayda:HI hoga:HI,tweet,delete q kr diya,0.346,0.399
440,king1 par tumhara mulk certified bhikari hai jo bina aid k apne logo ko khana bhi nahi khila sakta hai imran aur bajwa dono ka ek hi kaam hai kiski jeb saaf karna hai tum arab countries aur china ke paltu kutte ho agar wo roti na dale to tumhari kom bhuki mar jaye,king1:HI par:HI tumhara:HI mulk:HI certified:EN bhikari:HI hai:HI jo:HI bina:HI aid:EN k:HI apne:HI logo:EN ko:HI khana:HI bhi:HI nahi:HI khila:HI sakta:HI hai:HI imran:HI aur:HI bajwa:HI dono:HI ka:HI ek:HI hi:HI kaam:HI hai:HI kiski:HI jeb:HI saaf:HI karna:HI hai:HI tum:HI arab:EN countries:EN aur:HI china:EN ke:HI paltu:HI kutte:HI ho:HI agar:HI wo:HI roti:HI na:HI dale:HI to:HI tumhari:HI kom:HI bhuki:HI mar:HI jaye:HI,bajwa,dono ka ek hi kaam hai kiski jeb saaf karna hai,0.427,0.823
597,ji india shahed tum logon ke maata pita ne acchi parvarish ki hogi lekin tum logon ko badla hum musalmaan ne nahi balke bjp walon ne aur yati narsing saraswati jaise logon ne badal diya hai apne hate speeches se yehi satya hai tu chahe maan ya na maan tum log phirse desh ke tukde karaoge,ji:HI india:EN shahed:EN tum:HI logon:HI ke:HI maata:HI pita:HI ne:HI acchi:HI parvarish:HI ki:HI hogi:HI lekin:HI tum:HI logon:HI ko:HI badla:HI hum:HI musalmaan:HI ne:HI nahi:HI balke:HI bjp:EN walon:HI ne:HI aur:HI yati:EN narsing:HI saraswati:HI jaise:HI logon:HI ne:HI badal:HI diya:HI hai:HI apne:HI hate:EN speeches:EN se:HI yehi:HI satya:HI hai:HI tu:HI chahe:HI maan:HI ya:HI na:HI maan:HI tum:HI log:HI phirse:HI desh:HI ke:HI tukde:HI karaoge:HI,desh,phirse tukde karaoge,0.05,0.9
554,bjp sab jagah fail huyi he hindu muslim ke alava aur koi chara nahi he apne failure ko chupane ke liye agar musalman jawab me kuch bhi bolega to godi media gaghra utha kar dance karegi,bjp:EN sab:HI jagah:HI fail:EN huyi:HI he:HI hindu:EN muslim:EN ke:HI alava:HI aur:HI koi:HI chara:HI nahi:HI he:HI apne:HI failure:EN ko:HI chupane:HI ke:HI liye:HI agar:HI musalman:HI jawab:HI me:HI kuch:HI bhi:HI bolega:HI to:HI godi:HI media:EN gaghra:HI utha:HI kar:HI dance:EN karegi:HI,bjp,sab jagah fail huyi he hindu muslim ke alava aur koi chara nahi he apne failure ko chupane ke liye,0.27,0.69
170,are bhai yeh 1 ft ke chinese c hote hai inse bahash karke apne time waste mat karo aek lappar mein hi sara iski dadagiri nikal jayegi google please translate it,are:EN bhai:HI yeh:HI 1:EN ft:EN ke:HI chinese:EN c:EN hote:HI hai:HI inse:HI bahash:HI karke:HI apne:HI time:EN waste:EN mat:HI karo:HI aek:EN lappar:HI mein:HI hi:HI sara:HI iski:HI dadagiri:EN nikal:HI jayegi:HI google:EN please:EN translate:EN it:EN,bhash,inse bahash karke apne time waste mat karo,0.259,0.52
580,show ka satyanash to dekho yaar adi pehle angry young man tha phir kabir singh bana aur ab jhonny sins yuck voldemort ek concubine jaisa behave kar rahe hai when she knows she is not legally married wo jake apne he jeeja pe dore daar rahe hai,show:EN ka:HI satyanash:HI to:EN dekho:HI yaar:HI adi:HI pehle:HI angry:EN young:EN man:EN tha:HI phir:HI kabir:HI singh:HI bana:HI aur:HI ab:HI jhonny:EN sins:EN yuck:EN voldemort:EN ek:HI concubine:EN jaisa:HI behave:EN kar:HI rahe:HI hai:HI when:EN she:EN knows:EN she:EN is:EN not:EN legally:EN married:EN wo:HI jake:HI apne:HI he:HI jeeja:HI pe:HI dore:EN daar:HI rahe:HI hai:HI,voldemort,concubine jaisa behave kar rahe hai,0.316,0.564
322,ind tera chacha tahir hussain kyu band hai tihar jail mein tum logo ki dikkat yahi hai apne kaum ke galat logo ka bhi support karte ho isiliye tum logo se kuch bhi len den karna theek nahi kyuki kabhi bhi muuh uthakar bol doge muslim par atyachar ho raha hai is desh mein,ind:EN tera:HI chacha:HI tahir:HI hussain:HI kyu:HI band:HI hai:HI tihar:HI jail:EN mein:HI tum:HI logo:EN ki:HI dikkat:HI yahi:HI hai:HI apne:HI kaum:EN ke:HI galat:HI logo:EN ka:HI bhi:HI support:EN karte:HI ho:HI isiliye:HI tum:HI logo:EN se:HI kuch:HI bhi:HI len:HI den:EN karna:HI theek:HI nahi:HI kyuki:HI kabhi:HI bhi:HI muuh:HI uthakar:HI bol:HI doge:HI muslim:EN par:HI atyachar:HI ho:HI raha:HI hai:HI is:HI desh:HI mein:HI,kaum,galat logo ka bhi support karte ho,0.345,0.617
109,ab aap hashtag use nahi karoge apne tweet mei to chalega trend is over,ab:HI aap:HI hashtag:EN use:HI nahi:HI karoge:HI apne:HI tweet:EN mei:HI to:HI chalega:HI trend:EN is:EN over:EN,hashtag,use nahi karoge apne tweet mei to chalega trend is over,0.469,0.385
21,well honey there is no democracy in china even you cant criticize chinese govt like like you are doing with indian govt u are exercising maximum no of freedom in indian demo but can t do in china apne thali main chhed karne bale khud kyon nahi gold le aye,well:EN honey:EN there:EN is:EN no:EN democracy:EN in:EN china:EN even:EN you:EN cant:EN criticize:EN chinese:EN govt:EN like:EN like:EN you:EN are:EN doing:EN with:EN indian:EN govt:EN u:EN are:EN exercising:EN maximum:EN no:EN of:EN freedom:EN in:EN indian:EN demo:EN but:EN can:EN t:EN do:EN in:EN china:EN apne:HI thali:HI main:HI chhed:HI karne:HI bale:EN khud:HI kyon:HI nahi:HI gold:EN le:HI aye:HI,democracy in china,there is no democracy,0.355,0.5
302,kisi ko khule aam police ke samne marna aur law apne hath me lena sahi memes banana galat so much double standard i am surprised why she hasn t been arrested yet something fishy,kisi:HI ko:HI khule:HI aam:HI police:EN ke:HI samne:HI marna:HI aur:HI law:EN apne:HI hath:HI me:HI lena:HI sahi:HI memes:EN banana:EN galat:HI so:EN much:EN double:EN standard:EN i:EN am:EN surprised:EN why:EN she:EN hasn:EN t:EN been:EN arrested:EN yet:EN something:EN fishy:EN,memes,memes banana galat,0.356,0.465
596,bajajfinance personal loan ki madad se maine apne start up ko touchwood expand kar lia abhi bohat sahi chal raha hai sab,bajajfinance:HI personal:EN loan:EN ki:HI madad:HI se:HI maine:HI apne:HI start:EN up:EN ko:HI touchwood:EN expand:EN kar:HI lia:HI abhi:HI bohat:HI sahi:HI chal:HI raha:HI hai:HI sab:HI,start up,bohat sahi chal raha hai,0.9,0.5
380,aise bahut se log aapko apne aas paas mil jayenge jo apse is baat per ladenge ki nehru ji muslim the ek to ye bolne lage aaj tak saree history hi galat padhai gayi hai kyoki sare education minister muslim the had hai,aise:HI bahut:HI se:HI log:HI aapko:HI apne:HI aas:HI paas:HI mil:HI jayenge:HI jo:HI apse:HI is:HI baat:HI per:HI ladenge:HI ki:HI nehru:HI ji:HI muslim:EN the:HI ek:HI to:HI ye:HI bolne:HI lage:HI aaj:HI tak:HI saree:HI history:EN hi:HI galat:HI padhai:HI gayi:HI hai:HI kyoki:HI sare:HI education:EN minister:EN muslim:EN the:EN had:EN hai:HI,log,had hai,0.1,0.8
258,who has seen god satguru rampal ji maharaj apne a aadhyatmik gyan se sabhi dharm granth kaun se praman kar rahe hain purn parmatma kabir dev hai jinhone 6 din mein srishti rachi aur ham sabhi ko banaa adhik jankari ke liye padhaai gyan ganga pustak,who:EN has:EN seen:EN god:EN satguru:HI rampal:HI ji:HI maharaj:HI apne:HI a:EN aadhyatmik:HI gyan:HI se:HI sabhi:HI dharm:HI granth:EN kaun:HI se:HI praman:HI kar:HI rahe:HI hain:HI purn:HI parmatma:EN kabir:HI dev:HI hai:HI jinhone:HI 6:EN din:HI mein:HI srishti:HI rachi:HI aur:HI ham:HI sabhi:HI ko:HI banaa:HI adhik:HI jankari:HI ke:HI liye:HI padhaai:HI gyan:HI ganga:HI pustak:HI,pustak,padhaai gyan ganga pustak,0.8,0.5
402,ab general kishan in 2000 se apne bachche ache school me padha sakta he jahan general hone ke naam par ushke bache sabshe jayada merit laaye aur sabshe jyada fee 2 se 3 lakh de kyoki usko jaatiwaad ke naam par aap log jitna daba rahe ho ab wo sochta hoga kyo india me paida hua,ab:HI general:EN kishan:HI in:EN 2000:EN se:HI apne:HI bachche:HI ache:HI school:EN me:HI padha:HI sakta:HI he:HI jahan:HI general:EN hone:HI ke:HI naam:HI par:HI ushke:HI bache:HI sabshe:HI jayada:HI merit:EN laaye:HI aur:HI sabshe:HI jyada:HI fee:EN 2:EN se:HI 3:EN lakh:HI de:HI kyoki:HI usko:HI jaatiwaad:HI ke:HI naam:HI par:HI aap:HI log:HI jitna:HI daba:HI rahe:HI ho:HI ab:HI wo:HI sochta:HI hoga:HI kyo:HI india:EN me:HI paida:HI hua:HI,school,ache school me padha sakta he jahan general hone ke naam par ushke bache sabshe jayada merit laaye aur sabshe jyada fee 2 se 3 lakh de,0.15,0.75
524,imran khan pml q ke hathoon yarghamaal he imran khan ku apne awar parayoon kee kam pehchan he aaj ferdus ashaq kal dr gel awar pher fayaz chuhaan kee baaree he,imran:HI khan:EN pml:EN q:EN ke:HI hathoon:HI yarghamaal:HI he:HI imran:HI khan:EN ku:EN apne:HI awar:EN parayoon:HI kee:HI kam:HI pehchan:HI he:HI aaj:HI ferdus:HI ashaq:HI kal:HI dr:EN gel:EN awar:EN pher:HI fayaz:HI chuhaan:HI kee:HI baaree:HI he:HI,imran khan,pml q ke hathoon yarghamaal he imran khan ku apne awar parayoon kee kam pehchan he,0.446,0.521
113,rehne de bhai ye same dna wale apne hi log tumara ac udva denge,rehne:HI de:HI bhai:HI ye:HI same:EN dna:EN wale:HI apne:HI hi:HI log:HI tumara:HI ac:EN udva:HI denge:HI,dna,same dna wale apne hi log tumara ac udva denge,0.15,0.7
335,tum log apne leader samet zillat se hi jeo ghe aur zillat se hi marro ghe ye tumarib qismat ha insha allah,tum:HI log:HI apne:HI leader:EN samet:HI zillat:HI se:HI hi:HI jeo:EN ghe:EN aur:HI zillat:HI se:HI hi:HI marro:HI ghe:EN ye:HI tumarib:HI qismat:HI ha:HI insha:EN allah:HI,leader,zillat se hi jeo ghe aur zillat se hi marro ghe ye tumarib qismat ha,0.442,0.823
382,it s not about hypocrites lmao sab ke apne reason hote hain but seems like too much work in my opinion,it:EN s:EN not:EN about:EN hypocrites:EN lmao:HI sab:HI ke:HI apne:HI reason:EN hote:HI hain:HI but:EN seems:EN like:EN too:EN much:EN work:EN in:EN my:EN opinion:EN,work,too much,0.425,0.45
388,accha but mujhe kahan tu hi busy h apne close once ke saath,accha:HI but:EN mujhe:HI kahan:HI tu:HI hi:HI busy:EN h:EN apne:HI close:EN once:EN ke:HI saath:HI,tu,busy h apne close once ke saath,0.22,0.65
464,please apne kuch kuch tweets mai starplus aur deeya ko tag karte aoo fansdemandsaakks2 shauryaauranokhikikahani,please:EN apne:HI kuch:HI kuch:HI tweets:EN mai:HI starplus:HI aur:HI deeya:EN ko:HI tag:EN karte:HI aoo:EN fansdemandsaakks2:HI shauryaauranokhikikahani:HI,tweets,apne kuch kuch tweets mai starplus aur deeya ko tag karte aoo,0.581,0.426
249,from gaadiwale ne haan boldiya to main apne husband ke gaadi main nahi baith sakti ahh how beautiful this journey is we want ipzn2,from:EN gaadiwale:HI ne:HI haan:HI boldiya:HI to:HI main:HI apne:HI husband:EN ke:HI gaadi:HI main:HI nahi:HI baith:HI sakti:HI ahh:HI how:EN beautiful:EN this:EN journey:EN is:EN we:EN want:EN ipzn2:HI,journey,how beautiful this journey is,0.15,0.8
600,j26 ye baat ti sahi h ye apne party ke members ko safe nhi rakh sakte bangal hi dekh lo aur congress to apne pm ko hi nhi,j26:HI ye:HI baat:HI ti:HI sahi:HI h:EN ye:HI apne:HI party:EN ke:HI members:EN ko:HI safe:EN nhi:HI rakh:HI sakte:HI bangal:HI hi:HI dekh:HI lo:HI aur:HI congress:EN to:HI apne:HI pm:EN ko:HI hi:HI nhi:HI,congress,apne pm ko hi nhi,0.467,0.698
564,didi inhe abdul hi accha lgta hai hindu to bhot bure hote hai inke liye jab ye abdul se pyar karti hai to inhe apne maa baap bhi bure lagne lagte hai aur baise jise apne maa baap ki chinta na ho un logo k saath yahi hona chahiye,didi:HI inhe:HI abdul:EN hi:HI accha:HI lgta:HI hai:HI hindu:EN to:HI bhot:HI bure:HI hote:HI hai:HI inke:HI liye:HI jab:HI ye:HI abdul:EN se:HI pyar:HI karti:HI hai:HI to:HI inhe:HI apne:HI maa:HI baap:HI bhi:HI bure:HI lagne:HI lagte:HI hai:HI aur:HI baise:EN jise:HI apne:HI maa:HI baap:HI ki:HI chinta:HI na:HI ho:HI un:HI logo:EN k:HI saath:HI yahi:HI hona:HI chahiye:HI,hindu,bhot bure hote hai,0.15,0.65
24,central gov se lekar state gov ke saath 2 hmare samaj ko bhi sports ke prati jagrit hona pdega parents ko bhi apne bacchon ka support amp uske sath hmesha khda rhna padega meri sari gov and logo se haath jodkar prathna hai sport ke prati lagav rakhiye 1 nhi bahut gold ayega promies,central:EN gov:EN se:HI lekar:HI state:EN gov:EN ke:HI saath:HI 2:EN hmare:HI samaj:HI ko:HI bhi:HI sports:EN ke:HI prati:HI jagrit:HI hona:HI pdega:HI parents:EN ko:HI bhi:HI apne:HI bacchon:HI ka:HI support:EN amp:EN uske:HI sath:HI hmesha:HI khda:HI rhna:HI padega:HI meri:HI sari:HI gov:EN and:EN logo:EN se:HI haath:HI jodkar:HI prathna:HI hai:HI sport:EN ke:HI prati:HI lagav:HI rakhiye:HI 1:EN nhi:HI bahut:HI gold:EN ayega:HI promies:HI,samaj,sports ke prati jagrit hona pdega,0.716,0.617
304,abe ghut ghut ke jeene se matlab ha ki apni aankho ke samne apne india culture ko gali apne dharma ko gali apni sabhayata ka uphas udaya jaye aur ye dekh kar bhi jawab na du to ghut ghut ke hi jeena hua ye khangress ne yahi kiya ha,abe:HI ghut:HI ghut:HI ke:HI jeene:HI se:HI matlab:HI ha:HI ki:HI apni:HI aankho:HI ke:HI samne:HI apne:HI india:EN culture:EN ko:HI gali:HI apne:HI dharma:HI ko:HI gali:HI apni:HI sabhayata:HI ka:HI uphas:HI udaya:HI jaye:HI aur:HI ye:HI dekh:HI kar:HI bhi:HI jawab:HI na:HI du:EN to:EN ghut:HI ghut:HI ke:HI hi:HI jeena:HI hua:HI ye:HI khangress:HI ne:HI yahi:HI kiya:HI ha:HI,khangress,khangress ne yahi kiya ha,0.08,0.75
297,aap pok se return ho gaye sir kal apne quetta mein bomb blast ki location achhi select ki thi,aap:HI pok:EN se:HI return:EN ho:HI gaye:HI sir:EN kal:HI apne:HI quetta:HI mein:HI bomb:EN blast:EN ki:HI location:EN achhi:HI select:EN ki:HI thi:HI,location,bomb blast ki location achhi select ki thi,0.1,0.8
345,tum jaise log pichle 1000 varsho islamic terrorism nhi bol paye jo hindu apne equal rights ke liye bol rahe hain tum unhen saffron terrorist bol rahi ho wah wah wah hail secularism,tum:HI jaise:HI log:HI pichle:HI 1000:EN varsho:HI islamic:EN terrorism:EN nhi:HI bol:HI paye:HI jo:HI hindu:EN apne:HI equal:EN rights:EN ke:HI liye:HI bol:HI rahe:HI hain:HI tum:HI unhen:HI saffron:EN terrorist:EN bol:HI rahi:HI ho:HI wah:HI wah:HI wah:HI hail:EN secularism:EN,tum,pichle 1000 varsho islamic terrorism nhi bol paye,0.19,0.693
439,ksaurav ye baat ap us din clear karte toh jyada achha hota nhi mein apne mann se mail ki u should hv helped others in time waise ye log mail padhte bhi hein 1 year much time no update even we all are demotivated patience ki bhi hadd he koi aur tarika nhi cbi y kwan paid rheac jaya,ksaurav:HI ye:HI baat:HI ap:HI us:HI din:HI clear:EN karte:HI toh:HI jyada:HI achha:HI hota:HI nhi:HI mein:HI apne:HI mann:HI se:HI mail:EN ki:HI u:EN should:EN hv:EN helped:EN others:EN in:EN time:EN waise:HI ye:HI log:HI mail:EN padhte:HI bhi:HI hein:HI 1:EN year:EN much:EN time:EN no:EN update:EN even:EN we:EN all:EN are:EN demotivated:EN patience:EN ki:HI bhi:HI hadd:HI he:HI koi:HI aur:HI tarika:HI nhi:HI cbi:EN y:EN kwan:EN paid:EN rheac:HI jaya:HI,mail,1 year much time no update even we all are demotivated patience ki bhi hadd he,0.334,0.644
351,sirji apne dost ko puchiye na kyun pareshan kar rahe hain pakistan main shanti se reh rahe hinduon ko mandir bhi tod diya unka ab kya hinduon ko bhi bhaga denge desh se apne aapke to param mitra hain wo aapka baat to jarur manenge peace4hindus,sirji:HI apne:HI dost:HI ko:HI puchiye:HI na:HI kyun:HI pareshan:HI kar:HI rahe:HI hain:HI pakistan:EN main:HI shanti:HI se:HI reh:HI rahe:HI hinduon:HI ko:HI mandir:HI bhi:HI tod:EN diya:HI unka:HI ab:HI kya:HI hinduon:HI ko:HI bhi:HI bhaga:HI denge:HI desh:HI se:HI apne:HI aapke:HI to:EN param:HI mitra:HI hain:HI wo:HI aapka:HI baat:HI to:HI jarur:HI manenge:HI peace4hindus:HI,dost,kyun pareshan kar rahe hain,0.15,0.75
